{"arquitecture": "C", "trainable_params": 18625, "non_trainable_params": 0, "train_metrics": {"mse": 1392.1186814690734, "mae": 29.43789250066601, "r2_score": -0.25213828008679084, "kendalltau": 0.21757921105784342, "pearsonr": 0.360176117066153, "spearmanr": 0.3250080066404153}, "test_metrics": {"mse": 1429.840519821764, "mae": 29.230134097593172, "r2": -0.2515807156616259, "kendalltau": 0.22325735900346913, "pearsonr": 0.34786032277550843, "spearmanr": 0.3293757785413045}, "total_time": 8.3006, "epochs": 10}