{"arquitecture": "D", "trainable_params": 18625, "non_trainable_params": 0, "train_metrics": {"mse": 1117.1530310281648, "mae": 29.132553173629447, "r2_score": -0.00482099226568522, "kendalltau": 0.02890301595858885, "pearsonr": 0.015900600850587428, "spearmanr": 0.04301350627170294}, "test_metrics": {"mse": 1147.320735261945, "mae": 29.97899768607957, "r2": -0.004282986127408961, "kendalltau": 0.028920997953642488, "pearsonr": 0.02392454030221466, "spearmanr": 0.04239762282871695}, "total_time": 6.7452, "epochs": 10}