{"arquitecture": "A", "trainable_params": 132881, "non_trainable_params": 0, "train_metrics": {"mse": 1193.2701521241768, "mae": 29.147180649468407, "r2_score": -0.07328438002350257, "kendalltau": 0.0551587272661892, "pearsonr": 0.08093730728225682, "spearmanr": 0.07564112546538646}, "test_metrics": {"mse": 1222.1189845963038, "mae": 29.945805626256124, "r2": -0.06975605472096325, "kendalltau": 0.018946744807423803, "pearsonr": 0.03625034161133699, "spearmanr": 0.025849227820677834}, "total_time": 4.9808, "epochs": 10}