{"arquitecture": "B", "trainable_params": 67345, "non_trainable_params": 0, "train_metrics": {"mse": 1186.1071366317306, "mae": 29.12862019518336, "r2_score": -0.06684162049564235, "kendalltau": 0.053948827797484854, "pearsonr": 0.0720882127033258, "spearmanr": 0.07923054367318008}, "test_metrics": {"mse": 1215.036818198894, "mae": 29.92960838334901, "r2": -0.06355682986670486, "kendalltau": 0.018839176622528885, "pearsonr": 0.01528244864086378, "spearmanr": 0.028653496334811856}, "total_time": 3.0808, "epochs": 10}