{"arquitecture": "B", "trainable_params": 91921, "non_trainable_params": 0, "train_metrics": {"mse": 1193.1340676500672, "mae": 29.14610543440494, "r2_score": -0.07316197912361777, "kendalltau": -0.03281462015515417, "pearsonr": 0.013769588888944456, "spearmanr": -0.040023093921435174}, "test_metrics": {"mse": 1221.9992538854947, "mae": 29.94544667005539, "r2": -0.06965125097072411, "kendalltau": -0.020630578304673988, "pearsonr": -0.031619521080357996, "spearmanr": -0.025142421590508043}, "total_time": 3.0689, "epochs": 10}