{"arquitecture": "B", "trainable_params": 91921, "non_trainable_params": 0, "train_metrics": {"mse": 1216.0134365233118, "mae": 29.22207593758064, "r2_score": -0.09374078032193522, "kendalltau": -0.08948238761697291, "pearsonr": 0.01363633349961908, "spearmanr": -0.1094083839519992}, "test_metrics": {"mse": 1244.6295675857843, "mae": 30.009675064257213, "r2": -0.08946021835135642, "kendalltau": -0.04656138211751681, "pearsonr": -0.0829437307749642, "spearmanr": -0.0567719134444531}, "total_time": 3.2155, "epochs": 10}