{"arquitecture": "A", "trainable_params": 91921, "non_trainable_params": 0, "train_metrics": {"mse": 1200.298641015719, "mae": 29.16992212334793, "r2_score": -0.07960613987732312, "kendalltau": 0.01423570193684329, "pearsonr": 0.01376715665505679, "spearmanr": 0.017346097732482232}, "test_metrics": {"mse": null, "mae": null, "r2_score": null, "kendalltau": null, "pearsonr": null, "spearmanr": null}, "total_time": 4.6215, "epochs": 10}