{"arquitecture": "C", "trainable_params": 18625, "non_trainable_params": 0, "train_metrics": {"mse": 1702.3917922032158, "mae": 32.0944229261107, "r2_score": -0.5312127903303046, "kendalltau": 0.2186602320774919, "pearsonr": 0.36167449497001813, "spearmanr": 0.3244413458200907}, "test_metrics": {"mse": 1722.4276705669986, "mae": 31.927694213177478, "r2": -0.5076907016681524, "kendalltau": 0.22260559320990175, "pearsonr": 0.3624418525226972, "spearmanr": 0.3319470149306104}, "total_time": 5.3879, "epochs": 10}