{"arquitecture": "D", "trainable_params": 19649, "non_trainable_params": 0, "train_metrics": {"mse": 1081.541255966017, "mae": 28.706712811343575, "r2_score": 0.02720994544869093, "kendalltau": 0.1670740026188347, "pearsonr": 0.2371363166166528, "spearmanr": 0.24842505278273405}, "test_metrics": {"mse": 1103.9806485640813, "mae": 29.360952036721365, "r2": 0.03365384387158332, "kendalltau": 0.2107986051802778, "pearsonr": 0.28965485135371294, "spearmanr": 0.3123122932869537}, "total_time": 5.7155, "epochs": 10}