{"arquitecture": "D", "trainable_params": 18625, "non_trainable_params": 0, "train_metrics": {"mse": 1101.0701527598103, "mae": 28.405338963005974, "r2_score": 0.009644719459791617, "kendalltau": 0.23645750489096964, "pearsonr": 0.34660999608845017, "spearmanr": 0.3440140094067535}, "test_metrics": {"mse": 1131.704404707134, "mae": 29.118603506258555, "r2": 0.009386439169221439, "kendalltau": 0.2522108009869419, "pearsonr": 0.3496212644982371, "spearmanr": 0.3709675045697134}, "total_time": 4.9736, "epochs": 10}