{"arquitecture": "D", "trainable_params": 18625, "non_trainable_params": 0, "train_metrics": {"mse": 1135.5360277806979, "mae": 29.01671875898435, "r2_score": -0.021355540823188468, "kendalltau": 0.09914722733344829, "pearsonr": 0.15073415811187482, "spearmanr": 0.14678626093545838}, "test_metrics": {"mse": 1165.9315196267273, "mae": 29.858660966157913, "r2": -0.020573543354869495, "kendalltau": 0.07280251149910552, "pearsonr": 0.11231332481962358, "spearmanr": 0.10869747355925517}, "total_time": 4.2242, "epochs": 10}