{"arquitecture": "B", "trainable_params": 132881, "non_trainable_params": 0, "train_metrics": {"mse": 1195.7417078792594, "mae": 29.155440489831527, "r2_score": -0.07550741575565834, "kendalltau": 0.14694684907504424, "pearsonr": 0.20835716413931574, "spearmanr": 0.20917898652954042}, "test_metrics": {"mse": 1224.5634211227148, "mae": 29.95308221238, "r2": -0.07189574063327475, "kendalltau": 0.19924640097762036, "pearsonr": 0.26194513641900585, "spearmanr": 0.28076257143623307}, "total_time": 3.2247, "epochs": 10}