{"arquitecture": "A", "trainable_params": 67345, "non_trainable_params": 0, "train_metrics": {"mse": 1280.8277028807095, "mae": 29.47825003332245, "r2_score": -0.15203783867057852, "kendalltau": -0.0008773237349671601, "pearsonr": -0.035246109064318215, "spearmanr": -0.0010339457395457073}, "test_metrics": {"mse": 1308.868112271134, "mae": 30.209642699786595, "r2": -0.14569007239156329, "kendalltau": -0.017191000378144528, "pearsonr": -0.021879403871363425, "spearmanr": -0.020937271191496788}, "total_time": 4.5058, "epochs": 10}