{"arquitecture": "A", "trainable_params": 67345, "non_trainable_params": 0, "train_metrics": {"mse": 1177.4091017125254, "mae": 29.105960614034124, "r2_score": -0.05901819090674065, "kendalltau": 0.21367621252355692, "pearsonr": 0.31868501358412393, "spearmanr": 0.2958623237857155}, "test_metrics": {"mse": 1206.4421344244126, "mae": 29.909866899251938, "r2": -0.05603365485506662, "kendalltau": 0.2374472602967792, "pearsonr": 0.3279147068540281, "spearmanr": 0.32709710913840345}, "total_time": 4.6241, "epochs": 10}