{"arquitecture": "C", "trainable_params": 19649, "non_trainable_params": 0, "train_metrics": {"mse": 1118.803613143884, "mae": 28.788369306141593, "r2_score": -0.0063056049492371535, "kendalltau": 0.12906229436427083, "pearsonr": 0.17716882675697632, "spearmanr": 0.1918588924867418}, "test_metrics": {"mse": 1139.8338085282135, "mae": 29.39482877935682, "r2": 0.002270537142919027, "kendalltau": 0.1869790722169048, "pearsonr": 0.23342148962044992, "spearmanr": 0.27526072636555166}, "total_time": 5.4299, "epochs": 10}