{"arquitecture": "A", "trainable_params": 91921, "non_trainable_params": 0, "train_metrics": {"mse": 1221.6687286698887, "mae": 29.239759732799246, "r2_score": -0.09882742119247534, "kendalltau": -0.06709483610985749, "pearsonr": 0.013757125117280968, "spearmanr": -0.08211751110981247}, "test_metrics": {"mse": 1250.2703476334204, "mae": 30.025034265858785, "r2": -0.09439775609143264, "kendalltau": -0.05105420667359457, "pearsonr": -0.060419119877498775, "spearmanr": -0.06214282632634766}, "total_time": 4.6432, "epochs": 10}