{"arquitecture": "A", "trainable_params": 132881, "non_trainable_params": 0, "train_metrics": {"mse": 1188.8782765153219, "mae": 29.135559567770585, "r2_score": -0.06933411655500032, "kendalltau": 0.1314638411027421, "pearsonr": 0.187233064785211, "spearmanr": 0.1776033192568727}, "test_metrics": {"mse": 1217.7761297270827, "mae": 29.93565055302211, "r2": -0.0659546283871284, "kendalltau": 0.19849980443313506, "pearsonr": 0.25747453919723007, "spearmanr": 0.26495690962780805}, "total_time": 4.8758, "epochs": 10}