{"arquitecture": "A", "trainable_params": 91921, "non_trainable_params": 0, "train_metrics": {"mse": 1200.023882585129, "mae": 29.167302520152997, "r2_score": -0.0793590089729701, "kendalltau": -0.09107125363190985, "pearsonr": 0.013753824412869127, "spearmanr": -0.11154110210920652}, "test_metrics": {"mse": 1228.8412813766279, "mae": 29.965565281254904, "r2": -0.07564027530260997, "kendalltau": -0.09108855181599033, "pearsonr": 0.021421201201537718, "spearmanr": -0.11135498043717444}, "total_time": 4.8653, "epochs": 10}