{"arquitecture": "A", "trainable_params": 67345, "non_trainable_params": 0, "train_metrics": {"mse": 1187.1044499461996, "mae": 29.13113378850737, "r2_score": -0.06773865190173578, "kendalltau": 0.09949372499207262, "pearsonr": 0.12258726168471014, "spearmanr": 0.12573390402117418}, "test_metrics": {"mse": 1216.0225417689715, "mae": 29.931795801435197, "r2": -0.06441966218553996, "kendalltau": 0.12326146033528533, "pearsonr": 0.15553817159416966, "spearmanr": 0.1550166993859871}, "total_time": 4.6462, "epochs": 10}