{"arquitecture": "D", "trainable_params": 18625, "non_trainable_params": 0, "train_metrics": {"mse": 1186.5578960920857, "mae": 27.677775200386833, "r2_score": -0.06724705516363105, "kendalltau": 0.23049616810080437, "pearsonr": 0.36544276900607636, "spearmanr": 0.3399957599379163}, "test_metrics": {"mse": 1232.9145866808628, "mae": 27.622518125389302, "r2": -0.07920575711481814, "kendalltau": 0.22628054956901617, "pearsonr": 0.33704855966649955, "spearmanr": 0.3340194097382591}, "total_time": 5.9248, "epochs": 10}