{"arquitecture": "D", "trainable_params": 18625, "non_trainable_params": 0, "train_metrics": {"mse": 1238.834893825872, "mae": 28.33802592897027, "r2_score": -0.11426749307730644, "kendalltau": 0.21727283334343775, "pearsonr": 0.34480853227562464, "spearmanr": 0.32295673780824724}, "test_metrics": {"mse": 1276.0093686625537, "mae": 28.655268862843513, "r2": -0.11692786480879369, "kendalltau": 0.21572695729625246, "pearsonr": 0.3269980371539423, "spearmanr": 0.32205009805252344}, "total_time": 6.8796, "epochs": 10}