{"arquitecture": "A", "trainable_params": 67345, "non_trainable_params": 0, "train_metrics": {"mse": 1237.5680470495693, "mae": 29.30083175958658, "r2_score": -0.11312803035424368, "kendalltau": -0.01194356354937863, "pearsonr": -0.01511163121746695, "spearmanr": -0.014553208213386288}, "test_metrics": {"mse": null, "mae": null, "r2_score": null, "kendalltau": null, "pearsonr": null, "spearmanr": null}, "total_time": 4.3871, "epochs": 10}