{"arquitecture": "A", "trainable_params": 91921, "non_trainable_params": 0, "train_metrics": {"mse": 1183.2709270969822, "mae": 29.109316596236166, "r2_score": -0.06429059767260425, "kendalltau": -0.0013530080688210315, "pearsonr": 0.08856598754506388, "spearmanr": -0.0011245139419426013}, "test_metrics": {"mse": 1212.517968339309, "mae": 29.91383516362735, "r2": -0.06135200781403505, "kendalltau": -0.011140091523701602, "pearsonr": 0.07361828135893995, "spearmanr": -0.012988298417356584}, "total_time": 4.6479, "epochs": 10}