{"arquitecture": "C", "trainable_params": 18625, "non_trainable_params": 0, "train_metrics": {"mse": 1109.3176339896272, "mae": 26.894867638185755, "r2_score": 0.0022265394586058473, "kendalltau": 0.21965831030790905, "pearsonr": 0.34363128903218754, "spearmanr": 0.3268276704752531}, "test_metrics": {"mse": 1139.5817005668787, "mae": 27.17632477517639, "r2": 0.002491214524974694, "kendalltau": 0.22057007850076066, "pearsonr": 0.3307309565503593, "spearmanr": 0.329585817541046}, "total_time": 4.9993, "epochs": 10}