{"arquitecture": "D", "trainable_params": 20161, "non_trainable_params": 0, "train_metrics": {"mse": 1251.322499685221, "mae": 29.327147217673396, "r2_score": -0.1254994444412707, "kendalltau": 0.07417020689030673, "pearsonr": 0.08902852338341255, "spearmanr": 0.11010726447473834}, "test_metrics": {"mse": 1275.7901188220862, "mae": 30.00134480851037, "r2": -0.11673594908921725, "kendalltau": 0.10111670147702576, "pearsonr": 0.11795712311128578, "spearmanr": 0.1522547104058713}, "total_time": 7.2858, "epochs": 10}