{"arquitecture": "D", "trainable_params": 19649, "non_trainable_params": 0, "train_metrics": {"mse": 1161.022945692533, "mae": 28.95731034924848, "r2_score": -0.04427969663234799, "kendalltau": 0.056643052104267566, "pearsonr": 0.09668653394595725, "spearmanr": 0.0845897142208031}, "test_metrics": {"mse": 1194.669795633406, "mae": 29.803991309234075, "r2": -0.0457289866037458, "kendalltau": 0.016151257722901737, "pearsonr": 0.051558623884446306, "spearmanr": 0.023747044846984124}, "total_time": 4.2695, "epochs": 10}