{"arquitecture": "B", "trainable_params": 91921, "non_trainable_params": 0, "train_metrics": {"mse": 1207.832308758919, "mae": 29.194020818671067, "r2_score": -0.08638228180852758, "kendalltau": -0.1533551596251762, "pearsonr": 0.012883217834383459, "spearmanr": -0.18977774821003493}, "test_metrics": {"mse": 1236.5314396062313, "mae": 29.987257650920323, "r2": -0.08237169297271363, "kendalltau": -0.1394600833891874, "pearsonr": -0.0803034907425943, "spearmanr": -0.17198284318813742}, "total_time": 3.0706, "epochs": 10}