{"arquitecture": "D", "trainable_params": 18945, "non_trainable_params": 0, "train_metrics": {"mse": 961.8409254425499, "mae": 26.34870572270475, "r2_score": 0.1348741611384826, "kendalltau": 0.2516490564021534, "pearsonr": 0.38117376360397504, "spearmanr": 0.36828358273024914}, "test_metrics": {"mse": 998.9741223029183, "mae": 26.97715980878898, "r2": 0.1255690899883114, "kendalltau": 0.24759830460169605, "pearsonr": 0.36594997597304973, "spearmanr": 0.36394841144967216}, "total_time": 5.096, "epochs": 10}