{"arquitecture": "A", "trainable_params": 67345, "non_trainable_params": 0, "train_metrics": {"mse": 1275.5049473778292, "mae": 29.45571132639825, "r2_score": -0.14725029719913918, "kendalltau": -0.031830469257628516, "pearsonr": -0.042265513456412995, "spearmanr": -0.03878536290453773}, "test_metrics": {"mse": 1303.5464374597348, "mae": 30.19179967897279, "r2": -0.14103185668384244, "kendalltau": -0.034188564332398856, "pearsonr": -0.007046068388345211, "spearmanr": -0.04166332516861875}, "total_time": 4.5372, "epochs": 10}