{"arquitecture": "D", "trainable_params": 18945, "non_trainable_params": 0, "train_metrics": {"mse": 1263.0407556994585, "mae": 28.515241088794145, "r2_score": -0.1360394056720189, "kendalltau": 0.2864254124660451, "pearsonr": 0.4275041505157089, "spearmanr": 0.41768735072864216}, "test_metrics": {"mse": 1307.7512070134176, "mae": 28.748971946537495, "r2": -0.1447124129516466, "kendalltau": 0.26150598391981783, "pearsonr": 0.3823422529290751, "spearmanr": 0.38377715577472954}, "total_time": 8.4627, "epochs": 10}