{"arquitecture": "C", "trainable_params": 18945, "non_trainable_params": 0, "train_metrics": {"mse": 1080.3455772658353, "mae": 27.064133240538617, "r2_score": 0.028285396192302747, "kendalltau": 0.2866646298963974, "pearsonr": 0.42767359952316225, "spearmanr": 0.4181264163440897}, "test_metrics": {"mse": 1140.6215976692326, "mae": 27.679935107273714, "r2": 0.0015809625482431366, "kendalltau": 0.25257177896491767, "pearsonr": 0.37219327599831786, "spearmanr": 0.371222314184317}, "total_time": 8.413, "epochs": 10}