{"arquitecture": "B", "trainable_params": 91921, "non_trainable_params": 0, "train_metrics": {"mse": 1192.7401801853964, "mae": 29.14516771096485, "r2_score": -0.0728076978549832, "kendalltau": -0.03523866016496924, "pearsonr": 0.013763998542652018, "spearmanr": -0.04299636549452288}, "test_metrics": {"mse": 1221.6005258862447, "mae": 29.94424785886492, "r2": -0.06930223283356995, "kendalltau": -0.0032659020300939267, "pearsonr": -0.004371462513815472, "spearmanr": -0.0039776089223911}, "total_time": 3.0698, "epochs": 10}