{"arquitecture": "B", "trainable_params": 165649, "non_trainable_params": 0, "train_metrics": {"mse": 1185.1711992911755, "mae": 29.12624978357208, "r2_score": -0.06599979358284291, "kendalltau": 0.04216263140092056, "pearsonr": 0.06947944655508341, "spearmanr": 0.058581619341633126}, "test_metrics": {"mse": 1214.1115539031762, "mae": 29.927540702479227, "r2": -0.06274691929740928, "kendalltau": 0.06902714965306965, "pearsonr": 0.11441046259756142, "spearmanr": 0.09907172782034807}, "total_time": 3.1937, "epochs": 10}