{"arquitecture": "D", "trainable_params": 18945, "non_trainable_params": 0, "train_metrics": {"mse": 932.787447424438, "mae": 26.13193477541137, "r2_score": 0.1610062520876162, "kendalltau": 0.27769759073813804, "pearsonr": 0.4124770257815567, "spearmanr": 0.40472420939197057}, "test_metrics": {"mse": 978.6973156552178, "mae": 27.000550776720047, "r2": 0.14331796465205693, "kendalltau": 0.2576756064868528, "pearsonr": 0.38589278954515893, "spearmanr": 0.37703044016847204}, "total_time": 4.3972, "epochs": 10}