{"arquitecture": "C", "trainable_params": 18945, "non_trainable_params": 0, "train_metrics": {"mse": 1184.5450837144429, "mae": 27.804690904284048, "r2_score": -0.06543663521723708, "kendalltau": 0.2724537620834108, "pearsonr": 0.4107587969327124, "spearmanr": 0.39747548772241986}, "test_metrics": {"mse": 1228.8056034365127, "mae": 28.06758579824652, "r2": -0.07560904537087731, "kendalltau": 0.2494583439048767, "pearsonr": 0.3787274723851039, "spearmanr": 0.36573615790797503}, "total_time": 5.945, "epochs": 10}