{"arquitecture": "A", "trainable_params": 91921, "non_trainable_params": 0, "train_metrics": {"mse": 1215.2385046051595, "mae": 29.218362228444686, "r2_score": -0.093043769404622, "kendalltau": -0.11435841620064235, "pearsonr": 0.013683916300130348, "spearmanr": -0.1403931601135218}, "test_metrics": {"mse": 1243.8802493424544, "mae": 30.007604271173477, "r2": -0.08880431844486747, "kendalltau": -0.12201053362291772, "pearsonr": -0.061385792179037876, "spearmanr": -0.14953474763625083}, "total_time": 4.6799, "epochs": 10}