{"arquitecture": "A", "trainable_params": 67345, "non_trainable_params": 0, "train_metrics": {"mse": 1201.143169007557, "mae": 29.173082418336772, "r2_score": -0.08036574883973513, "kendalltau": 0.0547115432348202, "pearsonr": 0.06106890873225928, "spearmanr": 0.07731511820145247}, "test_metrics": {"mse": 1229.9072475096932, "mae": 29.968630309615815, "r2": -0.07657334625506795, "kendalltau": 0.0215920826304129, "pearsonr": 0.011891100715669262, "spearmanr": 0.029690174994538802}, "total_time": 4.7686, "epochs": 10}