{"arquitecture": "D", "trainable_params": 25793, "non_trainable_params": 0, "train_metrics": {"mse": 1114.17901500025, "mae": 28.96455596587828, "r2_score": -0.002146019676269262, "kendalltau": 0.1275872648302996, "pearsonr": 0.18692940150389453, "spearmanr": 0.18973650340870335}, "test_metrics": {"mse": 1143.181734586067, "mae": 29.789431576217925, "r2": -0.0006599992584364056, "kendalltau": 0.14672501408957964, "pearsonr": 0.2031137256272564, "spearmanr": 0.2165602189324843}, "total_time": 6.504, "epochs": 10}