{"arquitecture": "C", "trainable_params": 18945, "non_trainable_params": 0, "train_metrics": {"mse": 1136.0239041216294, "mae": 27.854051605487566, "r2_score": -0.02179436019294534, "kendalltau": 0.2241233971281963, "pearsonr": 0.33786253471601657, "spearmanr": 0.3316728444773444}, "test_metrics": {"mse": 1183.8302731335611, "mae": 28.672160640358925, "r2": -0.036240839401513014, "kendalltau": 0.19585812775850311, "pearsonr": 0.29465236693711544, "spearmanr": 0.28828990123382675}, "total_time": 7.0437, "epochs": 10}