{"arquitecture": "D", "trainable_params": 18945, "non_trainable_params": 0, "train_metrics": {"mse": 1028.1943156194952, "mae": 26.825965573651875, "r2_score": 0.0751927410411588, "kendalltau": 0.24763266592211589, "pearsonr": 0.37717935393726476, "spearmanr": 0.3644305566017352}, "test_metrics": {"mse": 1070.4295030207263, "mae": 27.29764921856778, "r2": 0.06302213087162878, "kendalltau": 0.2458886727893386, "pearsonr": 0.35256807261276574, "spearmanr": 0.361721684399511}, "total_time": 7.0053, "epochs": 10}