{"arquitecture": "B", "trainable_params": 91921, "non_trainable_params": 0, "train_metrics": {"mse": 1203.918297647545, "mae": 29.18186750179161, "r2_score": -0.08286183257781632, "kendalltau": 0.008622597624800781, "pearsonr": 0.01376692288009743, "spearmanr": 0.010506617899689102}, "test_metrics": {"mse": null, "mae": null, "r2_score": null, "kendalltau": null, "pearsonr": null, "spearmanr": null}, "total_time": 2.9592, "epochs": 10}