{"arquitecture": "C", "trainable_params": 19649, "non_trainable_params": 0, "train_metrics": {"mse": 1195.7211036034714, "mae": 28.96152272459535, "r2_score": -0.0754888832822489, "kendalltau": 0.16462945599910195, "pearsonr": 0.22942500705974092, "spearmanr": 0.24483850215486994}, "test_metrics": {"mse": 1219.6462568460581, "mae": 29.622338197060994, "r2": -0.06759160468308445, "kendalltau": 0.214232909554075, "pearsonr": 0.2887328022210716, "spearmanr": 0.3161152012403342}, "total_time": 5.2814, "epochs": 10}