{"arquitecture": "B", "trainable_params": 67345, "non_trainable_params": 0, "train_metrics": {"mse": 1178.9273512640827, "mae": 29.110021898882305, "r2_score": -0.06038377733808087, "kendalltau": -0.042473444161769944, "pearsonr": -0.07261273204859409, "spearmanr": -0.05881695718672371}, "test_metrics": {"mse": 1207.9418840677633, "mae": 29.913405793053762, "r2": -0.057346429046255754, "kendalltau": -0.0717397689277185, "pearsonr": -0.11568416872219385, "spearmanr": -0.09997354122753403}, "total_time": 3.1018, "epochs": 10}