{"arquitecture": "C", "trainable_params": 18625, "non_trainable_params": 0, "train_metrics": {"mse": 1288.8926247353618, "mae": 28.390380256309527, "r2_score": -0.15929181601787068, "kendalltau": 0.197644372459364, "pearsonr": 0.3521721305771482, "spearmanr": 0.29629200813347295}, "test_metrics": {"mse": 1329.0339364850681, "mae": 28.321339571050235, "r2": -0.16334180092470652, "kendalltau": 0.2045968029753331, "pearsonr": 0.33703626373213613, "spearmanr": 0.30489169108650577}, "total_time": 6.3678, "epochs": 10}