{"arquitecture": "B", "trainable_params": 18193, "non_trainable_params": 0, "train_metrics": {"mse": 1189.3820628761812, "mae": 29.136804707601573, "r2_score": -0.06978724615940424, "kendalltau": -0.050898337025315495, "pearsonr": -0.02011806752856672, "spearmanr": -0.07701644160909588}, "test_metrics": {"mse": 1218.2724359126291, "mae": 29.93675266419138, "r2": -0.06638905952982044, "kendalltau": -0.03815159630052419, "pearsonr": -0.03668597799264418, "spearmanr": -0.058221604752494355}, "total_time": 3.0187, "epochs": 10}