{"arquitecture": "B", "trainable_params": 526097, "non_trainable_params": 0, "train_metrics": {"mse": 1201.2469329811447, "mae": 29.17341651021721, "r2_score": -0.08045907913201034, "kendalltau": 0.012140586309850203, "pearsonr": 0.02021430917362195, "spearmanr": 0.01479328005158303}, "test_metrics": {"mse": null, "mae": null, "r2_score": null, "kendalltau": null, "pearsonr": null, "spearmanr": null}, "total_time": 4.696, "epochs": 10}