{"arquitecture": "B", "trainable_params": 132881, "non_trainable_params": 0, "train_metrics": {"mse": 1213.9160060120917, "mae": 29.214529467519245, "r2_score": -0.0918542507696205, "kendalltau": -0.07965478695534833, "pearsonr": -0.1095993939521296, "spearmanr": -0.11318980564384577}, "test_metrics": {"mse": 1242.550124195172, "mae": 30.003907561302185, "r2": -0.08764002147560634, "kendalltau": -0.062495356044876736, "pearsonr": -0.09873430688153734, "spearmanr": -0.09145718879712639}, "total_time": 3.2141, "epochs": 10}