{"arquitecture": "C", "trainable_params": 18625, "non_trainable_params": 0, "train_metrics": {"mse": 1121.2853630210875, "mae": 29.098382824742092, "r2_score": -0.008537809763533577, "kendalltau": 0.04585024123627574, "pearsonr": 0.03986018477314609, "spearmanr": 0.06821579519950419}, "test_metrics": {"mse": 1151.2219085820295, "mae": 29.94539916941098, "r2": -0.007697795840928778, "kendalltau": 0.06120346745076688, "pearsonr": 0.06444869403121502, "spearmanr": 0.0900775560814106}, "total_time": 4.7573, "epochs": 10}