{"arquitecture": "C", "trainable_params": 18625, "non_trainable_params": 0, "train_metrics": {"mse": 1203.3393429772095, "mae": 29.146463431599837, "r2_score": -0.08234109299231118, "kendalltau": 0.10239262378595827, "pearsonr": 0.15309041813033444, "spearmanr": 0.15237788182510184}, "test_metrics": {"mse": 1232.7018647967525, "mae": 29.95474068607603, "r2": -0.0790195555040365, "kendalltau": 0.07506605909535999, "pearsonr": 0.1128459359062437, "spearmanr": 0.11058014546251192}, "total_time": 4.8919, "epochs": 10}