{"arquitecture": "C", "trainable_params": 18625, "non_trainable_params": 0, "train_metrics": {"mse": 1112.9507942160694, "mae": 29.205788874865835, "r2_score": -0.0010412990222457008, "kendalltau": 0.011292386364247908, "pearsonr": 0.0005550006149579811, "spearmanr": 0.01747264509074009}, "test_metrics": {"mse": 1143.433317696381, "mae": 30.046240001916885, "r2": -0.0008802172232302841, "kendalltau": -0.002657255336902269, "pearsonr": -0.02305838865739941, "spearmanr": -0.003740936760801648}, "total_time": 4.5273, "epochs": 10}