{"arquitecture": "A", "trainable_params": 526097, "non_trainable_params": 0, "train_metrics": {"mse": 1201.6243615319643, "mae": 29.174628260034076, "r2_score": -0.08079855646448886, "kendalltau": -0.012140586309850203, "pearsonr": -0.02021430917362195, "spearmanr": -0.01479328005158303}, "test_metrics": {"mse": null, "mae": null, "r2_score": null, "kendalltau": null, "pearsonr": null, "spearmanr": null}, "total_time": 6.3285, "epochs": 10}