{"arquitecture": "D", "trainable_params": 18945, "non_trainable_params": 0, "train_metrics": {"mse": 1135.0696542919263, "mae": 27.42953711802335, "r2_score": -0.02093606214950805, "kendalltau": 0.2864438441969853, "pearsonr": 0.42332837246876964, "spearmanr": 0.41626626564430486}, "test_metrics": {"mse": 1171.7469831256135, "mae": 27.76941036220108, "r2": -0.025663986566499597, "kendalltau": 0.26980346383023296, "pearsonr": 0.3953042968183241, "spearmanr": 0.3933149150558558}, "total_time": 5.0357, "epochs": 10}