{"arquitecture": "D", "trainable_params": 17793, "non_trainable_params": 0, "train_metrics": {"mse": 1009.6135493857066, "mae": 27.32823923822223, "r2_score": 0.09190517295114442, "kendalltau": 0.20662615494657124, "pearsonr": 0.3253018702948796, "spearmanr": 0.30205253280125305}, "test_metrics": {"mse": 1012.9590631060889, "mae": 27.564666558589256, "r2": 0.11332766727279087, "kendalltau": 0.2197227829691231, "pearsonr": 0.36551989071509416, "spearmanr": 0.321968748502284}, "total_time": 3.8604, "epochs": 10}