{"arquitecture": "C", "trainable_params": 18945, "non_trainable_params": 0, "train_metrics": {"mse": 1019.0441158479028, "mae": 26.717916237103875, "r2_score": 0.0834228693750173, "kendalltau": 0.2736098299432558, "pearsonr": 0.4105817665127558, "spearmanr": 0.4003043250910862}, "test_metrics": {"mse": 1068.1428381169505, "mae": 27.293487406202726, "r2": 0.06502371472456259, "kendalltau": 0.2530179878543599, "pearsonr": 0.37283016692164783, "spearmanr": 0.36847990339274356}, "total_time": 5.2406, "epochs": 10}