{"arquitecture": "A", "trainable_params": 91921, "non_trainable_params": 0, "train_metrics": {"mse": 1206.8454371726853, "mae": 29.1902938375295, "r2_score": -0.08549464219338421, "kendalltau": -0.027106408020089037, "pearsonr": 0.013756898443086963, "spearmanr": -0.03306754638895723}, "test_metrics": {"mse": 1235.568738013955, "mae": 29.984590040785925, "r2": -0.08152901245616206, "kendalltau": -0.01798386378583288, "pearsonr": -0.029731844181994743, "spearmanr": -0.021926787699306772}, "total_time": 4.807, "epochs": 10}