{"arquitecture": "C", "trainable_params": 19649, "non_trainable_params": 0, "train_metrics": {"mse": 1069.2946056539906, "mae": 28.572993105481604, "r2_score": 0.0382251698420184, "kendalltau": 0.16881345892254962, "pearsonr": 0.24102615830567717, "spearmanr": 0.251873646058993}, "test_metrics": {"mse": 1093.0996406839126, "mae": 29.213156751223973, "r2": 0.043178304425742886, "kendalltau": 0.20370213242438254, "pearsonr": 0.26923884037979373, "spearmanr": 0.3014603671468171}, "total_time": 5.6915, "epochs": 10}