{"arquitecture": "B", "trainable_params": 132881, "non_trainable_params": 0, "train_metrics": {"mse": 1200.6402951064379, "mae": 29.171406467888787, "r2_score": -0.0799134399453647, "kendalltau": 0.11027141141877023, "pearsonr": 0.13753094101379168, "spearmanr": 0.15450729363420532}, "test_metrics": {"mse": 1229.4082355412345, "mae": 29.967131167650223, "r2": -0.07613654666242176, "kendalltau": 0.12024280932960701, "pearsonr": 0.15561039770918117, "spearmanr": 0.16841577786125925}, "total_time": 3.2261, "epochs": 10}