{"arquitecture": "B", "trainable_params": 132881, "non_trainable_params": 0, "train_metrics": {"mse": 1185.901822267011, "mae": 29.128101277659532, "r2_score": -0.06665695091327217, "kendalltau": 0.049194780284570146, "pearsonr": 0.07985793398304583, "spearmanr": 0.07146712237712355}, "test_metrics": {"mse": 1214.8338344398803, "mae": 29.92915484734944, "r2": -0.0633791523181586, "kendalltau": 0.01422651311538476, "pearsonr": 0.03411387861081208, "spearmanr": 0.02082331477022244}, "total_time": 3.1537, "epochs": 10}