{"arquitecture": "A", "trainable_params": 132881, "non_trainable_params": 0, "train_metrics": {"mse": 1195.694468644407, "mae": 29.155284353852444, "r2_score": -0.07546492652318992, "kendalltau": 0.13027311923945145, "pearsonr": 0.18419956772183838, "spearmanr": 0.181847010230036}, "test_metrics": {"mse": 1224.5167111659268, "mae": 29.952944964170456, "r2": -0.07185485405862901, "kendalltau": 0.1841323861169644, "pearsonr": 0.25035095446025446, "spearmanr": 0.2562243349135036}, "total_time": 4.7859, "epochs": 10}