{"arquitecture": "D", "trainable_params": 18625, "non_trainable_params": 0, "train_metrics": {"mse": 1324.013642666904, "mae": 28.790234237495593, "r2_score": -0.19088134324215233, "kendalltau": 0.23220939749170508, "pearsonr": 0.3797491794549104, "spearmanr": 0.3440893080045823}, "test_metrics": {"mse": 1365.6378948572626, "mae": 28.774685632969653, "r2": -0.19538230319081262, "kendalltau": 0.22693732894561092, "pearsonr": 0.36723353780201573, "spearmanr": 0.3403764032733889}, "total_time": 6.8443, "epochs": 10}