{"arquitecture": "C", "trainable_params": 18625, "non_trainable_params": 0, "train_metrics": {"mse": 1867.700841131677, "mae": 33.68753588467822, "r2_score": -0.6798996738290839, "kendalltau": 0.216006984408636, "pearsonr": 0.36501904827276327, "spearmanr": 0.323318126361855}, "test_metrics": {"mse": 1902.715515896368, "mae": 33.545323172318085, "r2": -0.6655018612725483, "kendalltau": 0.22997556026024027, "pearsonr": 0.3695866073711205, "spearmanr": 0.3439633828933047}, "total_time": 4.1235, "epochs": 10}