{"arquitecture": "D", "trainable_params": 18625, "non_trainable_params": 0, "train_metrics": {"mse": 1268.2811083657934, "mae": 28.243963666142545, "r2_score": -0.1407528300818892, "kendalltau": 0.22708865390609148, "pearsonr": 0.3652479962297839, "spearmanr": 0.3364463291648387}, "test_metrics": {"mse": 1309.3171889741332, "mae": 28.095516202705248, "r2": -0.1460831622037031, "kendalltau": 0.21908104434161063, "pearsonr": 0.3459954412964264, "spearmanr": 0.3227911781072531}, "total_time": 5.534, "epochs": 10}