{"arquitecture": "B", "trainable_params": 67345, "non_trainable_params": 0, "train_metrics": {"mse": 1197.417069472289, "mae": 29.160973060867214, "r2_score": -0.07701431628902822, "kendalltau": 0.02232220080828482, "pearsonr": 0.005388921835917379, "spearmanr": 0.03121272586379529}, "test_metrics": {"mse": 1226.2207563393754, "mae": 29.957958919661387, "r2": -0.07334645402949191, "kendalltau": 0.022466979868835703, "pearsonr": 0.017370945483079245, "spearmanr": 0.031017019032557526}, "total_time": 3.0218, "epochs": 10}