{"arquitecture": "A", "trainable_params": 67345, "non_trainable_params": 0, "train_metrics": {"mse": 1284.7620980745626, "mae": 29.498067838487128, "r2_score": -0.15557662232228142, "kendalltau": -0.014872698874686794, "pearsonr": -0.013143133159731353, "spearmanr": -0.01814292840553845}, "test_metrics": {"mse": 1312.746143228145, "mae": 30.222161190850393, "r2": -0.14908462492609265, "kendalltau": 0.02383066778383455, "pearsonr": 0.035946291727057614, "spearmanr": 0.02900654392252274}, "total_time": 4.4196, "epochs": 10}