{"arquitecture": "C", "trainable_params": 19649, "non_trainable_params": 0, "train_metrics": {"mse": 1146.5030111563456, "mae": 29.055810490996716, "r2_score": -0.03121977142688448, "kendalltau": 0.01331330335534318, "pearsonr": 0.04210736758564227, "spearmanr": 0.019501270705786902}, "test_metrics": {"mse": 1176.0296576068583, "mae": 29.868865460157394, "r2": -0.029412735268103285, "kendalltau": 0.017384642505470747, "pearsonr": 0.028688638019601843, "spearmanr": 0.022780506105210072}, "total_time": 5.3235, "epochs": 10}