{"arquitecture": "D", "trainable_params": 18625, "non_trainable_params": 0, "train_metrics": {"mse": 1116.9873355839961, "mae": 29.141051784093555, "r2_score": -0.004671957839783802, "kendalltau": -0.03249411685435037, "pearsonr": -0.05374210098495084, "spearmanr": -0.047127417909521574}, "test_metrics": {"mse": 1147.2211596066504, "mae": 29.992025017738342, "r2": -0.004195824679549487, "kendalltau": -0.03631916539720762, "pearsonr": -0.06854696052533087, "spearmanr": -0.05383648466837166}, "total_time": 4.1948, "epochs": 10}