{"arquitecture": "C", "trainable_params": 18945, "non_trainable_params": 0, "train_metrics": {"mse": 1055.3525387465918, "mae": 27.013639165660077, "r2_score": 0.0507653331992568, "kendalltau": 0.2541062938487793, "pearsonr": 0.39220805414880305, "spearmanr": 0.3734221076725916}, "test_metrics": {"mse": 1114.6746120393084, "mae": 27.778273489858424, "r2": 0.02429310868885648, "kendalltau": 0.2318606674785582, "pearsonr": 0.3409119472519856, "spearmanr": 0.34105162456077437}, "total_time": 5.09, "epochs": 10}