{"arquitecture": "A", "trainable_params": 67345, "non_trainable_params": 0, "train_metrics": {"mse": 1179.1751359425282, "mae": 29.11067963011702, "r2_score": -0.060606646756637295, "kendalltau": -0.08663510291575015, "pearsonr": -0.11151537155359154, "spearmanr": -0.10851377750808235}, "test_metrics": {"mse": 1208.1866415441837, "mae": 29.9139783680439, "r2": -0.05756067233650719, "kendalltau": -0.07603701046032128, "pearsonr": -0.10548261543722819, "spearmanr": -0.09569054759179012}, "total_time": 4.7067, "epochs": 10}