{"arquitecture": "C", "trainable_params": 20161, "non_trainable_params": 0, "train_metrics": {"mse": 1149.2259555468806, "mae": 29.001314978556177, "r2_score": -0.033668918149302174, "kendalltau": 0.07812709246472616, "pearsonr": 0.09391970702594687, "spearmanr": 0.1161436647990862}, "test_metrics": {"mse": 1174.691449507822, "mae": 29.729698781456268, "r2": -0.028241363057652125, "kendalltau": 0.10268068719350892, "pearsonr": 0.12392642662219676, "spearmanr": 0.15521837869187255}, "total_time": 6.1117, "epochs": 10}