{"arquitecture": "C", "trainable_params": 18625, "non_trainable_params": 0, "train_metrics": {"mse": 1340.8816972057334, "mae": 29.043692647697483, "r2_score": -0.20605328014653423, "kendalltau": 0.23148226570611033, "pearsonr": 0.3682022980335349, "spearmanr": 0.34195939896019}, "test_metrics": {"mse": 1389.912788010886, "mae": 28.951624355145864, "r2": -0.21663081847950272, "kendalltau": 0.22396928779336578, "pearsonr": 0.3378574928450696, "spearmanr": 0.3298140500774029}, "total_time": 5.0052, "epochs": 10}