{"arquitecture": "D", "trainable_params": 18625, "non_trainable_params": 0, "train_metrics": {"mse": 1184.7316754327574, "mae": 27.414515552822056, "r2_score": -0.06560446475386983, "kendalltau": 0.22312255413813809, "pearsonr": 0.3566429894760092, "spearmanr": 0.33130268387420536}, "test_metrics": {"mse": 1224.6272219654015, "mae": 27.55361930280924, "r2": -0.07195158735411011, "kendalltau": 0.2116007784646684, "pearsonr": 0.33359800414130236, "spearmanr": 0.31440986374499447}, "total_time": 7.9952, "epochs": 10}