{"arquitecture": "B", "trainable_params": 165649, "non_trainable_params": 0, "train_metrics": {"mse": 1205.495897332355, "mae": 29.186908469923722, "r2_score": -0.08428080136424132, "kendalltau": 0.07831224270936432, "pearsonr": 0.13077455979916056, "spearmanr": 0.11196588534113582}, "test_metrics": {"mse": 1234.2146478093346, "mae": 29.980809875897, "r2": -0.08034373817985285, "kendalltau": 0.07574057614171445, "pearsonr": 0.1197383741686959, "spearmanr": 0.10907479670669408}, "total_time": 3.2573, "epochs": 10}