{"arquitecture": "C", "trainable_params": 17793, "non_trainable_params": 0, "train_metrics": {"mse": 1047.2201128239117, "mae": 27.591914971745602, "r2_score": 0.05808002694146841, "kendalltau": 0.21469740992532782, "pearsonr": 0.32813800614929955, "spearmanr": 0.3124085848754664}, "test_metrics": {"mse": 1053.3205664917714, "mae": 27.91195937352521, "r2": 0.077998077299408, "kendalltau": 0.22211704584783212, "pearsonr": 0.3731907482070387, "spearmanr": 0.3231420452704332}, "total_time": 4.1646, "epochs": 10}