{"arquitecture": "A", "trainable_params": 91921, "non_trainable_params": 0, "train_metrics": {"mse": 1211.7169190227853, "mae": 29.206402964429916, "r2_score": -0.08987628650751778, "kendalltau": -0.014355785291608183, "pearsonr": 0.013635360801068593, "spearmanr": -0.01749357569880159}, "test_metrics": {"mse": 1240.3730125674322, "mae": 29.997802168130875, "r2": -0.08573433277022424, "kendalltau": -0.028859501615383885, "pearsonr": -0.037774348324418255, "spearmanr": -0.0351254203311714}, "total_time": 4.522, "epochs": 10}