{"arquitecture": "D", "trainable_params": 18625, "non_trainable_params": 0, "train_metrics": {"mse": 1247.4874443027247, "mae": 28.330320511211216, "r2_score": -0.12205001177823882, "kendalltau": 0.2309431375761066, "pearsonr": 0.3707685478091182, "spearmanr": 0.34178916652354646}, "test_metrics": {"mse": 1300.421618215852, "mae": 28.514283699648722, "r2": -0.1382966121224003, "kendalltau": 0.2201038152792086, "pearsonr": 0.3393456836150668, "spearmanr": 0.32463584088849323}, "total_time": 7.3135, "epochs": 10}