{"arquitecture": "C", "trainable_params": 19649, "non_trainable_params": 0, "train_metrics": {"mse": 1102.0079076280301, "mae": 29.19550555947296, "r2_score": 0.008801257775478577, "kendalltau": 0.06420416997088753, "pearsonr": 0.10515720452182033, "spearmanr": 0.09596335539954329}, "test_metrics": {"mse": 1140.8408084804953, "mae": 30.060612772192275, "r2": 0.0013890809920574787, "kendalltau": 0.01873826656506138, "pearsonr": 0.05206282923445575, "spearmanr": 0.027449075020314878}, "total_time": 4.5814, "epochs": 10}