{"arquitecture": "B", "trainable_params": 91921, "non_trainable_params": 0, "train_metrics": {"mse": 1188.0067335158492, "mae": 29.1333693983225, "r2_score": -0.06855020899962594, "kendalltau": 0.008622597624800781, "pearsonr": 0.013766922880098328, "spearmanr": 0.010506617899689102}, "test_metrics": {"mse": null, "mae": null, "r2_score": null, "kendalltau": null, "pearsonr": null, "spearmanr": null}, "total_time": 2.9173, "epochs": 10}