{"arquitecture": "D", "trainable_params": 18625, "non_trainable_params": 0, "train_metrics": {"mse": 1630.51918096713, "mae": 31.543703135832352, "r2_score": -0.46656711822170993, "kendalltau": 0.19868023573820873, "pearsonr": 0.35124233266726035, "spearmanr": 0.2982527714432782}, "test_metrics": {"mse": 1668.6680998231736, "mae": 31.40216381315674, "r2": -0.46063339626068966, "kendalltau": 0.20883328063352088, "pearsonr": 0.33745698070769903, "spearmanr": 0.3108280894285394}, "total_time": 8.6403, "epochs": 10}