{"arquitecture": "B", "trainable_params": 91921, "non_trainable_params": 0, "train_metrics": {"mse": 1203.5321160023352, "mae": 29.180381342119553, "r2_score": -0.08251448229262115, "kendalltau": -0.02365298452180667, "pearsonr": 0.013690256424506294, "spearmanr": -0.028864829598342804}, "test_metrics": {"mse": 1232.2790580427823, "mae": 29.9753800204822, "r2": -0.07864946053723099, "kendalltau": -0.06301694714032305, "pearsonr": -0.03148709044762606, "spearmanr": -0.07685115740121604}, "total_time": 3.3335, "epochs": 10}