{"arquitecture": "B", "trainable_params": 67345, "non_trainable_params": 0, "train_metrics": {"mse": 1184.7769520828658, "mae": 29.125229548357957, "r2_score": -0.06564518874353387, "kendalltau": 0.20484545318066655, "pearsonr": 0.32590563394448074, "spearmanr": 0.30038589295284723}, "test_metrics": {"mse": 1213.721847172073, "mae": 29.92664725439889, "r2": -0.06240579773689192, "kendalltau": 0.22491470035920894, "pearsonr": 0.324758340963703, "spearmanr": 0.3294771176120303}, "total_time": 2.9325, "epochs": 10}