{"arquitecture": "A", "trainable_params": 132881, "non_trainable_params": 0, "train_metrics": {"mse": 1189.2753397986646, "mae": 29.136542870360394, "r2_score": -0.06969125430719658, "kendalltau": 0.1572150516911851, "pearsonr": 0.2264423563444943, "spearmanr": 0.21815728767502812}, "test_metrics": {"mse": 1218.1687030173005, "mae": 29.936506999390467, "r2": -0.06629825912965481, "kendalltau": 0.1987301450058093, "pearsonr": 0.26931546920293614, "spearmanr": 0.2713719794344911}, "total_time": 4.895, "epochs": 10}