{"arquitecture": "D", "trainable_params": 19649, "non_trainable_params": 0, "train_metrics": {"mse": 1102.158983669512, "mae": 28.778007589498166, "r2_score": 0.00866537274120538, "kendalltau": 0.13372220797186302, "pearsonr": 0.18391181095434997, "spearmanr": 0.19872700825236905}, "test_metrics": {"mse": 1123.0049882678973, "mae": 29.381796973092214, "r2": 0.01700128970808823, "kendalltau": 0.19028075392327323, "pearsonr": 0.23872134021911579, "spearmanr": 0.2795987181578441}, "total_time": 5.4242, "epochs": 10}