{"arquitecture": "C", "trainable_params": 18945, "non_trainable_params": 0, "train_metrics": {"mse": 1216.9977542186725, "mae": 28.10403854485161, "r2_score": -0.09462612284519412, "kendalltau": 0.2542472965904725, "pearsonr": 0.3984405200071215, "spearmanr": 0.3739187871183796}, "test_metrics": {"mse": 1268.7064207829467, "mae": 28.42658886739186, "r2": -0.11053538354470316, "kendalltau": 0.23571109924363298, "pearsonr": 0.35974784358409395, "spearmanr": 0.3466241438286698}, "total_time": 6.6088, "epochs": 10}