{"arquitecture": "D", "trainable_params": 19649, "non_trainable_params": 0, "train_metrics": {"mse": 1066.7831030964976, "mae": 28.230491730401024, "r2_score": 0.04048413564330644, "kendalltau": 0.16364704473998407, "pearsonr": 0.25281840151404006, "spearmanr": 0.2438205565469872}, "test_metrics": {"mse": 1096.369111926598, "mae": 28.97887659072876, "r2": 0.04031644179069516, "kendalltau": 0.16172064092465618, "pearsonr": 0.25345110999547443, "spearmanr": 0.24064642600400044}, "total_time": 5.1836, "epochs": 10}