{"arquitecture": "D", "trainable_params": 19649, "non_trainable_params": 0, "train_metrics": {"mse": 1184.9586867541166, "mae": 29.124466649078762, "r2_score": -0.0658086496191912, "kendalltau": -0.029508896043938672, "pearsonr": -0.0156179434192847, "spearmanr": -0.04393967016558319}, "test_metrics": {"mse": 1213.7905812304016, "mae": 29.927557915449142, "r2": -0.062465962643901474, "kendalltau": -0.014574558559632262, "pearsonr": -0.00751459246341817, "spearmanr": -0.025038315050833374}, "total_time": 4.6678, "epochs": 10}