{"arquitecture": "C", "trainable_params": 18625, "non_trainable_params": 0, "train_metrics": {"mse": 1363.1476946866662, "mae": 29.249265546602402, "r2_score": -0.22608038570966826, "kendalltau": 0.22867234832426186, "pearsonr": 0.3712003635041521, "spearmanr": 0.3396691049349197}, "test_metrics": {"mse": 1406.821434450709, "mae": 29.16330355831555, "r2": -0.2314314452058044, "kendalltau": 0.21578210670955433, "pearsonr": 0.3423257606832914, "spearmanr": 0.31869526328839254}, "total_time": 6.773, "epochs": 10}