{"arquitecture": "B", "trainable_params": 132881, "non_trainable_params": 0, "train_metrics": {"mse": 1205.451668414057, "mae": 29.186771973518162, "r2_score": -0.08424101975479581, "kendalltau": 0.15681484286272562, "pearsonr": 0.23424477642052038, "spearmanr": 0.22776788366491624}, "test_metrics": {"mse": 1234.170864790454, "mae": 29.980690896511078, "r2": -0.08030541363851795, "kendalltau": 0.1901396845400503, "pearsonr": 0.264452486084458, "spearmanr": 0.2713467764571099}, "total_time": 3.1743, "epochs": 10}