{"arquitecture": "D", "trainable_params": 18945, "non_trainable_params": 0, "train_metrics": {"mse": 1040.182910151339, "mae": 27.00454908127189, "r2_score": 0.06440962438768538, "kendalltau": 0.23743755797292065, "pearsonr": 0.37069563148297546, "spearmanr": 0.3503726824838503}, "test_metrics": {"mse": 1080.3635856392998, "mae": 27.52282206927027, "r2": 0.05432654135599113, "kendalltau": 0.23100334478086573, "pearsonr": 0.34944660360139496, "spearmanr": 0.3399755281722499}, "total_time": 6.9251, "epochs": 10}