{"arquitecture": "C", "trainable_params": 25793, "non_trainable_params": 0, "train_metrics": {"mse": 1124.5690410756683, "mae": 28.90064526015118, "r2_score": -0.011491307224887004, "kendalltau": 0.16639118312543996, "pearsonr": 0.25291198390571185, "spearmanr": 0.24742889041503024}, "test_metrics": {"mse": 1154.01584931075, "mae": 29.713264295033046, "r2": -0.010143412878837355, "kendalltau": 0.17683158016936387, "pearsonr": 0.2548028390565787, "spearmanr": 0.26137772323489344}, "total_time": 6.7447, "epochs": 10}