{"arquitecture": "C", "trainable_params": 19649, "non_trainable_params": 0, "train_metrics": {"mse": 1066.8813627317916, "mae": 28.57313684232501, "r2_score": 0.04039575621677005, "kendalltau": 0.1339185059063772, "pearsonr": 0.209553975370247, "spearmanr": 0.2000600020164489}, "test_metrics": {"mse": 1094.8406846366445, "mae": 29.275878612484252, "r2": 0.04165431835446398, "kendalltau": 0.13861805033420724, "pearsonr": 0.21436828680835426, "spearmanr": 0.2060354540336044}, "total_time": 5.8038, "epochs": 10}