{"arquitecture": "C", "trainable_params": 18945, "non_trainable_params": 0, "train_metrics": {"mse": 1113.398675333432, "mae": 27.365055138098104, "r2_score": -0.0014441447705595412, "kendalltau": 0.2528040920578472, "pearsonr": 0.39023578107950024, "spearmanr": 0.37201560124594757}, "test_metrics": {"mse": 1158.7542702899198, "mae": 27.735171108373574, "r2": -0.014291089656772504, "kendalltau": 0.23903009120779906, "pearsonr": 0.3590019458269088, "spearmanr": 0.3517868205255218}, "total_time": 4.8932, "epochs": 10}