{"arquitecture": "D", "trainable_params": 18945, "non_trainable_params": 0, "train_metrics": {"mse": 1240.8616526272485, "mae": 28.39681190163853, "r2_score": -0.11609045710579591, "kendalltau": 0.2515405969018898, "pearsonr": 0.39383508861657646, "spearmanr": 0.3704798687655347}, "test_metrics": {"mse": 1294.8841181662272, "mae": 28.80870912436928, "r2": -0.1334494783483835, "kendalltau": 0.22867704225613303, "pearsonr": 0.34079373777352306, "spearmanr": 0.33514677502913914}, "total_time": 4.5768, "epochs": 10}