{"arquitecture": "C", "trainable_params": 18945, "non_trainable_params": 0, "train_metrics": {"mse": 1051.7995695575291, "mae": 26.827583841184158, "r2_score": 0.053961044016742066, "kendalltau": 0.2662647851635469, "pearsonr": 0.4012413032431207, "spearmanr": 0.3893164600969901}, "test_metrics": {"mse": 1090.585926261029, "mae": 27.213021081473148, "r2": 0.045378631282302795, "kendalltau": 0.2495836834805627, "pearsonr": 0.37814911553120933, "spearmanr": 0.366636441835379}, "total_time": 5.0648, "epochs": 10}