{"arquitecture": "B", "trainable_params": 67345, "non_trainable_params": 0, "train_metrics": {"mse": 1232.0576387381898, "mae": 29.278408271493724, "r2_score": -0.10817170495079065, "kendalltau": -0.018397415264087502, "pearsonr": -0.02692816296417981, "spearmanr": -0.022434118806806534}, "test_metrics": {"mse": null, "mae": null, "r2_score": null, "kendalltau": null, "pearsonr": null, "spearmanr": null}, "total_time": 2.8219, "epochs": 10}