{"arquitecture": "A", "trainable_params": 18193, "non_trainable_params": 0, "train_metrics": {"mse": 1207.4849572665826, "mae": 29.193126568901533, "r2_score": -0.08606985722433858, "kendalltau": -0.021063752754991567, "pearsonr": 0.006620564605704315, "spearmanr": -0.026140292402912785}, "test_metrics": {"mse": 1236.183405871395, "mae": 29.986293081726348, "r2": -0.08206704898977812, "kendalltau": -0.034343927592203845, "pearsonr": -0.010697951162301328, "spearmanr": -0.04264777556692579}, "total_time": 4.6437, "epochs": 10}