{"arquitecture": "A", "trainable_params": 91921, "non_trainable_params": 0, "train_metrics": {"mse": 1200.8867766849012, "mae": 29.171592604663168, "r2_score": -0.08013513729332655, "kendalltau": -0.009215196847271073, "pearsonr": 0.013766855796704605, "spearmanr": -0.01123038047825316}, "test_metrics": {"mse": null, "mae": null, "r2_score": null, "kendalltau": null, "pearsonr": null, "spearmanr": null}, "total_time": 4.657, "epochs": 10}