{"arquitecture": "A", "trainable_params": 132881, "non_trainable_params": 0, "train_metrics": {"mse": 1198.5929629941288, "mae": 29.164819997711692, "r2_score": -0.07807197129474064, "kendalltau": 0.10121066600358963, "pearsonr": 0.11642787552528994, "spearmanr": 0.13208098050660874}, "test_metrics": {"mse": 1227.3839893510303, "mae": 29.96134830372674, "r2": -0.07436466549085785, "kendalltau": 0.12547118721098816, "pearsonr": 0.1289336624581985, "spearmanr": 0.16207643127952603}, "total_time": 4.896, "epochs": 10}