{"arquitecture": "C", "trainable_params": 18625, "non_trainable_params": 0, "train_metrics": {"mse": 1394.1477073919627, "mae": 29.496906613778588, "r2_score": -0.2539632832730545, "kendalltau": 0.2303864993017096, "pearsonr": 0.3702288225796709, "spearmanr": 0.3403416820169886}, "test_metrics": {"mse": 1449.9194340162303, "mae": 29.49762050062418, "r2": -0.2691563693438639, "kendalltau": 0.20890848437893247, "pearsonr": 0.3391038483609227, "spearmanr": 0.309704344492951}, "total_time": 6.9246, "epochs": 10}