{"arquitecture": "C", "trainable_params": 20161, "non_trainable_params": 0, "train_metrics": {"mse": 1048.0514095743147, "mae": 27.90793827288798, "r2_score": 0.05733231879190692, "kendalltau": 0.21205153494884804, "pearsonr": 0.32653735815203394, "spearmanr": 0.31205427129759367}, "test_metrics": {"mse": 1086.4256918814067, "mae": 28.680301117045538, "r2": 0.04902020462561307, "kendalltau": 0.19685583078096391, "pearsonr": 0.30142630709130147, "spearmanr": 0.2915205427961565}, "total_time": 6.2858, "epochs": 10}