{"arquitecture": "D", "trainable_params": 19649, "non_trainable_params": 0, "train_metrics": {"mse": 1237.86811292458, "mae": 29.071429024820066, "r2_score": -0.11339792398734394, "kendalltau": 0.16787989175042353, "pearsonr": 0.24121927631797616, "spearmanr": 0.25007078365159113}, "test_metrics": {"mse": 1262.7649561474589, "mae": 29.68408504979951, "r2": -0.10533464789798286, "kendalltau": 0.2082166099211456, "pearsonr": 0.27362552410706426, "spearmanr": 0.30626376403286937}, "total_time": 5.3935, "epochs": 10}