{"arquitecture": "D", "trainable_params": 18625, "non_trainable_params": 0, "train_metrics": {"mse": 1196.262797602394, "mae": 27.691598456233468, "r2_score": -0.07597610883361372, "kendalltau": 0.23236698879124465, "pearsonr": 0.3746250292912656, "spearmanr": 0.34367598999354065}, "test_metrics": {"mse": 1220.087738458607, "mae": 27.19379668576377, "r2": -0.06797804629312787, "kendalltau": 0.234688328306035, "pearsonr": 0.36556679093017874, "spearmanr": 0.34548436589107556}, "total_time": 7.1131, "epochs": 10}