{"arquitecture": "D", "trainable_params": 18945, "non_trainable_params": 0, "train_metrics": {"mse": 1386.8152098154535, "mae": 29.47388319514938, "r2_score": -0.2473680834338412, "kendalltau": 0.2654344356846865, "pearsonr": 0.4087124617637158, "spearmanr": 0.3887123182579429}, "test_metrics": {"mse": 1444.3296764111487, "mae": 29.782261801617487, "r2": -0.2642634930218142, "kendalltau": 0.2214023332833159, "pearsonr": 0.35427166411463745, "spearmanr": 0.32732392132519483}, "total_time": 4.8232, "epochs": 10}