{"arquitecture": "D", "trainable_params": 20161, "non_trainable_params": 0, "train_metrics": {"mse": 1112.8203685141605, "mae": 28.073126502103243, "r2_score": -0.0009239878933591239, "kendalltau": 0.21240040415230543, "pearsonr": 0.3258294781572925, "spearmanr": 0.31264806752000934}, "test_metrics": {"mse": 1150.5744204101832, "mae": 28.764358844075883, "r2": -0.007131030737920652, "kendalltau": 0.19394795262504805, "pearsonr": 0.30220726778210577, "spearmanr": 0.288794398577898}, "total_time": 4.1964, "epochs": 10}