{"arquitecture": "B", "trainable_params": 132881, "non_trainable_params": 0, "train_metrics": {"mse": 1191.4341828407983, "mae": 29.141847059908184, "r2_score": -0.0716330212339229, "kendalltau": 0.11625024561035835, "pearsonr": 0.16623735759419547, "spearmanr": 0.16797557958270665}, "test_metrics": {"mse": 1220.303232890383, "mae": 29.941125367368972, "r2": -0.0681666747949814, "kendalltau": 0.1652286770199228, "pearsonr": 0.23547735511250778, "spearmanr": 0.23656491786123116}, "total_time": 3.2088, "epochs": 10}