{"arquitecture": "C", "trainable_params": 18625, "non_trainable_params": 0, "train_metrics": {"mse": 1064.7512622570196, "mae": 28.567242662092898, "r2_score": 0.042311670700496684, "kendalltau": 0.21681245105072702, "pearsonr": 0.32452525308015406, "spearmanr": 0.31692920355933424}, "test_metrics": {"mse": 1093.5788075879857, "mae": 29.273457599537714, "r2": 0.04275887579128512, "kendalltau": 0.24058430194630584, "pearsonr": 0.3342246646278956, "spearmanr": 0.3546319943512831}, "total_time": 4.2596, "epochs": 10}