{"arquitecture": "C", "trainable_params": 18625, "non_trainable_params": 0, "train_metrics": {"mse": 738.4718357718901, "mae": 22.430660226802726, "r2_score": 0.33578302867097065, "kendalltau": 0.4522593820820955, "pearsonr": 0.6206380902481158, "spearmanr": 0.6320688237364883}, "test_metrics": {"mse": 1053.638342594777, "mae": 26.955870036567962, "r2": 0.07771991869576911, "kendalltau": 0.22664654113001936, "pearsonr": 0.34300605298605336, "spearmanr": 0.33579305849968905}, "total_time": 28.4366, "epochs": 100}