{"arquitecture": "D", "trainable_params": 19649, "non_trainable_params": 0, "train_metrics": {"mse": 576.2405789147477, "mae": 19.67153686550372, "r2_score": 0.48170159843188753, "kendalltau": 0.5080494668787369, "pearsonr": 0.7026362239458872, "spearmanr": 0.702981989009722}, "test_metrics": {"mse": 750.1202937527851, "mae": 22.18846225818353, "r2": 0.3433980356043834, "kendalltau": 0.41811527694799777, "pearsonr": 0.5894784146785215, "spearmanr": 0.5975357369051092}, "total_time": 35.6284, "epochs": 100}