{"arquitecture": "C", "trainable_params": 18625, "non_trainable_params": 0, "train_metrics": {"mse": 1118.1919229651414, "mae": 29.124591235740155, "r2_score": -0.005755421478135236, "kendalltau": 0.13739092877779174, "pearsonr": 0.1905193853631062, "spearmanr": 0.20327658847838548}, "test_metrics": {"mse": 1148.3322522838391, "mae": 29.974880461181915, "r2": -0.005168396199802361, "kendalltau": 0.13232745428333834, "pearsonr": 0.19796114482170396, "spearmanr": 0.19591136345710314}, "total_time": 29.9102, "epochs": 100}