{"arquitecture": "C", "trainable_params": 17793, "non_trainable_params": 0, "train_metrics": {"mse": 896.8334270107807, "mae": 24.757119678206966, "r2_score": 0.19334502167833412, "kendalltau": 0.3478334888532893, "pearsonr": 0.5093349720677028, "spearmanr": 0.5013177972198573}, "test_metrics": {"mse": 972.8038075734286, "mae": 25.88002420961857, "r2": 0.14847672254184097, "kendalltau": 0.30252210666731405, "pearsonr": 0.4542701875955492, "spearmanr": 0.4407663362767442}, "total_time": 26.4884, "epochs": 100}