{"arquitecture": "D", "trainable_params": 19649, "non_trainable_params": 0, "train_metrics": {"mse": 710.6513158112357, "mae": 21.998961446615084, "r2_score": 0.3608061380353915, "kendalltau": 0.43353090027365854, "pearsonr": 0.6120052741045525, "spearmanr": 0.6113332893439011}, "test_metrics": {"mse": 804.8251746488302, "mae": 23.49819272703358, "r2": 0.29551327291029583, "kendalltau": 0.38938243261773237, "pearsonr": 0.5523888982478976, "spearmanr": 0.5596751123361862}, "total_time": 29.2977, "epochs": 100}