{"arquitecture": "D", "trainable_params": 18945, "non_trainable_params": 0, "train_metrics": {"mse": 579.3761010518127, "mae": 19.760066873551327, "r2_score": 0.47888135950532174, "kendalltau": 0.5574428194525479, "pearsonr": 0.7568390685302444, "spearmanr": 0.7567941946372393}, "test_metrics": {"mse": 1099.227629673677, "mae": 27.510484313326224, "r2": 0.037814298622961484, "kendalltau": 0.20181927797813068, "pearsonr": 0.30427587115276516, "spearmanr": 0.2984305330893333}, "total_time": 54.3981, "epochs": 100}