{"arquitecture": "A", "trainable_params": 132881, "non_trainable_params": 0, "train_metrics": {"mse": 273.4958590954479, "mae": 12.258050409557146, "r2_score": 0.7540047129765917, "kendalltau": 0.6722221241809805, "pearsonr": 0.8692373519749707, "spearmanr": 0.8560707597067392}, "test_metrics": {"mse": 804.9621466948446, "mae": 21.5124993079475, "r2": 0.2953933773212425, "kendalltau": 0.40269850913861616, "pearsonr": 0.5808321029885707, "spearmanr": 0.5762003325086305}, "total_time": 23.1791, "epochs": 100}