{"arquitecture": "C", "trainable_params": 18625, "non_trainable_params": 0, "train_metrics": {"mse": 1105.7083300413376, "mae": 27.27491297340667, "r2_score": 0.005472920459220321, "kendalltau": 0.2805373960171668, "pearsonr": 0.4349749901373601, "spearmanr": 0.41195251198518473}, "test_metrics": {"mse": 1177.845842939629, "mae": 28.184111254555837, "r2": -0.031002494760194343, "kendalltau": 0.23534009409960235, "pearsonr": 0.36060741468093177, "spearmanr": 0.3473117193699421}, "total_time": 47.5692, "epochs": 100}