{"arquitecture": "C", "trainable_params": 18945, "non_trainable_params": 0, "train_metrics": {"mse": 578.4315150916613, "mae": 19.52313731047969, "r2_score": 0.47973096540119986, "kendalltau": 0.5870736701121712, "pearsonr": 0.7829668653365198, "spearmanr": 0.7844587717156467}, "test_metrics": {"mse": 1076.6668138077277, "mae": 27.003967338274897, "r2": 0.05756243254137561, "kendalltau": 0.2293889710460297, "pearsonr": 0.3456943274140188, "spearmanr": 0.33950344718915393}, "total_time": 38.5183, "epochs": 100}