{"arquitecture": "C", "trainable_params": 18625, "non_trainable_params": 0, "train_metrics": {"mse": 1132.4108303993576, "mae": 27.26537785911286, "r2_score": -0.01854458847688889, "kendalltau": 0.318509526513822, "pearsonr": 0.4710404660558728, "spearmanr": 0.46312194377814153}, "test_metrics": {"mse": 1252.130333590451, "mae": 28.521169434700692, "r2": -0.09602585553535614, "kendalltau": 0.2021852695391339, "pearsonr": 0.3247047800022431, "spearmanr": 0.30283358583787673}, "total_time": 46.2227, "epochs": 100}