{"arquitecture": "C", "trainable_params": 18945, "non_trainable_params": 0, "train_metrics": {"mse": 540.1895246281767, "mae": 18.810716857603147, "r2_score": 0.5141276449396941, "kendalltau": 0.5844139713374861, "pearsonr": 0.7811813498762579, "spearmanr": 0.7817655080316872}, "test_metrics": {"mse": 1075.2466351154349, "mae": 26.754152014452433, "r2": 0.058805555980267044, "kendalltau": 0.23462315172667828, "pearsonr": 0.3462760334026247, "spearmanr": 0.34505090759231194}, "total_time": 55.7851, "epochs": 100}