{"arquitecture": "A", "trainable_params": 91921, "non_trainable_params": 0, "train_metrics": {"mse": 976.3719302415986, "mae": 27.121147793066335, "r2_score": 0.1218042788078948, "kendalltau": 0.27537440732407154, "pearsonr": 0.36269343576112184, "spearmanr": 0.35288902348027446}, "test_metrics": {"mse": 1007.7102189418719, "mae": 27.953252566712244, "r2": 0.11792213221092684, "kendalltau": 0.27426694100099897, "pearsonr": 0.3579081353751951, "spearmanr": 0.35139014888398284}, "total_time": 23.202, "epochs": 100}