{"arquitecture": "B", "trainable_params": 91921, "non_trainable_params": 0, "train_metrics": {"mse": 982.3812329148383, "mae": 27.253269650252484, "r2_score": 0.11639922389845925, "kendalltau": 0.27400210052340157, "pearsonr": 0.3603242262013321, "spearmanr": 0.3507689384236142}, "test_metrics": {"mse": 1012.1238999800331, "mae": 27.96297043987683, "r2": 0.11405870968522258, "kendalltau": 0.2757599326252989, "pearsonr": 0.35751644940045696, "spearmanr": 0.35134317022199263}, "total_time": 18.7477, "epochs": 100}