{"arquitecture": "B", "trainable_params": 132881, "non_trainable_params": 0, "train_metrics": {"mse": 1111.7987913030568, "mae": 29.288312240900066, "r2_score": -5.132375424876656e-06, "kendalltau": 0.15949292647091506, "pearsonr": 0.24366025593485657, "spearmanr": 0.23616232252546002}, "test_metrics": {"mse": 1142.4259674531795, "mae": 30.107813856431417, "r2": 1.5455473932890484e-06, "kendalltau": 0.2020529172673493, "pearsonr": 0.2911270767918683, "spearmanr": 0.2975140966679068}, "total_time": 22.6332, "epochs": 100}