{"arquitecture": "A", "trainable_params": 91921, "non_trainable_params": 0, "train_metrics": {"mse": 1057.0941937792252, "mae": 28.58250860394103, "r2_score": 0.04919880516820929, "kendalltau": 0.20640430043620756, "pearsonr": 0.25354376433194264, "spearmanr": 0.2521822162480993}, "test_metrics": {"mse": 1088.5145160842226, "mae": 29.449305649314606, "r2": 0.047191796453926016, "kendalltau": 0.21587645262768093, "pearsonr": 0.25057603968769004, "spearmanr": 0.26307312543819567}, "total_time": 17.4455, "epochs": 100}