{"arquitecture": "A", "trainable_params": 91921, "non_trainable_params": 0, "train_metrics": {"mse": 986.5286874322688, "mae": 27.3502595188402, "r2_score": 0.11266880447709693, "kendalltau": 0.2790883406006826, "pearsonr": 0.35933256037626726, "spearmanr": 0.35023296300969364}, "test_metrics": {"mse": 1015.0970631222041, "mae": 28.089329417262757, "r2": 0.11145621409101403, "kendalltau": 0.28517168885900357, "pearsonr": 0.3585727502666141, "spearmanr": 0.35775195934685383}, "total_time": 17.1406, "epochs": 100}