{"arquitecture": "A", "trainable_params": 132881, "non_trainable_params": 0, "train_metrics": {"mse": 1111.804537722121, "mae": 29.28646199037836, "r2_score": -1.0300980213706623e-05, "kendalltau": 0.1533652834555898, "pearsonr": 0.21565796747695912, "spearmanr": 0.2058128028183464}, "test_metrics": {"mse": 1142.4277156277294, "mae": 30.10642722249031, "r2": 1.5319704282923396e-08, "kendalltau": 0.19335096498782364, "pearsonr": 0.25842823680007315, "spearmanr": 0.2559689104252001}, "total_time": 28.708, "epochs": 100}