{"arquitecture": "C", "trainable_params": 19649, "non_trainable_params": 0, "train_metrics": {"mse": 750.4852539839655, "mae": 23.027386430235442, "r2_score": 0.324977584409453, "kendalltau": 0.4050299147206755, "pearsonr": 0.5781214515900622, "spearmanr": 0.5743511688875642}, "test_metrics": {"mse": 827.7566274283254, "mae": 23.996371472520487, "r2": 0.275440709793607, "kendalltau": 0.3648710251965725, "pearsonr": 0.526460854894728, "spearmanr": 0.5284231794134855}, "total_time": 32.4332, "epochs": 100}