{"arquitecture": "C", "trainable_params": 19649, "non_trainable_params": 0, "train_metrics": {"mse": 638.8158547272752, "mae": 20.717663628111165, "r2_score": 0.42541839551619176, "kendalltau": 0.4819630380789329, "pearsonr": 0.667883026112874, "spearmanr": 0.6711777715055222}, "test_metrics": {"mse": 767.6350032776107, "mae": 22.738813479164882, "r2": 0.3280669043503752, "kendalltau": 0.4103291825063816, "pearsonr": 0.5800981341247541, "spearmanr": 0.5868043281323028}, "total_time": 29.5566, "epochs": 100}