{"arquitecture": "B", "trainable_params": 526097, "non_trainable_params": 0, "train_metrics": {"mse": 1111.79797404566, "mae": 29.30230323020895, "r2_score": -4.397294943059293e-06, "kendalltau": 0.012140586309850203, "pearsonr": 0.02021430917362195, "spearmanr": 0.01479328005158303}, "test_metrics": {"mse": null, "mae": null, "r2_score": null, "kendalltau": null, "pearsonr": null, "spearmanr": null}, "total_time": 41.9528, "epochs": 100}