{"arquitecture": "D", "trainable_params": 18945, "non_trainable_params": 0, "train_metrics": {"mse": 597.3524174782897, "mae": 19.868666719504382, "r2_score": 0.46271259872927084, "kendalltau": 0.5666467042975858, "pearsonr": 0.7614080437217436, "spearmanr": 0.7633105143324052}, "test_metrics": {"mse": 1084.2142506950438, "mae": 27.263294519324386, "r2": 0.050955942985452585, "kendalltau": 0.22629559031809848, "pearsonr": 0.33617850140486, "spearmanr": 0.33798407416504955}, "total_time": 35.413, "epochs": 100}