{"arquitecture": "D", "trainable_params": 19649, "non_trainable_params": 0, "train_metrics": {"mse": 695.3038804154835, "mae": 21.758703192208245, "r2_score": 0.3746103571842223, "kendalltau": 0.4574939936691402, "pearsonr": 0.6368119089594488, "spearmanr": 0.6411316161126732}, "test_metrics": {"mse": 796.290785232639, "mae": 23.29518726920443, "r2": 0.3029836705281944, "kendalltau": 0.39651676126578117, "pearsonr": 0.5677183771652318, "spearmanr": 0.5694871343852342}, "total_time": 32.3315, "epochs": 100}