{"arquitecture": "D", "trainable_params": 18625, "non_trainable_params": 0, "train_metrics": {"mse": 752.3009348722749, "mae": 22.13110771317297, "r2_score": 0.32334447397502164, "kendalltau": 0.5106464977682249, "pearsonr": 0.7114820103762223, "spearmanr": 0.7018876668745577}, "test_metrics": {"mse": 1216.0139206893834, "mae": 28.43560260374631, "r2": -0.06441211590550999, "kendalltau": 0.1778092288597149, "pearsonr": 0.27884422908820367, "spearmanr": 0.26577537881782926}, "total_time": 45.0449, "epochs": 100}