{"arquitecture": "C", "trainable_params": 18945, "non_trainable_params": 0, "train_metrics": {"mse": 603.1847085131917, "mae": 19.79711688109823, "r2_score": 0.4574667565732692, "kendalltau": 0.5862221241427293, "pearsonr": 0.7870168607573427, "spearmanr": 0.7841686505694954}, "test_metrics": {"mse": 1153.8227573433712, "mae": 27.416767399425485, "r2": -0.009974393901286849, "kendalltau": 0.22681198936992492, "pearsonr": 0.331293114759629, "spearmanr": 0.3331252904250498}, "total_time": 43.3718, "epochs": 100}