{"arquitecture": "D", "trainable_params": 18625, "non_trainable_params": 0, "train_metrics": {"mse": 688.5519451994032, "mae": 21.465747097566858, "r2_score": 0.3806833714043881, "kendalltau": 0.45846165954350576, "pearsonr": 0.6417483227362442, "spearmanr": 0.6404497036609684}, "test_metrics": {"mse": 776.2999760881456, "mae": 22.709248863692796, "r2": 0.32048220331480126, "kendalltau": 0.4289797113684628, "pearsonr": 0.5964083596631814, "spearmanr": 0.6112024029525116}, "total_time": 29.2219, "epochs": 100}