{"arquitecture": "D", "trainable_params": 18625, "non_trainable_params": 0, "train_metrics": {"mse": 1059.60478833934, "mae": 26.74112763868216, "r2_score": 0.04694065606329234, "kendalltau": 0.3334567387198568, "pearsonr": 0.48109412906708093, "spearmanr": 0.48346342460292907}, "test_metrics": {"mse": 1169.0976821278566, "mae": 28.184214685644424, "r2": -0.02334497686380277, "kendalltau": 0.22314204659383796, "pearsonr": 0.3470723054953749, "spearmanr": 0.33366355550695626}, "total_time": 33.0137, "epochs": 100}