{"arquitecture": "D", "trainable_params": 17793, "non_trainable_params": 0, "train_metrics": {"mse": 853.7833108844769, "mae": 24.37021281971436, "r2_score": 0.23206635993883507, "kendalltau": 0.3481099648173938, "pearsonr": 0.5121814248365867, "spearmanr": 0.5013208440665078}, "test_metrics": {"mse": 922.1606728052166, "mae": 25.263909839093685, "r2": 0.19280612150477427, "kendalltau": 0.31341160900291626, "pearsonr": 0.4643297118084301, "spearmanr": 0.45551958439608486}, "total_time": 26.3356, "epochs": 100}