{"arquitecture": "D", "trainable_params": 18625, "non_trainable_params": 0, "train_metrics": {"mse": 887.2240000723855, "mae": 23.967544541283623, "r2_score": 0.20198820094130066, "kendalltau": 0.47052061951119584, "pearsonr": 0.6502041331717625, "spearmanr": 0.6556239603065843}, "test_metrics": {"mse": 1201.6361888107276, "mae": 27.76995790217604, "r2": -0.051826871813726916, "kendalltau": 0.22854668909741957, "pearsonr": 0.3446958225600414, "spearmanr": 0.3367757263645587}, "total_time": 35.4906, "epochs": 100}