{"arquitecture": "B", "trainable_params": 91921, "non_trainable_params": 0, "train_metrics": {"mse": 1019.1376096690535, "mae": 28.011908880428244, "r2_score": 0.08333877655019373, "kendalltau": 0.2564877221281208, "pearsonr": 0.34295129140292785, "spearmanr": 0.3356436931217432}, "test_metrics": {"mse": 1046.2273031183106, "mae": 28.67319736310414, "r2": 0.08420701565739985, "kendalltau": 0.27517969830481404, "pearsonr": 0.35270584631134344, "spearmanr": 0.3580490111909381}, "total_time": 16.7838, "epochs": 100}