{"arquitecture": "C", "trainable_params": 18625, "non_trainable_params": 0, "train_metrics": {"mse": 795.4807059945904, "mae": 22.65400694753634, "r2_score": 0.28450651779546543, "kendalltau": 0.5086079483262279, "pearsonr": 0.699788465096449, "spearmanr": 0.699397369647035}, "test_metrics": {"mse": 1245.9458400177878, "mae": 28.49682163367314, "r2": -0.0906123896387232, "kendalltau": 0.1791478555280417, "pearsonr": 0.26249003945846705, "spearmanr": 0.26847161756668575}, "total_time": 31.4738, "epochs": 100}