{"arquitecture": "B", "trainable_params": 165649, "non_trainable_params": 0, "train_metrics": {"mse": 1111.8106318584028, "mae": 29.28412879808717, "r2_score": -1.5782338537606577e-05, "kendalltau": 0.07849585936148946, "pearsonr": 0.12348087248268085, "spearmanr": 0.11021755548784302}, "test_metrics": {"mse": 1142.4284191041797, "mae": 30.104662856885366, "r2": -6.004535564319013e-07, "kendalltau": 0.07583428846474612, "pearsonr": 0.11036203593708156, "spearmanr": 0.10770863940960601}, "total_time": 22.7559, "epochs": 100}