{"arquitecture": "C", "trainable_params": 19649, "non_trainable_params": 0, "train_metrics": {"mse": 643.1690206855435, "mae": 21.1410243350276, "r2_score": 0.42150294936316246, "kendalltau": 0.46694855005496605, "pearsonr": 0.6607654216721527, "spearmanr": 0.6544547406383974}, "test_metrics": {"mse": 786.3633332355049, "mae": 23.135621758976153, "r2": 0.31167345606932484, "kendalltau": 0.3976247631148456, "pearsonr": 0.5585729870351351, "spearmanr": 0.5677704186304063}, "total_time": 34.1965, "epochs": 100}