{"arquitecture": "B", "trainable_params": 132881, "non_trainable_params": 0, "train_metrics": {"mse": 1111.8192865385604, "mae": 29.281260837830672, "r2_score": -2.3566772775485134e-05, "kendalltau": 0.1120637918768529, "pearsonr": 0.16790035962223507, "spearmanr": 0.1659956923082128}, "test_metrics": {"mse": 1142.4296213789771, "mae": 30.102476660694396, "r2": -1.652839420662744e-06, "kendalltau": 0.1657863791213025, "pearsonr": 0.2348664198120061, "spearmanr": 0.24370701503619438}, "total_time": 31.2917, "epochs": 100}