{"arquitecture": "B", "trainable_params": 18193, "non_trainable_params": 0, "train_metrics": {"mse": 1111.8149197829093, "mae": 29.310088607327913, "r2_score": -1.9639103401081215e-05, "kendalltau": -0.010572784373802125, "pearsonr": -0.022150825902674275, "spearmanr": -0.01290936013009838}, "test_metrics": {"mse": 1142.4888499947206, "mae": 30.124039666993276, "r2": -5.349735791915222e-05, "kendalltau": -0.036479263072752365, "pearsonr": -0.0384217810597112, "spearmanr": -0.04453972588622865}, "total_time": 20.0076, "epochs": 100}