{"arquitecture": "B", "trainable_params": 91921, "non_trainable_params": 0, "train_metrics": {"mse": 1010.3694882601143, "mae": 27.826884744953688, "r2_score": 0.09122524528789899, "kendalltau": 0.2614292486902462, "pearsonr": 0.3462923732205274, "spearmanr": 0.33856521542801266}, "test_metrics": {"mse": 1039.9531110563892, "mae": 28.562405254159653, "r2": 0.08969899723310526, "kendalltau": 0.2731318433915328, "pearsonr": 0.34615054158444286, "spearmanr": 0.3517371223507967}, "total_time": 22.5188, "epochs": 100}