{"arquitecture": "C", "trainable_params": 25793, "non_trainable_params": 0, "train_metrics": {"mse": 757.0501257688177, "mae": 22.536078946792436, "r2_score": 0.31907282400712833, "kendalltau": 0.43895904503557637, "pearsonr": 0.6227251525389363, "spearmanr": 0.6218144523530112}, "test_metrics": {"mse": 905.850503845248, "mae": 24.902759430397833, "r2": 0.20708288360270677, "kendalltau": 0.3523821898752165, "pearsonr": 0.4974756140308774, "spearmanr": 0.5093137012512509}, "total_time": 57.9623, "epochs": 100}