{"arquitecture": "D", "trainable_params": 18945, "non_trainable_params": 0, "train_metrics": {"mse": 693.7985929658776, "mae": 21.25783018417596, "r2_score": 0.37596428487966616, "kendalltau": 0.5600275373168713, "pearsonr": 0.756425103500154, "spearmanr": 0.7543236580612181}, "test_metrics": {"mse": 1171.012616681431, "mae": 27.554703396711766, "r2": -0.025021174401767654, "kendalltau": 0.23010591341895378, "pearsonr": 0.32509805652513835, "spearmanr": 0.3351920795212793}, "total_time": 49.2615, "epochs": 100}