{"arquitecture": "A", "trainable_params": 526097, "non_trainable_params": 0, "train_metrics": {"mse": 1111.8152206941793, "mae": 29.282909579571495, "r2_score": -1.9909757423164365e-05, "kendalltau": 0.012140586309850203, "pearsonr": 0.02021430917362195, "spearmanr": 0.01479328005158303}, "test_metrics": {"mse": null, "mae": null, "r2_score": null, "kendalltau": null, "pearsonr": null, "spearmanr": null}, "total_time": 40.1451, "epochs": 100}