{"arquitecture": "B", "trainable_params": 67345, "non_trainable_params": 0, "train_metrics": {"mse": 1111.791103659864, "mae": 29.302726738301118, "r2_score": 1.7822594073901854e-06, "kendalltau": 0.098898123359036, "pearsonr": 0.13389513502468547, "spearmanr": 0.14681235772013962}, "test_metrics": {"mse": 1142.4528584971101, "mae": 30.11862877862794, "r2": -2.199296025207076e-05, "kendalltau": 0.0701892883268674, "pearsonr": 0.09561740584486907, "spearmanr": 0.10404235568207065}, "total_time": 26.6518, "epochs": 100}