{"arquitecture": "B", "trainable_params": 132881, "non_trainable_params": 0, "train_metrics": {"mse": 1111.7961097786288, "mae": 29.291009151519003, "r2_score": -2.72048380223211e-06, "kendalltau": -0.06846638124575108, "pearsonr": -0.0879261842500209, "spearmanr": -0.0965492340669667}, "test_metrics": {"mse": 1142.4298757333095, "mae": 30.109863379171916, "r2": -1.8754831163647623e-06, "kendalltau": -0.06526672926579077, "pearsonr": -0.10284838316554594, "spearmanr": -0.09542680687994333}, "total_time": 23.3528, "epochs": 100}