{"arquitecture": "C", "trainable_params": 18625, "non_trainable_params": 0, "train_metrics": {"mse": 846.9551555815347, "mae": 23.901328066766062, "r2_score": 0.2382079301591048, "kendalltau": 0.4189993236003275, "pearsonr": 0.5938331179889113, "spearmanr": 0.5936595521472654}, "test_metrics": {"mse": 1113.96582368988, "mae": 27.676020004919597, "r2": 0.024913531608288797, "kendalltau": 0.21923145183243387, "pearsonr": 0.3207655768399382, "spearmanr": 0.32651041748096776}, "total_time": 38.6062, "epochs": 100}