{"arquitecture": "B", "trainable_params": 132881, "non_trainable_params": 0, "train_metrics": {"mse": 577.5674788783284, "mae": 19.241575131523604, "r2_score": 0.4805081209932458, "kendalltau": 0.5234298247618687, "pearsonr": 0.7172687727876602, "spearmanr": 0.7154949511530192}, "test_metrics": {"mse": 789.2550441460234, "mae": 22.18060143398387, "r2": 0.30914225796666905, "kendalltau": 0.4014802084629479, "pearsonr": 0.5822556729894572, "spearmanr": 0.5728633075568214}, "total_time": 23.3367, "epochs": 100}