{"arquitecture": "B", "trainable_params": 67345, "non_trainable_params": 0, "train_metrics": {"mse": 1111.824259426915, "mae": 29.280547199094052, "r2_score": -2.803962696096285e-05, "kendalltau": -0.08980949627655715, "pearsonr": -0.13650338741055834, "spearmanr": -0.12119310081731928}, "test_metrics": {"mse": 1142.4337279364338, "mae": 30.10195999911853, "r2": -5.247427802501647e-06, "kendalltau": -0.10472859757909025, "pearsonr": -0.15615081347072776, "spearmanr": -0.1428530314191408}, "total_time": 21.2032, "epochs": 100}