{"arquitecture": "D", "trainable_params": 19649, "non_trainable_params": 0, "train_metrics": {"mse": 674.339822550745, "mae": 21.31965673569003, "r2_score": 0.39346643584174923, "kendalltau": 0.46083935283480426, "pearsonr": 0.6479079561406861, "spearmanr": 0.6459556642581875}, "test_metrics": {"mse": 809.3155217728238, "mae": 23.027157731886422, "r2": 0.2915827423447487, "kendalltau": 0.4031697859431956, "pearsonr": 0.5630471547917959, "spearmanr": 0.5781373727426343}, "total_time": 36.7466, "epochs": 100}