{"arquitecture": "C", "trainable_params": 19649, "non_trainable_params": 0, "train_metrics": {"mse": 679.1112234016884, "mae": 21.620152157907455, "r2_score": 0.389174809176126, "kendalltau": 0.45250728886324254, "pearsonr": 0.6404836594421104, "spearmanr": 0.6362285026585925}, "test_metrics": {"mse": 757.8264135583512, "mae": 22.704256101378373, "r2": 0.3366526463057036, "kendalltau": 0.41211401806415066, "pearsonr": 0.585449342820543, "spearmanr": 0.590857566136251}, "total_time": 36.4723, "epochs": 100}