{"arquitecture": "A", "trainable_params": 67345, "non_trainable_params": 0, "train_metrics": {"mse": 1111.8020522587422, "mae": 29.287545711358465, "r2_score": -8.065435298076906e-06, "kendalltau": 0.00022994316935649197, "pearsonr": -0.01781545148150854, "spearmanr": 0.00023830757889830163}, "test_metrics": {"mse": 1142.427749698538, "mae": 30.107246283973968, "r2": -1.4503458878323272e-08, "kendalltau": 0.0262934680829738, "pearsonr": 0.0371617890764042, "spearmanr": 0.03314881211498674}, "total_time": 23.2738, "epochs": 100}