{"arquitecture": "B", "trainable_params": 67345, "non_trainable_params": 0, "train_metrics": {"mse": 1111.8028599849129, "mae": 29.287186673293565, "r2_score": -8.791942938346509e-06, "kendalltau": -0.012140586309850203, "pearsonr": -0.02021430917362195, "spearmanr": -0.01479328005158303}, "test_metrics": {"mse": null, "mae": null, "r2_score": null, "kendalltau": null, "pearsonr": null, "spearmanr": null}, "total_time": 16.4596, "epochs": 100}