{"arquitecture": "D", "trainable_params": 18945, "non_trainable_params": 0, "train_metrics": {"mse": 477.4729912043135, "mae": 18.09750489294957, "r2_score": 0.5705379017228953, "kendalltau": 0.5902642027379368, "pearsonr": 0.7884199720140866, "spearmanr": 0.7899837472951269}, "test_metrics": {"mse": 1010.1950989783296, "mae": 26.896260069949285, "r2": 0.1157470449258422, "kendalltau": 0.24793421466453458, "pearsonr": 0.36144081377967924, "spearmanr": 0.36361250253980315}, "total_time": 32.1706, "epochs": 100}