{"arquitecture": "A", "trainable_params": 132881, "non_trainable_params": 0, "train_metrics": {"mse": 1111.794432979922, "mae": 29.298980568629695, "r2_score": -1.2122906598577288e-06, "kendalltau": -0.00012426840025090002, "pearsonr": -0.0017009686952539817, "spearmanr": -0.00015142079629072356}, "test_metrics": {"mse": 1142.446279418454, "mae": 30.115861283881323, "r2": -1.623410263218439e-05, "kendalltau": -0.025534618809503574, "pearsonr": -0.02732862226985152, "spearmanr": -0.031099134839515073}, "total_time": 26.1157, "epochs": 100}