{"arquitecture": "D", "trainable_params": 18945, "non_trainable_params": 0, "train_metrics": {"mse": 523.645208722167, "mae": 18.794116775760703, "r2_score": 0.5290083957977335, "kendalltau": 0.5634810545085895, "pearsonr": 0.7572108874082255, "spearmanr": 0.7601920835699157}, "test_metrics": {"mse": 1020.6948301230685, "mae": 26.522463600550378, "r2": 0.10655632691344097, "kendalltau": 0.24091018484308951, "pearsonr": 0.36165985071059326, "spearmanr": 0.35526113535610887}, "total_time": 55.5995, "epochs": 100}