{"arquitecture": "D", "trainable_params": 19649, "non_trainable_params": 0, "train_metrics": {"mse": 619.0976680725624, "mae": 20.179056830836174, "r2_score": 0.4431538778805314, "kendalltau": 0.5012721194119893, "pearsonr": 0.6917514906303193, "spearmanr": 0.6932826209177236}, "test_metrics": {"mse": 775.8862786598664, "mae": 22.639765201269515, "r2": 0.3208443246256574, "kendalltau": 0.4151372086296977, "pearsonr": 0.5867640398415913, "spearmanr": 0.5924848574470091}, "total_time": 30.503, "epochs": 100}