{"arquitecture": "C", "trainable_params": 19649, "non_trainable_params": 0, "train_metrics": {"mse": 747.779096221687, "mae": 22.630417556954434, "r2_score": 0.32741163243366833, "kendalltau": 0.42885016220136984, "pearsonr": 0.6076926978137102, "spearmanr": 0.6073051908869869}, "test_metrics": {"mse": 850.923369923111, "mae": 24.107568132025854, "r2": 0.25516219079151115, "kendalltau": 0.3808743822201647, "pearsonr": 0.5357083932893372, "spearmanr": 0.5494044313124851}, "total_time": 29.4565, "epochs": 100}