{"arquitecture": "C", "trainable_params": 18625, "non_trainable_params": 0, "train_metrics": {"mse": 1137.0992754395063, "mae": 29.064449783259455, "r2_score": -0.02276160070939337, "kendalltau": 0.11506695541268307, "pearsonr": 0.14454122160196314, "spearmanr": 0.17057010623020244}, "test_metrics": {"mse": 1166.7334887626826, "mae": 29.890881606510707, "r2": -0.021275530108778584, "kendalltau": 0.1294963057110316, "pearsonr": 0.17430767874171307, "spearmanr": 0.1911267641897373}, "total_time": 29.9905, "epochs": 100}