{"arquitecture": "A", "trainable_params": 67345, "non_trainable_params": 0, "train_metrics": {"mse": 1111.805089900078, "mae": 29.28623882784919, "r2_score": -1.0797635539461226e-05, "kendalltau": 0.11728181004974701, "pearsonr": 0.1395958972551749, "spearmanr": 0.1611206702565182}, "test_metrics": {"mse": 1142.4277866673467, "mae": 30.10625919699669, "r2": -4.686332499836965e-08, "kendalltau": 0.07494981938328685, "pearsonr": 0.09816360705539272, "spearmanr": 0.1032354926891711}, "total_time": 28.0515, "epochs": 100}