{"arquitecture": "B", "trainable_params": 132881, "non_trainable_params": 0, "train_metrics": {"mse": 1111.807067957791, "mae": 29.307193429233813, "r2_score": -1.2576795474394942e-05, "kendalltau": 0.047550442579342676, "pearsonr": 0.0719682408692244, "spearmanr": 0.06837469052561729}, "test_metrics": {"mse": 1142.475335705709, "mae": 30.12190871153559, "r2": -4.166791031434691e-05, "kendalltau": 0.009816647617686722, "pearsonr": 0.02766881074736145, "spearmanr": 0.013931977347853826}, "total_time": 23.0611, "epochs": 100}