{"arquitecture": "D", "trainable_params": 18625, "non_trainable_params": 0, "train_metrics": {"mse": 844.8484513777603, "mae": 23.067982266313326, "r2_score": 0.2401028009150823, "kendalltau": 0.5319600298410387, "pearsonr": 0.727516505850895, "spearmanr": 0.7285900249004549}, "test_metrics": {"mse": 1277.7711908545066, "mae": 28.73575879220984, "r2": -0.11847003867315431, "kendalltau": 0.1745353591427958, "pearsonr": 0.25019162552127444, "spearmanr": 0.2597946519780544}, "total_time": 51.6031, "epochs": 100}