{"arquitecture": "A", "trainable_params": 67345, "non_trainable_params": 0, "train_metrics": {"mse": 1111.8509823835623, "mae": 29.290727789747823, "r2_score": -5.207553526442865e-05, "kendalltau": 0.00224128552204195, "pearsonr": -0.04005194787076657, "spearmanr": 0.002722045990283056}, "test_metrics": {"mse": 1142.3995341340787, "mae": 30.108296811580658, "r2": 2.468339527128549e-05, "kendalltau": 0.00541198160052698, "pearsonr": 0.014711727498431202, "spearmanr": 0.006591363152878619}, "total_time": 17.4645, "epochs": 100}