{"arquitecture": "A", "trainable_params": 18193, "non_trainable_params": 0, "train_metrics": {"mse": 1111.8437863944416, "mae": 29.317836967822522, "r2_score": -4.560311767454195e-05, "kendalltau": -0.01503693254406581, "pearsonr": 0.0075118044635701115, "spearmanr": -0.018470714759645544}, "test_metrics": {"mse": 1142.5331423199034, "mae": 30.129744653190887, "r2": -9.226770977455168e-05, "kendalltau": -0.032211695060876955, "pearsonr": -0.025618186582995865, "spearmanr": -0.03951305617241242}, "total_time": 20.8943, "epochs": 100}