{"arquitecture": "C", "trainable_params": 18625, "non_trainable_params": 0, "train_metrics": {"mse": 660.6926472834671, "mae": 21.020702859669452, "r2_score": 0.40574135952079915, "kendalltau": 0.4705418160017772, "pearsonr": 0.6559570601888145, "spearmanr": 0.6551476431956376}, "test_metrics": {"mse": 756.8586329580856, "mae": 22.492749863437243, "r2": 0.33749977262468267, "kendalltau": 0.43047375911064023, "pearsonr": 0.6023476763051974, "spearmanr": 0.6141623937603787}, "total_time": 28.9594, "epochs": 100}