{"arquitecture": "A", "trainable_params": 67345, "non_trainable_params": 0, "train_metrics": {"mse": 1111.8024842599825, "mae": 29.28735108875441, "r2_score": -8.45399792370749e-06, "kendalltau": -0.012140586309850203, "pearsonr": -0.02021430917362195, "spearmanr": -0.01479328005158303}, "test_metrics": {"mse": 1142.3336828125368, "mae": 30.10542757170541, "r2": 8.232495948790053e-05, "kendalltau": 0.02032146032354739, "pearsonr": 0.02855702044916462, "spearmanr": 0.024749922426985402}, "total_time": 20.9107, "epochs": 100}