{"arquitecture": "D", "trainable_params": 25793, "non_trainable_params": 0, "train_metrics": {"mse": 656.7905912786972, "mae": 21.07971524966853, "r2_score": 0.40925105575550436, "kendalltau": 0.47793939121466583, "pearsonr": 0.6693241918216357, "spearmanr": 0.6688947724038699}, "test_metrics": {"mse": 869.4299007913877, "mae": 24.641568833629467, "r2": 0.23896288966146684, "kendalltau": 0.3435382294148103, "pearsonr": 0.4987179030851081, "spearmanr": 0.4985845197477137}, "total_time": 57.891, "epochs": 100}