{"arquitecture": "C", "trainable_params": 18625, "non_trainable_params": 0, "train_metrics": {"mse": 963.368091044244, "mae": 26.193767340346465, "r2_score": 0.133500555184215, "kendalltau": 0.3224299556848234, "pearsonr": 0.46484514110304775, "spearmanr": 0.46872015228161884}, "test_metrics": {"mse": 1079.9353002489675, "mae": 27.881849691271782, "r2": 0.05470143193148447, "kendalltau": 0.1929953718498342, "pearsonr": 0.32078222651815835, "spearmanr": 0.2848697415796297}, "total_time": 33.9398, "epochs": 100}