{"arquitecture": "D", "trainable_params": 18945, "non_trainable_params": 0, "train_metrics": {"mse": 481.24413345337626, "mae": 17.725930895986256, "r2_score": 0.5671459555960601, "kendalltau": 0.6170086443323094, "pearsonr": 0.8130952355533719, "spearmanr": 0.8148049628476687}, "test_metrics": {"mse": 1077.759269613622, "mae": 27.0287546236068, "r2": 0.056606174412993204, "kendalltau": 0.2314673898540215, "pearsonr": 0.3345959177663256, "spearmanr": 0.34297549447172043}, "total_time": 46.6937, "epochs": 100}