{"arquitecture": "A", "trainable_params": 67345, "non_trainable_params": 0, "train_metrics": {"mse": 1111.7974188386988, "mae": 29.30188619377169, "r2_score": -3.897915185513412e-06, "kendalltau": -0.04310939208838642, "pearsonr": -0.05731588266971635, "spearmanr": -0.05432189292873466}, "test_metrics": {"mse": 1142.4550462722489, "mae": 30.11800068616867, "r2": -2.3907983036641767e-05, "kendalltau": -0.06273285204460488, "pearsonr": -0.08066132403131086, "spearmanr": -0.0785956607707608}, "total_time": 21.2573, "epochs": 100}