{"arquitecture": "C", "trainable_params": 18945, "non_trainable_params": 0, "train_metrics": {"mse": 548.1924150845574, "mae": 19.076905639506002, "r2_score": 0.5069294616057841, "kendalltau": 0.5904549711531689, "pearsonr": 0.7825403708044092, "spearmanr": 0.7918882989499743}, "test_metrics": {"mse": 1044.774852455003, "mae": 26.95005322779928, "r2": 0.0854783876848707, "kendalltau": 0.23482870863080335, "pearsonr": 0.35290338552384676, "spearmanr": 0.3463117422026989}, "total_time": 49.2633, "epochs": 100}