{"arquitecture": "B", "trainable_params": 132881, "non_trainable_params": 0, "train_metrics": {"mse": 1111.80816119129, "mae": 29.307660020213767, "r2_score": -1.3560102092968762e-05, "kendalltau": 0.15504911273809718, "pearsonr": 0.214976415927354, "spearmanr": 0.2193367039090345}, "test_metrics": {"mse": 1142.477228904665, "mae": 30.122250063078745, "r2": -4.332508205573404e-05, "kendalltau": 0.19335363629492758, "pearsonr": 0.25695322179620717, "spearmanr": 0.27136906906204034}, "total_time": 24.7985, "epochs": 100}