{"arquitecture": "C", "trainable_params": 18945, "non_trainable_params": 0, "train_metrics": {"mse": 555.9891049442571, "mae": 19.327707346972808, "r2_score": 0.4999167449737565, "kendalltau": 0.5385232318986981, "pearsonr": 0.7352954488206745, "spearmanr": 0.7348498140402089}, "test_metrics": {"mse": 1049.8213691960798, "mae": 26.878764643200807, "r2": 0.0810610257855291, "kendalltau": 0.2279901813813736, "pearsonr": 0.337645047973797, "spearmanr": 0.3337788396316803}, "total_time": 37.4026, "epochs": 100}