{"arquitecture": "D", "trainable_params": 18625, "non_trainable_params": 0, "train_metrics": {"mse": 1111.8098925305312, "mae": 29.284066513886916, "r2_score": -1.5117351606530605e-05, "kendalltau": 0.01371320979004269, "pearsonr": 0.009254672874172452, "spearmanr": 0.02103288692268039}, "test_metrics": {"mse": 1142.429068020761, "mae": 30.104651361703873, "r2": -1.168468987344795e-06, "kendalltau": 0.008959011933619934, "pearsonr": -0.00048534109709451106, "spearmanr": 0.01303553182532291}, "total_time": 27.4716, "epochs": 100}