{"arquitecture": "A", "trainable_params": 91921, "non_trainable_params": 0, "train_metrics": {"mse": 965.8827064882981, "mae": 26.815919942750835, "r2_score": 0.13123878950352252, "kendalltau": 0.27414593516678715, "pearsonr": 0.36874001182742916, "spearmanr": 0.3517095849791165}, "test_metrics": {"mse": 1004.3120640958095, "mae": 27.72527607849666, "r2": 0.1208966353217309, "kendalltau": 0.2747337017703635, "pearsonr": 0.3526089910072649, "spearmanr": 0.3529239925839357}, "total_time": 17.1914, "epochs": 100}