{"arquitecture": "B", "trainable_params": 91921, "non_trainable_params": 0, "train_metrics": {"mse": 985.8211128297776, "mae": 27.4105223568505, "r2_score": 0.1133052309956043, "kendalltau": 0.25161940072464734, "pearsonr": 0.3579481731127061, "spearmanr": 0.3361582080406204}, "test_metrics": {"mse": 1008.7928595494101, "mae": 27.958237171173096, "r2": 0.11697446560923064, "kendalltau": 0.2632727127287413, "pearsonr": 0.3709560026319094, "spearmanr": 0.34950608164716096}, "total_time": 16.4163, "epochs": 100}