{"arquitecture": "B", "trainable_params": 67345, "non_trainable_params": 0, "train_metrics": {"mse": 1027.9068698262304, "mae": 28.12313384973244, "r2_score": 0.07545128356773212, "kendalltau": 0.4065829996761847, "pearsonr": 0.5335069902414518, "spearmanr": 0.5718652701346645}, "test_metrics": {"mse": 1066.337449988691, "mae": 29.012975292546408, "r2": 0.06660402311160962, "kendalltau": 0.3885883792487382, "pearsonr": 0.4864987444719702, "spearmanr": 0.5533742161332821}, "total_time": 21.2637, "epochs": 100}