{"arquitecture": "C", "trainable_params": 18945, "non_trainable_params": 0, "train_metrics": {"mse": 510.310545459744, "mae": 18.674750629996158, "r2_score": 0.5410022311978353, "kendalltau": 0.5869470865268153, "pearsonr": 0.7833214845378604, "spearmanr": 0.7875213020858041}, "test_metrics": {"mse": 1048.592357084647, "mae": 27.35166424140334, "r2": 0.08213681559331532, "kendalltau": 0.21085375459357966, "pearsonr": 0.3173556900297097, "spearmanr": 0.31456980169892607}, "total_time": 41.625, "epochs": 100}