{"arquitecture": "C", "trainable_params": 20161, "non_trainable_params": 0, "train_metrics": {"mse": 680.1941123957897, "mae": 21.600344003644956, "r2_score": 0.38820080690128544, "kendalltau": 0.4458783168305643, "pearsonr": 0.6321516811427806, "spearmanr": 0.627212742563119}, "test_metrics": {"mse": 761.4542373186786, "mae": 22.65543267729559, "r2": 0.3334771073590168, "kendalltau": 0.4215846764029871, "pearsonr": 0.5788192551361867, "spearmanr": 0.5963550005700913}, "total_time": 30.9759, "epochs": 100}