{"arquitecture": "C", "trainable_params": 18625, "non_trainable_params": 0, "train_metrics": {"mse": 986.8743889906463, "mae": 25.68024233164771, "r2_score": 0.11235786392260816, "kendalltau": 0.4110884246807515, "pearsonr": 0.5964200513092192, "spearmanr": 0.5869740867175127}, "test_metrics": {"mse": 1235.1792077597752, "mae": 28.7394970155188, "r2": -0.08118804537099433, "kendalltau": 0.16631809656081975, "pearsonr": 0.26586840190849903, "spearmanr": 0.24684003640838884}, "total_time": 35.3607, "epochs": 100}