{"arquitecture": "D", "trainable_params": 18625, "non_trainable_params": 0, "train_metrics": {"mse": 1112.7626681347895, "mae": 29.40868251137667, "r2_score": -0.0008720894060048057, "kendalltau": 0.17374939246344148, "pearsonr": 0.2440655766667984, "spearmanr": 0.25743891519132833}, "test_metrics": {"mse": 1143.559189382125, "mae": 30.193247411932266, "r2": -0.0009903963462452037, "kendalltau": 0.1983349846656275, "pearsonr": 0.2949374356575914, "spearmanr": 0.29407531828782857}, "total_time": 32.3857, "epochs": 100}