{"arquitecture": "B", "trainable_params": 91921, "non_trainable_params": 0, "train_metrics": {"mse": 987.9561070616138, "mae": 27.52318574458917, "r2_score": 0.11138491483216806, "kendalltau": 0.25561571046038023, "pearsonr": 0.3603669771989582, "spearmanr": 0.3432448956650731}, "test_metrics": {"mse": 1022.5785807232553, "mae": 28.288718811103276, "r2": 0.10490742559079291, "kendalltau": 0.2544171269700212, "pearsonr": 0.3518393566036465, "spearmanr": 0.34074627516668937}, "total_time": 16.3108, "epochs": 100}