{"arquitecture": "C", "trainable_params": 18945, "non_trainable_params": 0, "train_metrics": {"mse": 624.0469455291466, "mae": 20.05491060820306, "r2_score": 0.4387022604684153, "kendalltau": 0.6029111349226223, "pearsonr": 0.7997972030365602, "spearmanr": 0.7977460910212166}, "test_metrics": {"mse": 1175.844543554692, "mae": 27.405508571138075, "r2": -0.029250699590223306, "kendalltau": 0.24386819882927976, "pearsonr": 0.3665995513964385, "spearmanr": 0.3597485490564131}, "total_time": 36.8192, "epochs": 100}