{"arquitecture": "A", "trainable_params": 91921, "non_trainable_params": 0, "train_metrics": {"mse": 952.9265693166557, "mae": 26.682381801139574, "r2_score": 0.14289216039108887, "kendalltau": 0.26660362456130304, "pearsonr": 0.382919792249401, "spearmanr": 0.3654164088326654}, "test_metrics": {"mse": 990.7824015265087, "mae": 27.431290430682047, "r2": 0.13273953984597586, "kendalltau": 0.2602597448994157, "pearsonr": 0.368698540985543, "spearmanr": 0.35709754443286457}, "total_time": 17.5876, "epochs": 100}