{"arquitecture": "D", "trainable_params": 18945, "non_trainable_params": 0, "train_metrics": {"mse": 663.6335951432059, "mae": 20.80798233074683, "r2_score": 0.40309613002712386, "kendalltau": 0.5174493074966511, "pearsonr": 0.713994791742674, "spearmanr": 0.7121460568546287}, "test_metrics": {"mse": 1107.2830578634132, "mae": 26.830027005768248, "r2": 0.030763149603959206, "kendalltau": 0.24846565446544333, "pearsonr": 0.36046416844903645, "spearmanr": 0.36577955212047975}, "total_time": 35.5329, "epochs": 100}