{"arquitecture": "D", "trainable_params": 18625, "non_trainable_params": 0, "train_metrics": {"mse": 847.2555180904893, "mae": 24.27662230336877, "r2_score": 0.23793776971921454, "kendalltau": 0.3593523991044287, "pearsonr": 0.5101476809953438, "spearmanr": 0.5165451976111123}, "test_metrics": {"mse": 893.6096037255605, "mae": 24.847679913043976, "r2": 0.21779769712194508, "kendalltau": 0.3354162249103556, "pearsonr": 0.4964381986947461, "spearmanr": 0.4869136621440604}, "total_time": 27.6612, "epochs": 100}