{"arquitecture": "D", "trainable_params": 18625, "non_trainable_params": 0, "train_metrics": {"mse": 827.7058703653715, "mae": 24.0223044472599, "r2_score": 0.2555216600905439, "kendalltau": 0.3741908640979157, "pearsonr": 0.5296149317958371, "spearmanr": 0.5353230997912188}, "test_metrics": {"mse": 1043.9214483655417, "mae": 26.98681406889643, "r2": 0.08622539693955988, "kendalltau": 0.2074344909688648, "pearsonr": 0.3312830099879855, "spearmanr": 0.30855786806388397}, "total_time": 36.7657, "epochs": 100}