{"arquitecture": "A", "trainable_params": 91921, "non_trainable_params": 0, "train_metrics": {"mse": 1025.8335604219744, "mae": 28.06102930181274, "r2_score": 0.07731611744008071, "kendalltau": 0.2739526652291874, "pearsonr": 0.3429580371887021, "spearmanr": 0.3342516867150603}, "test_metrics": {"mse": 1060.137094429271, "mae": 28.9778350847108, "r2": 0.07203137346350963, "kendalltau": 0.27154654320971017, "pearsonr": 0.32655210582723043, "spearmanr": 0.33072209244572476}, "total_time": 22.5743, "epochs": 100}