{"arquitecture": "B", "trainable_params": 91921, "non_trainable_params": 0, "train_metrics": {"mse": 974.3213884695828, "mae": 27.070381754377117, "r2_score": 0.12364863438032958, "kendalltau": 0.27712980790270136, "pearsonr": 0.3676938165376354, "spearmanr": 0.3554293004950017}, "test_metrics": {"mse": 1014.7344590323943, "mae": 27.958286157676152, "r2": 0.11177361192660096, "kendalltau": 0.27224409599671046, "pearsonr": 0.3474756390630529, "spearmanr": 0.34854479928382065}, "total_time": 16.6572, "epochs": 100}