{"arquitecture": "D", "trainable_params": 19649, "non_trainable_params": 0, "train_metrics": {"mse": 743.485019961108, "mae": 22.016417042269783, "r2_score": 0.3312739304798441, "kendalltau": 0.4537081161340029, "pearsonr": 0.6357636804168062, "spearmanr": 0.6382347751548881}, "test_metrics": {"mse": 888.6700848088303, "mae": 23.338966732312524, "r2": 0.2221214007344262, "kendalltau": 0.39231537868878547, "pearsonr": 0.5413923359401337, "spearmanr": 0.5587510958954074}, "total_time": 33.7831, "epochs": 100}