{"arquitecture": "C", "trainable_params": 20161, "non_trainable_params": 0, "train_metrics": {"mse": 506.20714464674506, "mae": 18.197120184759136, "r2_score": 0.5446930266055037, "kendalltau": 0.5435784714392556, "pearsonr": 0.7416867415603082, "spearmanr": 0.7414273732024187}, "test_metrics": {"mse": 743.0090616902269, "mae": 21.91164978334148, "r2": 0.3496227024750649, "kendalltau": 0.41577894725721015, "pearsonr": 0.5943610416860816, "spearmanr": 0.5953060568462539}, "total_time": 30.681, "epochs": 100}