{"arquitecture": "A", "trainable_params": 91921, "non_trainable_params": 0, "train_metrics": {"mse": 1031.2475062690348, "mae": 28.16026729622088, "r2_score": 0.07244655500143315, "kendalltau": 0.2673278817496337, "pearsonr": 0.33664125129968214, "spearmanr": 0.32621890484011884}, "test_metrics": {"mse": 1058.5131757583063, "mae": 28.90472317167691, "r2": 0.07345283639186173, "kendalltau": 0.28353163866118525, "pearsonr": 0.34452488253753044, "spearmanr": 0.34532876885204816}, "total_time": 17.1949, "epochs": 100}