{"arquitecture": "D", "trainable_params": 18625, "non_trainable_params": 0, "train_metrics": {"mse": 1154.0135651713326, "mae": 27.380679961880638, "r2_score": -0.03797512376286516, "kendalltau": 0.3155337235535109, "pearsonr": 0.45388029345334346, "spearmanr": 0.4567839978992304}, "test_metrics": {"mse": 1253.2034136884643, "mae": 28.231622025370598, "r2": -0.09696515354685786, "kendalltau": 0.22235992764155713, "pearsonr": 0.3590406959081514, "spearmanr": 0.3297370215963824}, "total_time": 45.6461, "epochs": 100}