{"arquitecture": "A", "trainable_params": 67345, "non_trainable_params": 0, "train_metrics": {"mse": 1002.608246529564, "mae": 27.77069213231709, "r2_score": 0.09820607817319127, "kendalltau": 0.4230117007412326, "pearsonr": 0.5541869265757317, "spearmanr": 0.5912752326161363}, "test_metrics": {"mse": 1043.2334130272213, "mae": 28.6977721793311, "r2": 0.08682765414880655, "kendalltau": 0.3986300910042392, "pearsonr": 0.5007571884881569, "spearmanr": 0.5647281110227734}, "total_time": 23.1868, "epochs": 100}