{"arquitecture": "D", "trainable_params": 18945, "non_trainable_params": 0, "train_metrics": {"mse": 524.5330694875388, "mae": 18.922924090895485, "r2_score": 0.5282098112614382, "kendalltau": 0.5858688300196043, "pearsonr": 0.7795621081296779, "spearmanr": 0.7828679596272363}, "test_metrics": {"mse": 1043.4403478503416, "mae": 26.935209855304233, "r2": 0.08664651811969981, "kendalltau": 0.23077773354463088, "pearsonr": 0.33732024078650485, "spearmanr": 0.33935733165162374}, "total_time": 36.622, "epochs": 100}