{"arquitecture": "B", "trainable_params": 165649, "non_trainable_params": 0, "train_metrics": {"mse": 1111.8041234172097, "mae": 29.305839266487148, "r2_score": -9.928334514741621e-06, "kendalltau": 0.040472753949159786, "pearsonr": 0.05411540074302139, "spearmanr": 0.05655037801253071}, "test_metrics": {"mse": 1142.4695793138478, "mae": 30.120910154921667, "r2": -3.662917421376477e-05, "kendalltau": 0.06620959725108849, "pearsonr": 0.08468008299312495, "spearmanr": 0.09605465678946778}, "total_time": 24.3804, "epochs": 100}