{"arquitecture": "C", "trainable_params": 18625, "non_trainable_params": 0, "train_metrics": {"mse": 821.4209115284483, "mae": 24.327295652127482, "r2_score": 0.261174653368514, "kendalltau": 0.3703548450043821, "pearsonr": 0.5295744551943457, "spearmanr": 0.5326780786793964}, "test_metrics": {"mse": 864.1054182059585, "mae": 25.021049865654536, "r2": 0.24362356309491395, "kendalltau": 0.35025643067158146, "pearsonr": 0.5105855418886103, "spearmanr": 0.5087275290254739}, "total_time": 30.9211, "epochs": 100}