{"arquitecture": "C", "trainable_params": 18945, "non_trainable_params": 0, "train_metrics": {"mse": 567.4200596046427, "mae": 19.405824326310448, "r2_score": 0.48963519635384933, "kendalltau": 0.5480205185958674, "pearsonr": 0.7444177193070909, "spearmanr": 0.7453860833305583}, "test_metrics": {"mse": 1053.347754280907, "mae": 26.780510611299956, "r2": 0.0779742790421114, "kendalltau": 0.24548257256411585, "pearsonr": 0.3604427119814821, "spearmanr": 0.3618586239213252}, "total_time": 37.8068, "epochs": 100}