{"arquitecture": "D", "trainable_params": 20161, "non_trainable_params": 0, "train_metrics": {"mse": 551.7097689942709, "mae": 19.378585649940486, "r2_score": 0.5037657848779369, "kendalltau": 0.5230682219620065, "pearsonr": 0.7209063697836497, "spearmanr": 0.720629060117781}, "test_metrics": {"mse": 797.9322441339758, "mae": 22.86305495324944, "r2": 0.30154685412945337, "kendalltau": 0.38063373023484753, "pearsonr": 0.5505087406037191, "spearmanr": 0.5480238914061654}, "total_time": 30.2255, "epochs": 100}