{"arquitecture": "D", "trainable_params": 20161, "non_trainable_params": 0, "train_metrics": {"mse": 695.4825192784532, "mae": 21.598014447379764, "r2_score": 0.3744496808269454, "kendalltau": 0.4693649499812392, "pearsonr": 0.6544450188001357, "spearmanr": 0.6546714307398254}, "test_metrics": {"mse": 775.3607058660408, "mae": 22.48265730469887, "r2": 0.3213043736761001, "kendalltau": 0.4309099408340276, "pearsonr": 0.5993567664400581, "spearmanr": 0.6118231770993707}, "total_time": 32.0001, "epochs": 100}