{"arquitecture": "C", "trainable_params": 18625, "non_trainable_params": 0, "train_metrics": {"mse": 790.690853424288, "mae": 22.699584785518947, "r2_score": 0.28881474082205294, "kendalltau": 0.48469738536392615, "pearsonr": 0.6762022071169961, "spearmanr": 0.6755934586074014}, "test_metrics": {"mse": 1153.827732193202, "mae": 27.84800310699003, "r2": -0.00997874853106917, "kendalltau": 0.2064618558615412, "pearsonr": 0.3045904299931661, "spearmanr": 0.30411054521042663}, "total_time": 39.2728, "epochs": 100}