{"arquitecture": "B", "trainable_params": 67345, "non_trainable_params": 0, "train_metrics": {"mse": 1111.8022086184428, "mae": 29.304877789297876, "r2_score": -8.20607270868301e-06, "kendalltau": 0.07006151885537895, "pearsonr": 0.06309857776505401, "spearmanr": 0.09475953019785104}, "test_metrics": {"mse": 1142.4657839061867, "mae": 30.12020284788949, "r2": -3.330694423708813e-05, "kendalltau": 0.05061249724402824, "pearsonr": 0.05980062082486073, "spearmanr": 0.06713719107187151}, "total_time": 22.1583, "epochs": 100}