{"arquitecture": "B", "trainable_params": 91921, "non_trainable_params": 0, "train_metrics": {"mse": 1002.4933188874854, "mae": 27.68768372451249, "r2_score": 0.09830944960409171, "kendalltau": 0.26316530904220986, "pearsonr": 0.35112657402349357, "spearmanr": 0.33808775878279407}, "test_metrics": {"mse": 1035.2561253173376, "mae": 28.536412511553085, "r2": 0.09381040454828427, "kendalltau": 0.2663643431228955, "pearsonr": 0.34310343880878247, "spearmanr": 0.34034171847150557}, "total_time": 21.7629, "epochs": 100}