{"arquitecture": "C", "trainable_params": 19649, "non_trainable_params": 0, "train_metrics": {"mse": 633.3875750855664, "mae": 20.742256017379525, "r2_score": 0.43030085045690625, "kendalltau": 0.47360977761678985, "pearsonr": 0.663498612754436, "spearmanr": 0.6620485303592452}, "test_metrics": {"mse": 775.012032507388, "mae": 22.615605824893073, "r2": 0.321609577540241, "kendalltau": 0.40438808661886383, "pearsonr": 0.5689722338356095, "spearmanr": 0.5751610236012952}, "total_time": 34.5316, "epochs": 100}