{"arquitecture": "A", "trainable_params": 132881, "non_trainable_params": 0, "train_metrics": {"mse": 1110.625546791543, "mae": 29.198004692008244, "r2_score": 0.0010501399834073055, "kendalltau": 0.21819448841647165, "pearsonr": 0.28727692568165714, "spearmanr": 0.3202774694793616}, "test_metrics": {"mse": 1141.0821001560432, "mae": 30.02840323959078, "r2": 0.001177871417437748, "kendalltau": 0.22198000258238676, "pearsonr": 0.27949647945441874, "spearmanr": 0.3263093847620746}, "total_time": 24.4949, "epochs": 100}