{"arquitecture": "D", "trainable_params": 18625, "non_trainable_params": 0, "train_metrics": {"mse": 898.7533670422778, "mae": 24.355046523821418, "r2_score": 0.19161813557235097, "kendalltau": 0.42485011319617993, "pearsonr": 0.5924306713371298, "spearmanr": 0.6022042659336735}, "test_metrics": {"mse": 1194.3344795974795, "mae": 28.267977397356713, "r2": -0.045435474790085806, "kendalltau": 0.16963207494195834, "pearsonr": 0.278148245738609, "spearmanr": 0.2543032320054244}, "total_time": 49.2886, "epochs": 100}