{"arquitecture": "A", "trainable_params": 91921, "non_trainable_params": 0, "train_metrics": {"mse": 978.72167635515, "mae": 27.213231011404837, "r2_score": 0.11969080450686898, "kendalltau": 0.2748794628751402, "pearsonr": 0.3656650125452224, "spearmanr": 0.3559034132560934}, "test_metrics": {"mse": 1016.4513377340212, "mae": 28.03947616474969, "r2": 0.1102707783977579, "kendalltau": 0.2709380552457826, "pearsonr": 0.34965654205859353, "spearmanr": 0.3497005740015585}, "total_time": 17.5721, "epochs": 100}