{"arquitecture": "B", "trainable_params": 91921, "non_trainable_params": 0, "train_metrics": {"mse": 969.6252026397932, "mae": 26.997426258998377, "r2_score": 0.12787260905012943, "kendalltau": 0.2674311314821266, "pearsonr": 0.37131861522177, "spearmanr": 0.3559466008275366}, "test_metrics": {"mse": 999.2842895773516, "mae": 27.738075869424, "r2": 0.12529759161214393, "kendalltau": 0.2740994710449597, "pearsonr": 0.36976345635650687, "spearmanr": 0.3646965159754603}, "total_time": 16.5994, "epochs": 100}