{"arquitecture": "D", "trainable_params": 18625, "non_trainable_params": 0, "train_metrics": {"mse": 794.4341445018316, "mae": 23.779809136205795, "r2_score": 0.2854478453740632, "kendalltau": 0.37648377142688877, "pearsonr": 0.5372864807271222, "spearmanr": 0.5403233476906664}, "test_metrics": {"mse": 1021.3983449791598, "mae": 27.057808211871556, "r2": 0.10594052003508003, "kendalltau": 0.23594673764592272, "pearsonr": 0.3448061203444377, "spearmanr": 0.3474935462922729}, "total_time": 28.4575, "epochs": 100}