{"arquitecture": "A", "trainable_params": 67345, "non_trainable_params": 0, "train_metrics": {"mse": 896.1242798699479, "mae": 25.547199690267764, "r2_score": 0.19398286261321307, "kendalltau": 0.3742568433390245, "pearsonr": 0.5037097534154772, "spearmanr": 0.5346592339440728}, "test_metrics": {"mse": 918.6148021695678, "mae": 25.943916041936195, "r2": 0.19590992451377143, "kendalltau": 0.3668814719905764, "pearsonr": 0.5137088190642898, "spearmanr": 0.5329378959314615}, "total_time": 11.362, "epochs": 50}