{"arquitecture": "D", "trainable_params": 18625, "non_trainable_params": 0, "train_metrics": {"mse": 1070.8461317195774, "mae": 26.806732934647737, "r2_score": 0.03682965291868856, "kendalltau": 0.3039069876763708, "pearsonr": 0.4549415848477848, "spearmanr": 0.44272141771126466}, "test_metrics": {"mse": 1172.60267860872, "mae": 28.015510367495672, "r2": -0.02641300154424564, "kendalltau": 0.21563671280175856, "pearsonr": 0.3374079497959983, "spearmanr": 0.32126131939973496}, "total_time": 15.3765, "epochs": 50}