{"arquitecture": "A", "trainable_params": 132881, "non_trainable_params": 0, "train_metrics": {"mse": 1111.794002644939, "mae": 29.293004243667188, "r2_score": -8.252267458264129e-07, "kendalltau": 0.10696077837196354, "pearsonr": 0.13344531011853694, "spearmanr": 0.1388426679737775}, "test_metrics": {"mse": 1142.432355308918, "mae": 30.111369456563676, "r2": -4.045927282314565e-06, "kendalltau": 0.16107968294903147, "pearsonr": 0.21323929164612862, "spearmanr": 0.21001612582778148}, "total_time": 12.4161, "epochs": 50}