{"arquitecture": "C", "trainable_params": 19649, "non_trainable_params": 0, "train_metrics": {"mse": 849.7053602963434, "mae": 24.904923813373863, "r2_score": 0.2357342641941792, "kendalltau": 0.3381752618405731, "pearsonr": 0.49518652605030006, "spearmanr": 0.48741143292080935}, "test_metrics": {"mse": 896.9632532509777, "mae": 25.501192918845586, "r2": 0.214862150804078, "kendalltau": 0.3172971358491832, "pearsonr": 0.4702854215963635, "spearmanr": 0.4595228715072077}, "total_time": 16.5842, "epochs": 50}