{"arquitecture": "C", "trainable_params": 19649, "non_trainable_params": 0, "train_metrics": {"mse": 884.2286338827771, "mae": 25.11533640993446, "r2_score": 0.20468237688966762, "kendalltau": 0.32629785442264503, "pearsonr": 0.46560576903808887, "spearmanr": 0.46878510362761716}, "test_metrics": {"mse": 889.3630405183621, "mae": 25.20603986510209, "r2": 0.2215148365821068, "kendalltau": 0.32563472442381786, "pearsonr": 0.4872984520765409, "spearmanr": 0.47251615147036796}, "total_time": 15.8841, "epochs": 50}