{"arquitecture": "C", "trainable_params": 18945, "non_trainable_params": 0, "train_metrics": {"mse": 872.0970523151245, "mae": 25.315453743466698, "r2_score": 0.2155941029379259, "kendalltau": 0.33136896036801566, "pearsonr": 0.482449782809664, "spearmanr": 0.47859030421728604}, "test_metrics": {"mse": 988.6442623503026, "mae": 27.22470923619611, "r2": 0.13461111483860078, "kendalltau": 0.24679613131730543, "pearsonr": 0.36832844096815953, "spearmanr": 0.36135379290395514}, "total_time": 17.1335, "epochs": 50}