{"arquitecture": "B", "trainable_params": 91921, "non_trainable_params": 0, "train_metrics": {"mse": 1046.9627858161039, "mae": 28.411540283889735, "r2_score": 0.05831147918851143, "kendalltau": 0.2720069743698329, "pearsonr": 0.3625232790190751, "spearmanr": 0.35194671415892376}, "test_metrics": {"mse": 1077.9554738473998, "mae": 29.20092761516571, "r2": 0.056434431178749134, "kendalltau": 0.27867968459938586, "pearsonr": 0.3603563659961752, "spearmanr": 0.35801733416019044}, "total_time": 10.0986, "epochs": 50}