{"arquitecture": "D", "trainable_params": 18625, "non_trainable_params": 0, "train_metrics": {"mse": 1032.8032994334974, "mae": 26.417754758083404, "r2_score": 0.07104720004481047, "kendalltau": 0.30127401491154926, "pearsonr": 0.4477788980914964, "spearmanr": 0.4379018947484513}, "test_metrics": {"mse": 1153.927069413571, "mae": 27.78082256231989, "r2": -0.0100657012699501, "kendalltau": 0.2083369359138042, "pearsonr": 0.3203756029605206, "spearmanr": 0.3073473597287836}, "total_time": 13.4341, "epochs": 50}