{"arquitecture": "D", "trainable_params": 18625, "non_trainable_params": 0, "train_metrics": {"mse": 1246.2918439715263, "mae": 28.287024347790123, "r2_score": -0.12097463152344745, "kendalltau": 0.25350910576631364, "pearsonr": 0.3785497124834367, "spearmanr": 0.374160784016096}, "test_metrics": {"mse": 1304.0315655393974, "mae": 28.805491849780083, "r2": -0.14145650330751436, "kendalltau": 0.21230268008851014, "pearsonr": 0.32648560235401963, "spearmanr": 0.3160630397619044}, "total_time": 21.8192, "epochs": 50}