{"arquitecture": "D", "trainable_params": 20161, "non_trainable_params": 0, "train_metrics": {"mse": 1067.8518972519448, "mae": 27.593215138904213, "r2_score": 0.03952281094205612, "kendalltau": 0.20737909115548245, "pearsonr": 0.3213793863515764, "spearmanr": 0.30407359853117794}, "test_metrics": {"mse": 1096.4114483460537, "mae": 28.197438721145904, "r2": 0.04027938349962956, "kendalltau": 0.22593461234012271, "pearsonr": 0.31098890533267276, "spearmanr": 0.3326202925710305}, "total_time": 15.3584, "epochs": 50}