{"arquitecture": "C", "trainable_params": 17793, "non_trainable_params": 0, "train_metrics": {"mse": 916.9541581719436, "mae": 25.336255339243127, "r2_score": 0.1752474714869664, "kendalltau": 0.3197610410446683, "pearsonr": 0.4686388312077328, "spearmanr": 0.4628856449904821}, "test_metrics": {"mse": 968.7179971482556, "mae": 26.060534683721407, "r2": 0.15205315044768408, "kendalltau": 0.29079533596612916, "pearsonr": 0.4395682306205381, "spearmanr": 0.4258350484270137}, "total_time": 14.1455, "epochs": 50}