{"arquitecture": "C", "trainable_params": 18625, "non_trainable_params": 0, "train_metrics": {"mse": 1118.5001389621514, "mae": 29.112853174862423, "r2_score": -0.006032645721677277, "kendalltau": 0.1237125662813715, "pearsonr": 0.16713443690080373, "spearmanr": 0.18277515563374572}, "test_metrics": {"mse": 1148.5566436572271, "mae": 29.960910401174, "r2": -0.005364812451684964, "kendalltau": 0.14595743122820223, "pearsonr": 0.1997730644298592, "spearmanr": 0.2146114766113215}, "total_time": 13.8063, "epochs": 50}