{"arquitecture": "A", "trainable_params": 91921, "non_trainable_params": 0, "train_metrics": {"mse": 1065.8010953756418, "mae": 28.631577000086132, "r2_score": 0.041367400464756066, "kendalltau": 0.2679419497230884, "pearsonr": 0.34028227401223315, "spearmanr": 0.3346662093019924}, "test_metrics": {"mse": 1094.6703578982313, "mae": 29.428610729319708, "r2": 0.04180341026940426, "kendalltau": 0.27774223506516466, "pearsonr": 0.35127553570350895, "spearmanr": 0.3464813616898361}, "total_time": 11.927, "epochs": 50}