{"arquitecture": "D", "trainable_params": 19649, "non_trainable_params": 0, "train_metrics": {"mse": 772.6984306494473, "mae": 23.158654135685325, "r2_score": 0.3049979884199582, "kendalltau": 0.40084959814341586, "pearsonr": 0.5707540813969687, "spearmanr": 0.5706388090474511}, "test_metrics": {"mse": 813.9852349389919, "mae": 23.628955331231868, "r2": 0.28749520750053015, "kendalltau": 0.38712632025538385, "pearsonr": 0.5474417637881998, "spearmanr": 0.5591362633260069}, "total_time": 16.5615, "epochs": 50}