{"arquitecture": "A", "trainable_params": 91921, "non_trainable_params": 0, "train_metrics": {"mse": 1039.7435441490136, "mae": 28.303751735952037, "r2_score": 0.06480481123332116, "kendalltau": 0.2691078757429279, "pearsonr": 0.35201608634830983, "spearmanr": 0.3414013138935598}, "test_metrics": {"mse": 1074.9274155239996, "mae": 29.244832456111908, "r2": 0.05908497811103153, "kendalltau": 0.26393811906181563, "pearsonr": 0.33156489618432394, "spearmanr": 0.33521997569040923}, "total_time": 11.0298, "epochs": 50}