{"arquitecture": "B", "trainable_params": 91921, "non_trainable_params": 0, "train_metrics": {"mse": 1066.8499674760455, "mae": 28.72250943072051, "r2_score": 0.040423994614872116, "kendalltau": 0.2734184559264214, "pearsonr": 0.34794463767375605, "spearmanr": 0.33507279323994377}, "test_metrics": {"mse": 1098.0979586942506, "mae": 29.531263606888906, "r2": 0.038803132267897555, "kendalltau": 0.2772163558392205, "pearsonr": 0.34041535839673487, "spearmanr": 0.33854050458985196}, "total_time": 9.9308, "epochs": 50}