{"arquitecture": "C", "trainable_params": 18945, "non_trainable_params": 0, "train_metrics": {"mse": 1047.5466378094181, "mae": 26.12603595470515, "r2_score": 0.0577863347159423, "kendalltau": 0.3543297524231974, "pearsonr": 0.5169212317079318, "spearmanr": 0.5090781353849739}, "test_metrics": {"mse": 1181.6967099266803, "mae": 27.547840405288817, "r2": -0.03437326988704026, "kendalltau": 0.27289183097513675, "pearsonr": 0.3854218176298174, "spearmanr": 0.3966454417201715}, "total_time": 15.9204, "epochs": 50}