{"arquitecture": "A", "trainable_params": 91921, "non_trainable_params": 0, "train_metrics": {"mse": 1008.2675721322763, "mae": 27.801272878468808, "r2_score": 0.09311580941883957, "kendalltau": 0.27166124988689927, "pearsonr": 0.3522582151369933, "spearmanr": 0.3425186350501308}, "test_metrics": {"mse": 1040.0025938810747, "mae": 28.618010746581213, "r2": 0.08965568348707942, "kendalltau": 0.27715628406859905, "pearsonr": 0.3446822725528483, "spearmanr": 0.3482859086622189}, "total_time": 12.2961, "epochs": 50}