{"arquitecture": "A", "trainable_params": 67345, "non_trainable_params": 0, "train_metrics": {"mse": 1111.7966094798128, "mae": 29.301250317154917, "r2_score": -3.1699390028450125e-06, "kendalltau": 0.03812280078628127, "pearsonr": 0.032538646339354035, "spearmanr": 0.04691764100944811}, "test_metrics": {"mse": 1142.4529672687718, "mae": 30.11753230861255, "r2": -2.208817123006135e-05, "kendalltau": 0.05501690659748612, "pearsonr": 0.04949312745085754, "spearmanr": 0.06756425863067635}, "total_time": 12.1276, "epochs": 50}