{"arquitecture": "B", "trainable_params": 165649, "non_trainable_params": 0, "train_metrics": {"mse": 1111.826642826441, "mae": 29.279573052508116, "r2_score": -3.0183370754555128e-05, "kendalltau": 0.07809667144748249, "pearsonr": 0.13586695772212837, "spearmanr": 0.11356200538583341}, "test_metrics": {"mse": 1142.4339430890375, "mae": 30.101216648306167, "r2": -5.435757092442373e-06, "kendalltau": 0.06379038517842028, "pearsonr": 0.12562296233749226, "spearmanr": 0.09356972168479917}, "total_time": 11.8935, "epochs": 50}