{"arquitecture": "A", "trainable_params": 91921, "non_trainable_params": 0, "train_metrics": {"mse": 1038.7893242845541, "mae": 28.281559775696238, "r2_score": 0.06566308232458173, "kendalltau": 0.27065522261258285, "pearsonr": 0.3387825440524317, "spearmanr": 0.33012002511117744}, "test_metrics": {"mse": 1061.210901119506, "mae": 28.95952500615801, "r2": 0.07109143944484453, "kendalltau": 0.3001151580458423, "pearsonr": 0.3678806385180825, "spearmanr": 0.366397718986457}, "total_time": 11.2433, "epochs": 50}