{"arquitecture": "D", "trainable_params": 25793, "non_trainable_params": 0, "train_metrics": {"mse": 893.050748288342, "mae": 24.418781909997126, "r2_score": 0.1967473442623806, "kendalltau": 0.39575230295187647, "pearsonr": 0.565960657768653, "spearmanr": 0.5648195563940271}, "test_metrics": {"mse": 1003.2861459893887, "mae": 26.028704576194286, "r2": 0.12179465107946341, "kendalltau": 0.32727708098446573, "pearsonr": 0.4712367768678628, "spearmanr": 0.4755705404378674}, "total_time": 26.8471, "epochs": 50}