{"arquitecture": "D", "trainable_params": 20161, "non_trainable_params": 0, "train_metrics": {"mse": 778.9918807247356, "mae": 23.096095766046506, "r2_score": 0.2993373577151338, "kendalltau": 0.4264586451118661, "pearsonr": 0.6030318475496652, "spearmanr": 0.6025691616588068}, "test_metrics": {"mse": 881.257295500034, "mae": 24.50712410679885, "r2": 0.22861002937484876, "kendalltau": 0.3710878681505995, "pearsonr": 0.5227557703641968, "spearmanr": 0.5381583731854924}, "total_time": 18.282, "epochs": 50}