{"arquitecture": "C", "trainable_params": 18625, "non_trainable_params": 0, "train_metrics": {"mse": 1144.7786802324374, "mae": 29.061267938609326, "r2_score": -0.029668825529739706, "kendalltau": 0.09230661443525048, "pearsonr": 0.12367125372092033, "spearmanr": 0.136986336278929}, "test_metrics": {"mse": 1174.2802564703795, "mae": 29.871872463396617, "r2": -0.02788143391244824, "kendalltau": 0.09596475968116332, "pearsonr": 0.1253441594641136, "spearmanr": 0.14286312735976392}, "total_time": 15.6177, "epochs": 50}