{"arquitecture": "A", "trainable_params": 132881, "non_trainable_params": 0, "train_metrics": {"mse": 1111.7932994499688, "mae": 29.297042866766652, "r2_score": -1.927394788214798e-07, "kendalltau": 0.04650760359889419, "pearsonr": 0.08031679845437556, "spearmanr": 0.061664936319487}, "test_metrics": {"mse": 1142.441085959988, "mae": 30.11442123566355, "r2": -1.168811839580286e-05, "kendalltau": 0.017290348594887213, "pearsonr": 0.0348473348551968, "spearmanr": 0.022186922432636428}, "total_time": 15.8544, "epochs": 50}