{"arquitecture": "D", "trainable_params": 18625, "non_trainable_params": 0, "train_metrics": {"mse": 1164.7901810463206, "mae": 27.94383877324624, "r2_score": -0.0476681287102767, "kendalltau": 0.23966186204957887, "pearsonr": 0.36908351538078416, "spearmanr": 0.3523858689170688}, "test_metrics": {"mse": 1235.8847059569732, "mae": 28.949739115578787, "r2": -0.08180558832512563, "kendalltau": 0.16904548572774772, "pearsonr": 0.28359163676871063, "spearmanr": 0.2521425305592568}, "total_time": 17.1899, "epochs": 50}