{"arquitecture": "A", "trainable_params": 132881, "non_trainable_params": 0, "train_metrics": {"mse": 1119.6083712180155, "mae": 29.11298746718009, "r2_score": -0.0070294429410997505, "kendalltau": 0.10790888154078913, "pearsonr": 0.11122656679717573, "spearmanr": 0.14466320182188097}, "test_metrics": {"mse": 1149.6965456884475, "mae": 29.964072538273676, "r2": -0.0063626016318352185, "kendalltau": 0.13871758208610335, "pearsonr": 0.1224699590285314, "spearmanr": 0.1847908405153637}, "total_time": 11.9973, "epochs": 50}