{"arquitecture": "D", "trainable_params": 19649, "non_trainable_params": 0, "train_metrics": {"mse": 733.2081041667454, "mae": 22.671218841140952, "r2_score": 0.34051748121918946, "kendalltau": 0.43342583940729884, "pearsonr": 0.6099184513712418, "spearmanr": 0.6117776813731693}, "test_metrics": {"mse": 767.8612045676203, "mae": 23.232646890516794, "r2": 0.3278689038261845, "kendalltau": 0.4132922100755993, "pearsonr": 0.5925771672003367, "spearmanr": 0.5922777547722967}, "total_time": 17.487, "epochs": 50}