{"arquitecture": "D", "trainable_params": 19649, "non_trainable_params": 0, "train_metrics": {"mse": 856.5072608008409, "mae": 25.030075042198696, "r2_score": 0.2296163087982821, "kendalltau": 0.3348464912327553, "pearsonr": 0.48909019255684355, "spearmanr": 0.4837532982627247}, "test_metrics": {"mse": 896.3763487644461, "mae": 25.453499406576157, "r2": 0.21537588525704332, "kendalltau": 0.32583025416188804, "pearsonr": 0.46967582018634274, "spearmanr": 0.47117546883958594}, "total_time": 19.8434, "epochs": 50}