{"arquitecture": "A", "trainable_params": 165649, "non_trainable_params": 0, "train_metrics": {"mse": 1111.7985432953728, "mae": 29.302700488290014, "r2_score": -4.909305424405375e-06, "kendalltau": 0.04551766618491814, "pearsonr": 0.05498556871425314, "spearmanr": 0.055519452058568106}, "test_metrics": {"mse": 1142.4577849923414, "mae": 30.118600066219056, "r2": -2.6305263856496452e-05, "kendalltau": 0.04150345233332874, "pearsonr": 0.0655315716230153, "spearmanr": 0.050586431413265846}, "total_time": 14.0347, "epochs": 50}