{"arquitecture": "D", "trainable_params": 18625, "non_trainable_params": 0, "train_metrics": {"mse": 1179.6087414289018, "mae": 28.94847005403116, "r2_score": -0.060996652318067834, "kendalltau": 0.16322411135719414, "pearsonr": 0.24605764710869174, "spearmanr": 0.24076113366716972}, "test_metrics": {"mse": 1210.4400466616037, "mae": 29.78396993449756, "r2": -0.059533142937555406, "kendalltau": 0.1360661365732397, "pearsonr": 0.21404978054252546, "spearmanr": 0.20072093096031582}, "total_time": 14.4798, "epochs": 50}