{"arquitecture": "D", "trainable_params": 18625, "non_trainable_params": 0, "train_metrics": {"mse": 1102.0452900332875, "mae": 27.137007687895306, "r2_score": 0.00876763424808269, "kendalltau": 0.2720556366038252, "pearsonr": 0.4125903410148479, "spearmanr": 0.3989274194144618}, "test_metrics": {"mse": 1191.2377348531977, "mae": 28.14760403281876, "r2": -0.0427248046492279, "kendalltau": 0.226679412092139, "pearsonr": 0.3266014313245029, "spearmanr": 0.3347244961818838}, "total_time": 14.013, "epochs": 50}