{"arquitecture": "A", "trainable_params": 67345, "non_trainable_params": 0, "train_metrics": {"mse": null, "mae": null, "r2_score": null, "kendalltau": null, "pearsonr": null, "spearmanr": null}, "test_metrics": {"mse": 1142.4574213523717, "mae": 30.118518510035106, "r2": -2.598695928535122e-05, "kendalltau": -0.042181621298224996, "pearsonr": -0.052536838262272685, "spearmanr": -0.05137385986802453}, "total_time": 20.4141, "epochs": 50}