{"arquitecture": "C", "trainable_params": 18625, "non_trainable_params": 0, "train_metrics": {"mse": 1218.1369475138495, "mae": 28.037000499084385, "r2_score": -0.0956507679076426, "kendalltau": 0.24206443872846709, "pearsonr": 0.3802704934711435, "spearmanr": 0.35801620918151295}, "test_metrics": {"mse": 1276.3905229330906, "mae": 28.417017840913363, "r2": -0.11726150015349313, "kendalltau": 0.22272090561953295, "pearsonr": 0.34217298397572304, "spearmanr": 0.32973791417245657}, "total_time": 14.334, "epochs": 50}