{"arquitecture": "D", "trainable_params": 18625, "non_trainable_params": 0, "train_metrics": {"mse": 1463.248565278863, "mae": 29.942465171339183, "r2_score": -0.31611590754192687, "kendalltau": 0.271333112585318, "pearsonr": 0.41283513535373023, "spearmanr": 0.39775400728753035}, "test_metrics": {"mse": 1524.9444225682223, "mae": 30.209617446575844, "r2": -0.3348279093251987, "kendalltau": 0.22354313323603325, "pearsonr": 0.35390635173408275, "spearmanr": 0.3320630164529268}, "total_time": 15.1791, "epochs": 50}