{"arquitecture": "D", "trainable_params": 18945, "non_trainable_params": 0, "train_metrics": {"mse": 943.2111437497099, "mae": 24.95266777496694, "r2_score": 0.15163067990213308, "kendalltau": 0.3747889737669284, "pearsonr": 0.5427514487291815, "spearmanr": 0.5366728094156435}, "test_metrics": {"mse": 1114.3143945083325, "mae": 27.116387508809566, "r2": 0.02460841750054754, "kendalltau": 0.2512080843814537, "pearsonr": 0.37335269546289535, "spearmanr": 0.37020598702543417}, "total_time": 14.2035, "epochs": 50}