{"arquitecture": "C", "trainable_params": 20161, "non_trainable_params": 0, "train_metrics": {"mse": 890.9187158626295, "mae": 24.103812419409497, "r2_score": 0.1986649964354006, "kendalltau": 0.4299072219707959, "pearsonr": 0.6040563119621716, "spearmanr": 0.6092072123887721}, "test_metrics": {"mse": 989.5567576586571, "mae": 25.25746285782329, "r2": 0.13381238133284545, "kendalltau": 0.3644348434731851, "pearsonr": 0.5324356630578181, "spearmanr": 0.5295983183789166}, "total_time": 19.1245, "epochs": 50}