{"arquitecture": "C", "trainable_params": 18945, "non_trainable_params": 0, "train_metrics": {"mse": 860.3272274309518, "mae": 24.577661445461544, "r2_score": 0.22618044768249812, "kendalltau": 0.3493937348773856, "pearsonr": 0.5072064394328452, "spearmanr": 0.5012461913870072}, "test_metrics": {"mse": 982.2516580812659, "mae": 26.41249837273998, "r2": 0.14020674604016992, "kendalltau": 0.26398269393537377, "pearsonr": 0.3965020728037375, "spearmanr": 0.387699718973048}, "total_time": 13.884, "epochs": 50}