{"arquitecture": "B", "trainable_params": 91921, "non_trainable_params": 0, "train_metrics": {"mse": 1032.82839283441, "mae": 28.13625339162926, "r2_score": 0.0710246298370556, "kendalltau": 0.24879431282580355, "pearsonr": 0.34357651886356555, "spearmanr": 0.32786216897173687}, "test_metrics": {"mse": 1065.542714721336, "mae": 29.027591007096426, "r2": 0.06729967785134361, "kendalltau": 0.2564430447977928, "pearsonr": 0.3313295627710827, "spearmanr": 0.3346651091507186}, "total_time": 10.4772, "epochs": 50}