{"arquitecture": "D", "trainable_params": 19649, "non_trainable_params": 0, "train_metrics": {"mse": 803.0220017896951, "mae": 23.863655836288867, "r2_score": 0.27772351482869007, "kendalltau": 0.37768644187074324, "pearsonr": 0.531082447347281, "spearmanr": 0.539077366443288}, "test_metrics": {"mse": 827.024191804817, "mae": 24.26095386248614, "r2": 0.2760818318552206, "kendalltau": 0.3612211367525953, "pearsonr": 0.528760560007013, "spearmanr": 0.5200907732149938}, "total_time": 17.1799, "epochs": 50}