{"arquitecture": "A", "trainable_params": 18193, "non_trainable_params": 0, "train_metrics": {"mse": 1111.7951713196774, "mae": 29.299874791007912, "r2_score": -1.8763888318673594e-06, "kendalltau": -0.00790149970534603, "pearsonr": -0.010330869309500113, "spearmanr": -0.009678862727489471}, "test_metrics": {"mse": 1142.4487953319472, "mae": 30.116519693817413, "r2": -1.8436354398465582e-05, "kendalltau": -0.03727837760646245, "pearsonr": -0.03629800408710578, "spearmanr": -0.0455518652868075}, "total_time": 10.8152, "epochs": 50}