{"arquitecture": "B", "trainable_params": 132881, "non_trainable_params": 0, "train_metrics": {"mse": 910.4675620165054, "mae": 25.610009608398848, "r2_score": 0.18108182703567355, "kendalltau": 0.3507379492672075, "pearsonr": 0.5043633504517878, "spearmanr": 0.5061951804871291}, "test_metrics": {"mse": 951.5507928413962, "mae": 26.12574304001672, "r2": 0.16708010034484233, "kendalltau": 0.3287932817311058, "pearsonr": 0.486624091695125, "spearmanr": 0.4790925101739398}, "total_time": 12.5249, "epochs": 50}