{"arquitecture": "B", "trainable_params": 91921, "non_trainable_params": 0, "train_metrics": {"mse": 1061.5205394382926, "mae": 28.636469753807727, "r2_score": 0.045217537684056563, "kendalltau": 0.2668876842827977, "pearsonr": 0.3399163812600034, "spearmanr": 0.33059041479632784}, "test_metrics": {"mse": 1090.2366681274623, "mae": 29.42058270743915, "r2": 0.045684347016820226, "kendalltau": 0.28095466944837927, "pearsonr": 0.3466429839941934, "spearmanr": 0.34751566788765637}, "total_time": 9.8874, "epochs": 50}