{"arquitecture": "D", "trainable_params": 18625, "non_trainable_params": 0, "train_metrics": {"mse": 700.7089243846973, "mae": 22.191819299174703, "r2_score": 0.36974880152126477, "kendalltau": 0.4434342693078807, "pearsonr": 0.6143633791090585, "spearmanr": 0.6218335443456544}, "test_metrics": {"mse": 760.8522266153681, "mae": 23.022444839988434, "r2": 0.33400406471995325, "kendalltau": 0.41937368628788546, "pearsonr": 0.5793896679557711, "spearmanr": 0.5999317280779024}, "total_time": 14.749, "epochs": 50}