{"arquitecture": "D", "trainable_params": 18625, "non_trainable_params": 0, "train_metrics": {"mse": 1111.4295998304622, "mae": 29.262931314251993, "r2_score": 0.000326936134014022, "kendalltau": 0.10441450510138946, "pearsonr": 0.1266545745902492, "spearmanr": 0.1544415163857822}, "test_metrics": {"mse": 1141.9697489465932, "mae": 30.083916706698282, "r2": 0.000400886786542598, "kendalltau": 0.11405499589236441, "pearsonr": 0.1436670465350464, "spearmanr": 0.16821589287501454}, "total_time": 14.1841, "epochs": 50}