{"arquitecture": "C", "trainable_params": 18625, "non_trainable_params": 0, "train_metrics": {"mse": 1274.0687190061296, "mae": 28.308677052470017, "r2_score": -0.14595848454904647, "kendalltau": 0.29538231211648297, "pearsonr": 0.4385272044852304, "spearmanr": 0.43151540336773364}, "test_metrics": {"mse": 1360.1498839315707, "mae": 29.075919296060288, "r2": -0.19057848867673477, "kendalltau": 0.2247163116644545, "pearsonr": 0.3523227933719674, "spearmanr": 0.33346927422874906}, "total_time": 14.476, "epochs": 50}