{"arquitecture": "B", "trainable_params": 132881, "non_trainable_params": 0, "train_metrics": {"mse": 1111.8036560507596, "mae": 29.305857295451293, "r2_score": -9.50796272425336e-06, "kendalltau": 0.16399543774821299, "pearsonr": 0.24790060342913386, "spearmanr": 0.23992053360653223}, "test_metrics": {"mse": 1142.4690982096115, "mae": 30.120920377118246, "r2": -3.620804977644276e-05, "kendalltau": 0.1994017234279907, "pearsonr": 0.27783698750951863, "spearmanr": 0.28812314284139656}, "total_time": 15.2749, "epochs": 50}