{"arquitecture": "C", "trainable_params": 18625, "non_trainable_params": 0, "train_metrics": {"mse": 1250.4088631536567, "mae": 28.565838404281564, "r2_score": -0.12467767594517554, "kendalltau": 0.26502340808471786, "pearsonr": 0.40029292526997257, "spearmanr": 0.38857381475687686}, "test_metrics": {"mse": 1328.8818335079393, "mae": 29.558389597705432, "r2": -0.16320866079451002, "kendalltau": 0.18143404938855487, "pearsonr": 0.27887234143399064, "spearmanr": 0.26851993346034736}, "total_time": 14.6621, "epochs": 50}