{"arquitecture": "C", "trainable_params": 18945, "non_trainable_params": 0, "train_metrics": {"mse": 916.9195521405453, "mae": 24.991133917684817, "r2_score": 0.17527859781061428, "kendalltau": 0.35543619856102115, "pearsonr": 0.5197316225959263, "spearmanr": 0.5101047323227352}, "test_metrics": {"mse": 1078.882857453207, "mae": 27.02758039427655, "r2": 0.05562266551610484, "kendalltau": 0.23478358638355637, "pearsonr": 0.3585780372005318, "spearmanr": 0.3454363419615505}, "total_time": 16.7541, "epochs": 50}