{"arquitecture": "B", "trainable_params": 18193, "non_trainable_params": 0, "train_metrics": {"mse": 1111.8103535122468, "mae": 29.284609070116392, "r2_score": -1.5531980661176448e-05, "kendalltau": -0.03217490266640023, "pearsonr": -0.019792334722593938, "spearmanr": -0.04563423765749967}, "test_metrics": {"mse": 1142.4290559410542, "mae": 30.105032865490234, "r2": -1.1578952712198998e-06, "kendalltau": -0.017169827484568627, "pearsonr": -0.02794116335570397, "spearmanr": -0.02479094803147167}, "total_time": 10.2949, "epochs": 50}