{"arquitecture": "B", "trainable_params": 132881, "non_trainable_params": 0, "train_metrics": {"mse": 1111.7945826579407, "mae": 29.29214972591446, "r2_score": -1.3469182456038453e-06, "kendalltau": 0.16087559124713766, "pearsonr": 0.2312922395371873, "spearmanr": 0.22459937831393217}, "test_metrics": {"mse": 1142.4309494851097, "mae": 30.110723312411988, "r2": -2.8153690880827753e-06, "kendalltau": 0.20777627254271125, "pearsonr": 0.2713841540504769, "spearmanr": 0.2859785159859056}, "total_time": 11.0245, "epochs": 50}