{"arquitecture": "C", "trainable_params": 18625, "non_trainable_params": 0, "train_metrics": {"mse": 1066.2764305540225, "mae": 26.798968748363826, "r2_score": 0.04093986121781912, "kendalltau": 0.28043417832390116, "pearsonr": 0.4139627132349653, "spearmanr": 0.4080595476605735}, "test_metrics": {"mse": 1160.401967572327, "mae": 27.742184368627413, "r2": -0.015733366690693806, "kendalltau": 0.2164188317540394, "pearsonr": 0.32575963724119417, "spearmanr": 0.31771210325540716}, "total_time": 16.7225, "epochs": 50}