{"arquitecture": "C", "trainable_params": 19649, "non_trainable_params": 0, "train_metrics": {"mse": 824.507007185755, "mae": 23.79066978292981, "r2_score": 0.25839887098734127, "kendalltau": 0.37305325103268466, "pearsonr": 0.5356841397395277, "spearmanr": 0.534692976339135}, "test_metrics": {"mse": 873.1802169828479, "mae": 24.078842040683544, "r2": 0.23568012955095452, "kendalltau": 0.3569495640132154, "pearsonr": 0.5136000627592991, "spearmanr": 0.5199898620676139}, "total_time": 14.081, "epochs": 50}