{"arquitecture": "B", "trainable_params": 67345, "non_trainable_params": 0, "train_metrics": {"mse": 1111.787098408562, "mae": 29.29556451727181, "r2_score": 5.384774439454176e-06, "kendalltau": 0.20199458995105116, "pearsonr": 0.327949335062578, "spearmanr": 0.2985994037660314}, "test_metrics": {"mse": 1142.4313875907703, "mae": 30.113281501191004, "r2": -3.1988556299378246e-06, "kendalltau": 0.21777269987957787, "pearsonr": 0.32072889875168786, "spearmanr": 0.3204541365046873}, "total_time": 10.073, "epochs": 50}