{"arquitecture": "A", "trainable_params": 67345, "non_trainable_params": 0, "train_metrics": {"mse": 1111.7995278970568, "mae": 29.288747441431962, "r2_score": -5.794903380706984e-06, "kendalltau": 0.0866120195307231, "pearsonr": 0.08627866091554867, "spearmanr": 0.12029182897190169}, "test_metrics": {"mse": 1142.4280636006235, "mae": 30.108154697077616, "r2": -2.892710229129847e-07, "kendalltau": 0.03994793732010391, "pearsonr": 0.03509225125739642, "spearmanr": 0.05493256066362915}, "total_time": 11.7854, "epochs": 50}