{"arquitecture": "D", "trainable_params": 17793, "non_trainable_params": 0, "train_metrics": {"mse": 868.6369279762168, "mae": 25.007071606904027, "r2_score": 0.218706304646213, "kendalltau": 0.3167327076511773, "pearsonr": 0.47095880748391705, "spearmanr": 0.4585722763832718}, "test_metrics": {"mse": 927.0933623958346, "mae": 25.814195805362292, "r2": 0.188488395798741, "kendalltau": 0.29069506430558034, "pearsonr": 0.43456015809288656, "spearmanr": 0.4233455536540734}, "total_time": 14.1825, "epochs": 50}