{"arquitecture": "C", "trainable_params": 19649, "non_trainable_params": 0, "train_metrics": {"mse": 752.5311374378815, "mae": 23.053284223710822, "r2_score": 0.3231374187516364, "kendalltau": 0.3996579867381257, "pearsonr": 0.5776627611324198, "spearmanr": 0.5695826017856919}, "test_metrics": {"mse": 774.0095677735159, "mae": 23.314922104988778, "r2": 0.3224870638834044, "kendalltau": 0.4027185634707259, "pearsonr": 0.5750259259996181, "spearmanr": 0.5770751071123438}, "total_time": 16.9194, "epochs": 50}