{"arquitecture": "C", "trainable_params": 18625, "non_trainable_params": 0, "train_metrics": {"mse": 1126.254665724851, "mae": 27.215523660439747, "r2_score": -0.013007438842970176, "kendalltau": 0.3463534208587834, "pearsonr": 0.49978722487262234, "spearmanr": 0.4980371852257858}, "test_metrics": {"mse": 1255.3225493754082, "mae": 28.89620415866375, "r2": -0.09882009423631333, "kendalltau": 0.19514619896860647, "pearsonr": 0.3003077923342323, "spearmanr": 0.2893039510724455}, "total_time": 17.2669, "epochs": 50}