{"arquitecture": "A", "trainable_params": 67345, "non_trainable_params": 0, "train_metrics": {"mse": 1111.791054779137, "mae": 29.295704242200472, "r2_score": 1.8262250763845245e-06, "kendalltau": 0.001864325962475264, "pearsonr": 0.0013699554179987636, "spearmanr": 0.0022716774434490996}, "test_metrics": {"mse": 1142.4480391709883, "mae": 30.113506908927643, "r2": -1.7774464865283335e-05, "kendalltau": -0.05967049098629438, "pearsonr": -0.06070751307608435, "spearmanr": -0.07269418665413484}, "total_time": 10.8421, "epochs": 50}