{"arquitecture": "C", "trainable_params": 18625, "non_trainable_params": 0, "train_metrics": {"mse": 1308.1242988686372, "mae": 28.707785817753933, "r2_score": -0.17658970569708754, "kendalltau": 0.27918450696614894, "pearsonr": 0.3997622896911103, "spearmanr": 0.4084730993355947}, "test_metrics": {"mse": 1380.1132050946817, "mae": 29.28309465944767, "r2": -0.20805296043909882, "kendalltau": 0.20892352512801482, "pearsonr": 0.3286554846572847, "spearmanr": 0.30979754778712915}, "total_time": 27.3467, "epochs": 50}