{"arquitecture": "B", "trainable_params": 91921, "non_trainable_params": 0, "train_metrics": {"mse": 1070.1789286632606, "mae": 28.770202687849206, "r2_score": 0.0374297673331605, "kendalltau": 0.25184831727706525, "pearsonr": 0.3139697431897531, "spearmanr": 0.3072246677745582}, "test_metrics": {"mse": 1104.154756956985, "mae": 29.65593953217779, "r2": 0.03350144176521397, "kendalltau": 0.24141471734790046, "pearsonr": 0.2894692908400812, "spearmanr": 0.2945779308854525}, "total_time": 10.1108, "epochs": 50}