{"arquitecture": "D", "trainable_params": 18945, "non_trainable_params": 0, "train_metrics": {"mse": 856.9055513233218, "mae": 24.031354318956488, "r2_score": 0.22925806720837116, "kendalltau": 0.4008311664124756, "pearsonr": 0.5764251761720175, "spearmanr": 0.5690638322080313}, "test_metrics": {"mse": 1046.9058815477983, "mae": 26.48897594882042, "r2": 0.08361303635366835, "kendalltau": 0.2698937083247269, "pearsonr": 0.3961892591271068, "spearmanr": 0.3949468861346292}, "total_time": 14.4598, "epochs": 50}