{"arquitecture": "D", "trainable_params": 18625, "non_trainable_params": 0, "train_metrics": {"mse": 1153.8411720711947, "mae": 29.0685570416923, "r2_score": -0.0378200651441003, "kendalltau": 0.011843165604077999, "pearsonr": 0.0015216235494303308, "spearmanr": 0.01807918477820558}, "test_metrics": {"mse": 1183.2155035506169, "mae": 29.87487210546221, "r2": -0.03570271382462398, "kendalltau": -0.005141621748375991, "pearsonr": -0.021864918611344094, "spearmanr": -0.007286933588686726}, "total_time": 13.6394, "epochs": 50}