{"arquitecture": "C", "trainable_params": 18625, "non_trainable_params": 0, "train_metrics": {"mse": 1030.636791196737, "mae": 28.196084370848208, "r2_score": 0.07299586141505254, "kendalltau": 0.22900002484280574, "pearsonr": 0.3506959510314202, "spearmanr": 0.3355387601675758}, "test_metrics": {"mse": 1068.760547334911, "mae": 29.09736708658082, "r2": 0.06448301600021666, "kendalltau": 0.20032021665292576, "pearsonr": 0.32219241294391004, "spearmanr": 0.29318702403585495}, "total_time": 15.1463, "epochs": 50}