{"arquitecture": "C", "trainable_params": 18945, "non_trainable_params": 0, "train_metrics": {"mse": 967.5353269055555, "mae": 25.302039048099928, "r2_score": 0.12975234347385123, "kendalltau": 0.3587303281851936, "pearsonr": 0.5195666494350817, "spearmanr": 0.5142529322517053}, "test_metrics": {"mse": 1102.068734625915, "mae": 26.911854795446352, "r2": 0.0353273973776147, "kendalltau": 0.26808380485182065, "pearsonr": 0.3960948770133409, "spearmanr": 0.3923119681962536}, "total_time": 15.3986, "epochs": 50}