{"arquitecture": "B", "trainable_params": 67345, "non_trainable_params": 0, "train_metrics": {"mse": 1111.7933694944784, "mae": 29.29403340297204, "r2_score": -2.557408687042795e-07, "kendalltau": 0.06986370065266381, "pearsonr": 0.08785313338467328, "spearmanr": 0.0992410074727254}, "test_metrics": {"mse": 1142.434132287888, "mae": 30.11214666707175, "r2": -5.601368312291299e-06, "kendalltau": 0.06831901267211574, "pearsonr": 0.10004079279210315, "spearmanr": 0.09660365682180397}, "total_time": 10.9353, "epochs": 50}