{"arquitecture": "C", "trainable_params": 25793, "non_trainable_params": 0, "train_metrics": {"mse": 910.757677127979, "mae": 25.19780789818588, "r2_score": 0.18082088359633663, "kendalltau": 0.34496827627862, "pearsonr": 0.5047801842821165, "spearmanr": 0.4995250481844116}, "test_metrics": {"mse": 974.0983051225163, "mae": 25.934087685176305, "r2": 0.1473436114385751, "kendalltau": 0.31359209799190413, "pearsonr": 0.4513498700591195, "spearmanr": 0.4557457398161569}, "total_time": 26.5425, "epochs": 50}