{"arquitecture": "B", "trainable_params": 67345, "non_trainable_params": 0, "train_metrics": {"mse": 1111.7929862322244, "mae": 29.297199260224104, "r2_score": 8.898357617415087e-08, "kendalltau": 0.07236350427344573, "pearsonr": 0.09457840679082051, "spearmanr": 0.1066877454177803}, "test_metrics": {"mse": 1142.441327124056, "mae": 30.114540972879954, "r2": -1.1899216271871182e-05, "kendalltau": 0.04255566900974551, "pearsonr": 0.0489098357820745, "spearmanr": 0.06298787281380083}, "total_time": 10.721, "epochs": 50}