{"arquitecture": "A", "trainable_params": 132881, "non_trainable_params": 0, "train_metrics": {"mse": 1111.7930009516751, "mae": 29.29511362516806, "r2_score": 7.574419658151754e-08, "kendalltau": 0.16522840772192895, "pearsonr": 0.2294098866411585, "spearmanr": 0.22473416037578595}, "test_metrics": {"mse": 1142.436255377516, "mae": 30.112962739808218, "r2": -7.459770000828314e-06, "kendalltau": 0.2078179187565167, "pearsonr": 0.2718233737548766, "spearmanr": 0.2825756561652437}, "total_time": 12.3102, "epochs": 50}