{"arquitecture": "C", "trainable_params": 18945, "non_trainable_params": 0, "train_metrics": {"mse": 822.2895284886116, "mae": 24.23460538333657, "r2_score": 0.2603933776331684, "kendalltau": 0.3995953188529286, "pearsonr": 0.5740824608397256, "spearmanr": 0.5674562246875356}, "test_metrics": {"mse": 996.2411120788913, "mae": 26.74455318812813, "r2": 0.12796137279515507, "kendalltau": 0.26608622382867964, "pearsonr": 0.3832086385172183, "spearmanr": 0.3897864299908544}, "total_time": 14.4625, "epochs": 50}