{"arquitecture": "A", "trainable_params": 67345, "non_trainable_params": 0, "train_metrics": {"mse": 1111.8731084546134, "mae": 29.3053728526377, "r2_score": -7.197678428871868e-05, "kendalltau": -0.029605741067537054, "pearsonr": -0.04070853144030822, "spearmanr": -0.036074536070089695}, "test_metrics": {"mse": null, "mae": null, "r2_score": null, "kendalltau": null, "pearsonr": null, "spearmanr": null}, "total_time": 14.252, "epochs": 50}