{"arquitecture": "C", "trainable_params": 18625, "non_trainable_params": 0, "train_metrics": {"mse": 1336.636602506983, "mae": 29.089251221510256, "r2_score": -0.20223503846523627, "kendalltau": 0.24628663199735779, "pearsonr": 0.37303717949327286, "spearmanr": 0.36288697881555987}, "test_metrics": {"mse": 1394.1337227449924, "mae": 29.361817519579613, "r2": -0.22032552459675014, "kendalltau": 0.2043210559088238, "pearsonr": 0.32749623757312335, "spearmanr": 0.30319087486436425}, "total_time": 18.8568, "epochs": 50}