{"arquitecture": "A", "trainable_params": 165649, "non_trainable_params": 0, "train_metrics": {"mse": 1111.7931164539325, "mae": 29.29513766378692, "r2_score": -2.8144071073654686e-08, "kendalltau": 0.04633298983430567, "pearsonr": 0.048104731294080307, "spearmanr": 0.05665875157153682}, "test_metrics": {"mse": 1142.4364460403008, "mae": 30.112981745174952, "r2": -7.626662644533155e-06, "kendalltau": 0.03301330459258593, "pearsonr": 0.05677518956256738, "spearmanr": 0.04024249626568579}, "total_time": 13.4777, "epochs": 50}