{"arquitecture": "C", "trainable_params": 19649, "non_trainable_params": 0, "train_metrics": {"mse": 700.4051607594431, "mae": 21.559523404215213, "r2_score": 0.3700220210882038, "kendalltau": 0.4456304100494172, "pearsonr": 0.6240838056620119, "spearmanr": 0.6246033866268719}, "test_metrics": {"mse": 758.0661359222216, "mae": 22.33178693472707, "r2": 0.3364428103949332, "kendalltau": 0.4212036440929015, "pearsonr": 0.5980659877047171, "spearmanr": 0.60127702374204}, "total_time": 15.9787, "epochs": 50}