{"arquitecture": "A", "trainable_params": 132881, "non_trainable_params": 0, "train_metrics": {"mse": 1111.8209413962986, "mae": 29.312035056151174, "r2_score": -2.5055231158921387e-05, "kendalltau": 0.17111485197443388, "pearsonr": 0.23250417998015566, "spearmanr": 0.22742822671951465}, "test_metrics": {"mse": 1142.4987392478345, "mae": 30.12547211561884, "r2": -6.215370687434607e-05, "kendalltau": 0.181096356441755, "pearsonr": 0.2412580797176765, "spearmanr": 0.23880136954334302}, "total_time": 18.1007, "epochs": 50}