{"arquitecture": "A", "trainable_params": 91921, "non_trainable_params": 0, "train_metrics": {"mse": 1030.5047881538635, "mae": 28.162646958792592, "r2_score": 0.07311459128002018, "kendalltau": 0.2712609990863297, "pearsonr": 0.3595316753084744, "spearmanr": 0.3464742691313039}, "test_metrics": {"mse": 1062.3875349823477, "mae": 28.996562813009536, "r2": 0.07006149783127857, "kendalltau": 0.2762490159667564, "pearsonr": 0.35267599394550264, "spearmanr": 0.35187928074340613}, "total_time": 11.1358, "epochs": 50}