{"arquitecture": "B", "trainable_params": 91921, "non_trainable_params": 0, "train_metrics": {"mse": 1035.0255253996952, "mae": 28.241131572075126, "r2_score": 0.0690484234776122, "kendalltau": 0.25102787731672976, "pearsonr": 0.34734206276627205, "spearmanr": 0.3258512881972488}, "test_metrics": {"mse": 1062.1377694483695, "mae": 28.98291563136237, "r2": 0.07028012481899537, "kendalltau": 0.2696879743224143, "pearsonr": 0.3590437578906267, "spearmanr": 0.34774764986492546}, "total_time": 10.6669, "epochs": 50}