{"arquitecture": "B", "trainable_params": 91921, "non_trainable_params": 0, "train_metrics": {"mse": 1034.8438450177368, "mae": 28.220502032567122, "r2_score": 0.06921183552287768, "kendalltau": 0.27313336706569846, "pearsonr": 0.34618852616262763, "spearmanr": 0.33816097670909845}, "test_metrics": {"mse": 1061.903330014946, "mae": 29.0040168932506, "r2": 0.0704853364281195, "kendalltau": 0.28883558065745346, "pearsonr": 0.35555361360676146, "spearmanr": 0.35740187103523413}, "total_time": 10.5594, "epochs": 50}