{"arquitecture": "D", "trainable_params": 19649, "non_trainable_params": 0, "train_metrics": {"mse": 823.1427373573456, "mae": 24.100155940405088, "r2_score": 0.2596259606739161, "kendalltau": 0.3700861176175113, "pearsonr": 0.5336843237804879, "spearmanr": 0.5295465043073189}, "test_metrics": {"mse": 869.2494473400997, "mae": 24.692905167383806, "r2": 0.2391208457807512, "kendalltau": 0.3559267930756174, "pearsonr": 0.507496365932886, "spearmanr": 0.5125985230154679}, "total_time": 17.5755, "epochs": 50}