{"arquitecture": "D", "trainable_params": 18945, "non_trainable_params": 0, "train_metrics": {"mse": 857.3265517014394, "mae": 23.938122095139818, "r2_score": 0.2288793992855933, "kendalltau": 0.4150097754382999, "pearsonr": 0.5923203586985077, "spearmanr": 0.5883762351463876}, "test_metrics": {"mse": 1072.0277822467037, "mae": 26.718362311566516, "r2": 0.06162311089020789, "kendalltau": 0.25471257891763505, "pearsonr": 0.38429826043443926, "spearmanr": 0.3746747150210075}, "total_time": 14.8387, "epochs": 50}