{"arquitecture": "C", "trainable_params": 18625, "non_trainable_params": 0, "train_metrics": {"mse": 736.9918256825713, "mae": 22.913224478667292, "r2_score": 0.3371142206967792, "kendalltau": 0.4286483347475735, "pearsonr": 0.5907252818109923, "spearmanr": 0.6033884711632692}, "test_metrics": {"mse": 794.3810222621627, "mae": 23.62700478626149, "r2": 0.30465534123006455, "kendalltau": 0.40715057086698386, "pearsonr": 0.5556856710194018, "spearmanr": 0.5828676422116139}, "total_time": 18.266, "epochs": 50}