{"arquitecture": "D", "trainable_params": 18945, "non_trainable_params": 0, "train_metrics": {"mse": 828.6701679298568, "mae": 23.381049961379524, "r2_score": 0.2546543246327564, "kendalltau": 0.44209059612233303, "pearsonr": 0.6248284371187983, "spearmanr": 0.621877340215698}, "test_metrics": {"mse": 1085.1741753067406, "mae": 26.453682861556963, "r2": 0.05011569324023024, "kendalltau": 0.28046234134657294, "pearsonr": 0.4025196638084896, "spearmanr": 0.4099960774444791}, "total_time": 16.1636, "epochs": 50}