{"arquitecture": "B", "trainable_params": 132881, "non_trainable_params": 0, "train_metrics": {"mse": 1111.7955768735458, "mae": 29.291004011082045, "r2_score": -2.241163423288839e-06, "kendalltau": 0.05671682511660726, "pearsonr": 0.09180821075848912, "spearmanr": 0.08348548446512306}, "test_metrics": {"mse": 1142.4295687736842, "mae": 30.109859930617468, "r2": -1.6067924879514806e-06, "kendalltau": 0.01991234039622988, "pearsonr": 0.0443008807108344, "spearmanr": 0.029201329040016617}, "total_time": 13.86, "epochs": 50}