{"arquitecture": "D", "trainable_params": 18625, "non_trainable_params": 0, "train_metrics": {"mse": 1142.9052257104456, "mae": 27.322418517847275, "r2_score": -0.027983750719514422, "kendalltau": 0.28694518727856144, "pearsonr": 0.42231732221887197, "spearmanr": 0.4195340182210051}, "test_metrics": {"mse": 1216.1608414505868, "mae": 27.764380371996335, "r2": -0.06454071989239063, "kendalltau": 0.23258763701753715, "pearsonr": 0.36510574114876976, "spearmanr": 0.3422666458272406}, "total_time": 16.149, "epochs": 50}