{"arquitecture": "C", "trainable_params": 18625, "non_trainable_params": 0, "train_metrics": {"mse": 1197.7176492309025, "mae": 27.731498620566025, "r2_score": -0.0772846721336764, "kendalltau": 0.28901414907660994, "pearsonr": 0.4203684558478709, "spearmanr": 0.42070949810921654}, "test_metrics": {"mse": 1282.5423595625343, "mae": 28.319233879446983, "r2": -0.12264638048425369, "kendalltau": 0.23340485105101005, "pearsonr": 0.3454203856936768, "spearmanr": 0.34375525417319863}, "total_time": 17.1959, "epochs": 50}