{"arquitecture": "B", "trainable_params": 67345, "non_trainable_params": 0, "train_metrics": {"mse": 1111.8138585120107, "mae": 29.309705663948552, "r2_score": -1.868454547770959e-05, "kendalltau": -0.041978084344468515, "pearsonr": -0.07987141466455157, "spearmanr": -0.058346115956934695}, "test_metrics": {"mse": 1142.4870657729386, "mae": 30.123758677925384, "r2": -5.193557704652463e-05, "kendalltau": -0.07826975146125807, "pearsonr": -0.12633229284451647, "spearmanr": -0.10856075567799146}, "total_time": 12.5403, "epochs": 50}