{"arquitecture": "A", "trainable_params": 67345, "non_trainable_params": 0, "train_metrics": {"mse": 1111.8100602777524, "mae": 29.28449727154737, "r2_score": -1.5268231499110385e-05, "kendalltau": -0.0758604697227139, "pearsonr": -0.0922318066959536, "spearmanr": -0.09383008040332208}, "test_metrics": {"mse": 1142.4286873462722, "mae": 30.10494355218751, "r2": -8.352536096101204e-07, "kendalltau": -0.04534870676421346, "pearsonr": -0.06038559313365357, "spearmanr": -0.05620286974203366}, "total_time": 14.6319, "epochs": 50}