{"arquitecture": "A", "trainable_params": 526097, "non_trainable_params": 0, "train_metrics": {"mse": 1111.7997254491333, "mae": 29.28867556114069, "r2_score": -5.972591188951881e-06, "kendalltau": 0.012140586309850203, "pearsonr": 0.02021430917362195, "spearmanr": 0.01479328005158303}, "test_metrics": {"mse": null, "mae": null, "r2_score": null, "kendalltau": null, "pearsonr": null, "spearmanr": null}, "total_time": 22.4243, "epochs": 50}