{"arquitecture": "D", "trainable_params": 18945, "non_trainable_params": 0, "train_metrics": {"mse": 879.1830882043037, "mae": 24.965904373024685, "r2_score": 0.20922058255563591, "kendalltau": 0.3480933762595475, "pearsonr": 0.5096294744034465, "spearmanr": 0.5004847252361088}, "test_metrics": {"mse": 1020.1896922607912, "mae": 26.979000935597078, "r2": 0.10699848867792616, "kendalltau": 0.24045896237061978, "pearsonr": 0.36811433031382906, "spearmanr": 0.35156980775383606}, "total_time": 15.3603, "epochs": 50}