{"arquitecture": "C", "trainable_params": 20161, "non_trainable_params": 0, "train_metrics": {"mse": 801.3212616638644, "mae": 23.25753460853022, "r2_score": 0.27925324203110413, "kendalltau": 0.39922484106102857, "pearsonr": 0.5751601781130419, "spearmanr": 0.5680986630655042}, "test_metrics": {"mse": 853.8174176402634, "mae": 23.657980370734418, "r2": 0.25262894721449725, "kendalltau": 0.38983365509020207, "pearsonr": 0.5479833685385328, "spearmanr": 0.5569507449282436}, "total_time": 16.1263, "epochs": 50}