{"arquitecture": "A", "trainable_params": 91921, "non_trainable_params": 0, "train_metrics": {"mse": 1030.524509640043, "mae": 28.214251694010457, "r2_score": 0.07309685282990486, "kendalltau": 0.25132743043429917, "pearsonr": 0.3311217218020493, "spearmanr": 0.3305098091635803}, "test_metrics": {"mse": 1061.7876162248647, "mae": 29.00882669006075, "r2": 0.0705866240515951, "kendalltau": 0.2628654549503311, "pearsonr": 0.32945871840458607, "spearmanr": 0.34416689200171796}, "total_time": 11.3267, "epochs": 50}