{"arquitecture": "B", "trainable_params": 132881, "non_trainable_params": 0, "train_metrics": {"mse": 1111.8184353390316, "mae": 29.311295819316772, "r2_score": -2.280116311292879e-05, "kendalltau": 0.12504885224485873, "pearsonr": 0.17923571229360116, "spearmanr": 0.17757908256832414}, "test_metrics": {"mse": 1142.4947005446982, "mae": 30.12492627756936, "r2": -5.861851333932577e-05, "kendalltau": 0.1789552014483708, "pearsonr": 0.2399462415496557, "spearmanr": 0.2516652082789612}, "total_time": 10.3714, "epochs": 50}