{"arquitecture": "A", "trainable_params": 91921, "non_trainable_params": 0, "train_metrics": {"mse": 1035.0491784860067, "mae": 28.23220361003812, "r2_score": 0.06902714875785809, "kendalltau": 0.2791972194820943, "pearsonr": 0.3573525759430595, "spearmanr": 0.34567107291003335}, "test_metrics": {"mse": 1070.4305513409051, "mae": 29.15817603468895, "r2": 0.06302121324668986, "kendalltau": 0.2728695530545287, "pearsonr": 0.3336174825396985, "spearmanr": 0.3368800188886965}, "total_time": 11.7377, "epochs": 50}