{"arquitecture": "D", "trainable_params": 18625, "non_trainable_params": 0, "train_metrics": {"mse": 1177.6255244214535, "mae": 27.780121437609623, "r2_score": -0.059212851866424554, "kendalltau": 0.2557467179024658, "pearsonr": 0.38647751151727394, "spearmanr": 0.3749463452016316}, "test_metrics": {"mse": 1233.722417238901, "mae": 28.12846472433635, "r2": -0.0799128745408153, "kendalltau": 0.23619240321426738, "pearsonr": 0.3443453584771145, "spearmanr": 0.3459802294385412}, "total_time": 14.7965, "epochs": 50}