{"arquitecture": "B", "trainable_params": 91921, "non_trainable_params": 0, "train_metrics": {"mse": 1025.3577371373317, "mae": 28.072837676198475, "r2_score": 0.07774409571318952, "kendalltau": 0.2678975341425685, "pearsonr": 0.3559635191530967, "spearmanr": 0.3431580108634907}, "test_metrics": {"mse": 1058.3180767035653, "mae": 28.946084354604995, "r2": 0.07362361223096581, "kendalltau": 0.2704155537735056, "pearsonr": 0.3431073884880275, "spearmanr": 0.34493439190171643}, "total_time": 9.6652, "epochs": 50}