{"arquitecture": "D", "trainable_params": 18945, "non_trainable_params": 0, "train_metrics": {"mse": 864.2877073635444, "mae": 24.167233246751753, "r2_score": 0.22261820216627415, "kendalltau": 0.4046935356310151, "pearsonr": 0.5880428371391908, "spearmanr": 0.5738408414907503}, "test_metrics": {"mse": 1062.0727386197177, "mae": 26.705948403903417, "r2": 0.07033704818208075, "kendalltau": 0.2707159359412273, "pearsonr": 0.39587963133777415, "spearmanr": 0.3968773947138096}, "total_time": 14.0698, "epochs": 50}