{"arquitecture": "A", "trainable_params": 91921, "non_trainable_params": 0, "train_metrics": {"mse": 1023.2972244141546, "mae": 28.037807838947593, "r2_score": 0.07959741963710487, "kendalltau": 0.2654158665281122, "pearsonr": 0.34562929209303306, "spearmanr": 0.3348140615686546}, "test_metrics": {"mse": 1045.5839680206752, "mae": 28.659619084426335, "r2": 0.08477014545456707, "kendalltau": 0.2936031678088275, "pearsonr": 0.36838098137579767, "spearmanr": 0.36747333809407523}, "total_time": 10.9769, "epochs": 50}