{"arquitecture": "B", "trainable_params": 132881, "non_trainable_params": 0, "train_metrics": {"mse": 1111.8594581158086, "mae": 29.321062992839163, "r2_score": -5.969901517222098e-05, "kendalltau": -0.08427965649957357, "pearsonr": -0.11192273047381186, "spearmanr": -0.11894505176547299}, "test_metrics": {"mse": 1142.555214118484, "mae": 30.132119936602457, "r2": -0.00011158779273534591, "kendalltau": -0.07121056437788784, "pearsonr": -0.10938499589680824, "spearmanr": -0.10356776266369995}, "total_time": 12.7834, "epochs": 50}