{"arquitecture": "A", "trainable_params": 67345, "non_trainable_params": 0, "train_metrics": {"mse": 1111.7954982026515, "mae": 29.29144872370492, "r2_score": -2.1704030497282645e-06, "kendalltau": 0.012140586309850203, "pearsonr": 0.02021430917362195, "spearmanr": 0.01479328005158303}, "test_metrics": {"mse": 1142.4289361122126, "mae": 30.110171948160446, "r2": -1.053005624029879e-06, "kendalltau": 0.02032146032354739, "pearsonr": 0.028557020449164618, "spearmanr": 0.024749922426985402}, "total_time": 11.1088, "epochs": 50}