{"arquitecture": "C", "trainable_params": 18945, "non_trainable_params": 0, "train_metrics": {"mse": 802.4024276525291, "mae": 23.407534964521744, "r2_score": 0.27828078950995394, "kendalltau": 0.4299606739905228, "pearsonr": 0.6157124122049724, "spearmanr": 0.6066702258071108}, "test_metrics": {"mse": 1056.6913566789342, "mae": 26.80083819239267, "r2": 0.07504752726511432, "kendalltau": 0.2538853377181073, "pearsonr": 0.3681736216413559, "spearmanr": 0.37409718493366867}, "total_time": 17.4545, "epochs": 50}