{"arquitecture": "C", "trainable_params": 18945, "non_trainable_params": 0, "train_metrics": {"mse": 879.7447144362922, "mae": 24.95960441121877, "r2_score": 0.20871542899830298, "kendalltau": 0.3557563683979765, "pearsonr": 0.513824694218235, "spearmanr": 0.5115435266651194}, "test_metrics": {"mse": 1028.9941105521164, "mae": 27.099452064505645, "r2": 0.09929172698438093, "kendalltau": 0.23895990104541487, "pearsonr": 0.3613099931678482, "spearmanr": 0.34966328194300456}, "total_time": 15.0037, "epochs": 50}