{"arquitecture": "A", "trainable_params": 132881, "non_trainable_params": 0, "train_metrics": {"mse": 1111.8058505946242, "mae": 29.28599616270307, "r2_score": -1.1481840682003863e-05, "kendalltau": -0.07048099811361762, "pearsonr": -0.12145227008467557, "spearmanr": -0.09498146182598728}, "test_metrics": {"mse": 1142.4279637429768, "mae": 30.106076078755514, "r2": -2.018627398570061e-07, "kendalltau": -0.06672006331726014, "pearsonr": -0.12602003981762913, "spearmanr": -0.09223301387872375}, "total_time": 14.6575, "epochs": 50}