{"arquitecture": "B", "trainable_params": 165649, "non_trainable_params": 0, "train_metrics": {"mse": 1111.7929074651408, "mae": 29.296935540286476, "r2_score": 1.5983046719458827e-07, "kendalltau": 0.047412312561350506, "pearsonr": 0.0743561339423307, "spearmanr": 0.0693140565577304}, "test_metrics": {"mse": 1142.440132481014, "mae": 30.114333310297557, "r2": -1.085351070351237e-05, "kendalltau": 0.07763326471183092, "pearsonr": 0.12324506722229012, "spearmanr": 0.11735366714217206}, "total_time": 11.534, "epochs": 50}