{"arquitecture": "C", "trainable_params": 19649, "non_trainable_params": 0, "train_metrics": {"mse": 775.5046241208247, "mae": 23.458823725388573, "r2_score": 0.3024739634832816, "kendalltau": 0.3953421969384548, "pearsonr": 0.5735309716762094, "spearmanr": 0.5639154130426435}, "test_metrics": {"mse": 846.0042319812391, "mae": 24.44376392768962, "r2": 0.25946805434788434, "kendalltau": 0.3777358792449865, "pearsonr": 0.528192773027048, "spearmanr": 0.5406956166074863}, "total_time": 16.3764, "epochs": 50}