{"arquitecture": "D", "trainable_params": 19649, "non_trainable_params": 0, "train_metrics": {"mse": 732.795421436923, "mae": 22.371671766798823, "r2_score": 0.3408886678503438, "kendalltau": 0.42685400574053556, "pearsonr": 0.6048160430458369, "spearmanr": 0.6025487170479165}, "test_metrics": {"mse": 787.2016735959986, "mae": 23.32432012738926, "r2": 0.3109396325317981, "kendalltau": 0.40512508332389763, "pearsonr": 0.5724901249280123, "spearmanr": 0.5819671330547332}, "total_time": 16.8403, "epochs": 50}