{"arquitecture": "D", "trainable_params": 18945, "non_trainable_params": 0, "train_metrics": {"mse": 861.6711792661481, "mae": 24.60054287789483, "r2_score": 0.2249716329730609, "kendalltau": 0.3700291489191082, "pearsonr": 0.5353539620700248, "spearmanr": 0.5296477831813238}, "test_metrics": {"mse": 1037.7775974173455, "mae": 27.050966662487813, "r2": 0.09160328717281496, "kendalltau": 0.24253959932700786, "pearsonr": 0.35565428052987635, "spearmanr": 0.35724294620497477}, "total_time": 15.6215, "epochs": 50}