{"arquitecture": "D", "trainable_params": 18945, "non_trainable_params": 0, "train_metrics": {"mse": 910.9797483581862, "mae": 25.411205815378704, "r2_score": 0.1806211420858248, "kendalltau": 0.3099940668194043, "pearsonr": 0.45914536289619695, "spearmanr": 0.45016178892886444}, "test_metrics": {"mse": 1020.65628117719, "mae": 27.001095338591508, "r2": 0.10659006991946285, "kendalltau": 0.2381176190968048, "pearsonr": 0.35881457463474875, "spearmanr": 0.3483547320508938}, "total_time": 14.3822, "epochs": 50}