{"arquitecture": "D", "trainable_params": 19649, "non_trainable_params": 0, "train_metrics": {"accuracy": 0.7351768488745981, "recall": 0.7351768488745981, "precision": 0.7351768488745981, "f1_score": 0.7351768488745981, "mcc": 0.44645172997293653}, "test_metrics": {"accuracy": 0.7090210671628354, "recall": 0.7090210671628354, "precision": 0.7090210671628354, "f1_score": 0.7090210671628354, "mcc": 0.3934780213998759}, "total_time": 306.2898, "epochs": 40}