{"arquitecture": "C", "trainable_params": 20993, "non_trainable_params": 0, "train_metrics": {"accuracy": 0.6562829581993569, "recall": 0.6562829581993569, "precision": 0.6562829581993569, "f1_score": 0.6562829581993569, "mcc": 0.2668571402423295}, "test_metrics": {"accuracy": 0.6386771502310785, "recall": 0.6386771502310785, "precision": 0.6386771502310785, "f1_score": 0.6386771502310785, "mcc": 0.2322914613692808}, "total_time": 229.7266, "epochs": 40}