{"arquitecture": "A", "trainable_params": 218897, "non_trainable_params": 0, "train_metrics": {"accuracy": 0.5907395498392283, "recall": 0.5907395498392283, "precision": 0.5907395498392283, "f1_score": 0.5907395498392283, "mcc": 0.07085298202654111}, "test_metrics": {"accuracy": 0.5817778044535142, "recall": 0.5817778044535142, "precision": 0.5817778044535142, "f1_score": 0.5817778044535142, "mcc": 0.047427960938899345}, "total_time": 185.6108, "epochs": 40}