{"arquitecture": "D", "trainable_params": 19649, "non_trainable_params": 0, "train_metrics": {"accuracy": 0.5845144694533762, "recall": 0.5845144694533762, "precision": 0.5845144694533762, "f1_score": 0.5845144694533762, "mcc": 0.0073528476251398306}, "test_metrics": {"accuracy": 0.5782966208510893, "recall": 0.5782966208510893, "precision": 0.5782966208510893, "f1_score": 0.5782966208510893, "mcc": 0.0010734284090522003}, "total_time": 316.2624, "epochs": 40}