{"arquitecture": "D", "trainable_params": 18625, "non_trainable_params": 0, "train_metrics": {"accuracy": 0.6391511254019293, "recall": 0.6391511254019293, "precision": 0.6391511254019293, "f1_score": 0.6391511254019293, "mcc": 0.22689339619787477}, "test_metrics": {"accuracy": 0.6108877018186183, "recall": 0.6108877018186183, "precision": 0.6108877018186183, "f1_score": 0.6108877018186183, "mcc": 0.1675470907822632}, "total_time": 408.1951, "epochs": 40}