{"arquitecture": "A", "trainable_params": 132881, "non_trainable_params": 0, "train_metrics": {"accuracy": 0.7215176848874598, "recall": 0.7215176848874598, "precision": 0.7215176848874598, "f1_score": 0.7215176848874598, "mcc": 0.4157657812672859}, "test_metrics": {"accuracy": 0.6762499249744913, "recall": 0.6762499249744913, "precision": 0.6762499249744913, "f1_score": 0.6762499249744913, "mcc": 0.32131163895384546}, "total_time": 176.7592, "epochs": 40}