{"arquitecture": "B", "trainable_params": 218897, "non_trainable_params": 0, "train_metrics": {"accuracy": 0.5908938906752411, "recall": 0.5908938906752411, "precision": 0.5908938906752411, "f1_score": 0.5908938906752411, "mcc": 0.07441635693883285}, "test_metrics": {"accuracy": 0.582918192185343, "recall": 0.582918192185343, "precision": 0.582918192185343, "f1_score": 0.582918192185343, "mcc": 0.05672691400757986}, "total_time": 257.3368, "epochs": 40}