{"arquitecture": "B", "trainable_params": 132881, "non_trainable_params": 0, "train_metrics": {"accuracy": 0.758508038585209, "recall": 0.758508038585209, "precision": 0.758508038585209, "f1_score": 0.758508038585209, "mcc": 0.500335575516126}, "test_metrics": {"accuracy": 0.7125622711721985, "recall": 0.7125622711721985, "precision": 0.7125622711721985, "f1_score": 0.7125622711721985, "mcc": 0.40235361811342085}, "total_time": 199.9298, "epochs": 40}