{"arquitecture": "B", "trainable_params": 218897, "non_trainable_params": 0, "train_metrics": {"accuracy": 0.5894019292604502, "recall": 0.5894019292604502, "precision": 0.5894019292604502, "f1_score": 0.5894019292604502, "mcc": 0.05999083020443419}, "test_metrics": {"accuracy": 0.5806974371286238, "recall": 0.5806974371286238, "precision": 0.5806974371286238, "f1_score": 0.5806974371286238, "mcc": 0.042408381346959824}, "total_time": 187.6413, "epochs": 40}