{"arquitecture": "D", "trainable_params": 19649, "non_trainable_params": 0, "train_metrics": {"accuracy": 0.5845144694533762, "recall": 0.5845144694533762, "precision": 0.5845144694533762, "f1_score": 0.5845144694533762, "mcc": 0.00813456552530053}, "test_metrics": {"accuracy": 0.5786567432927195, "recall": 0.5786567432927195, "precision": 0.5786567432927195, "f1_score": 0.5786567432927195, "mcc": 0.02029200111268702}, "total_time": 258.6453, "epochs": 40}