{"arquitecture": "D", "trainable_params": 19649, "non_trainable_params": 0, "train_metrics": {"accuracy": 0.7259935691318328, "recall": 0.7259935691318328, "precision": 0.7259935691318328, "f1_score": 0.7259935691318328, "mcc": 0.4263024862047949}, "test_metrics": {"accuracy": 0.6866334553748275, "recall": 0.6866334553748275, "precision": 0.6866334553748275, "f1_score": 0.6866334553748275, "mcc": 0.3451474078783928}, "total_time": 269.9753, "epochs": 40}