{"arquitecture": "C", "trainable_params": 19649, "non_trainable_params": 0, "train_metrics": {"accuracy": 0.5851061093247588, "recall": 0.5851061093247588, "precision": 0.5851061093247588, "f1_score": 0.5851061093247588, "mcc": 0.024663400802238274}, "test_metrics": {"accuracy": 0.5784766820719045, "recall": 0.5784766820719045, "precision": 0.5784766820719045, "f1_score": 0.5784766820719045, "mcc": 0.017584071665526894}, "total_time": 229.4194, "epochs": 40}