{"arquitecture": "A", "trainable_params": 526097, "non_trainable_params": 0, "train_metrics": {"accuracy": 0.950096463022508, "recall": 0.950096463022508, "precision": 0.950096463022508, "f1_score": 0.950096463022508, "mcc": 0.8971716050323599}, "test_metrics": {"accuracy": 0.6425184562751336, "recall": 0.6425184562751336, "precision": 0.6425184562751336, "f1_score": 0.6425184562751336, "mcc": 0.25884326749430314}, "total_time": 292.8868, "epochs": 40}