{"arquitecture": "A", "trainable_params": 132881, "non_trainable_params": 0, "train_metrics": {"accuracy": 0.7787009646302251, "recall": 0.7787009646302251, "precision": 0.7787009646302251, "f1_score": 0.7787009646302251, "mcc": 0.5422568106355865}, "test_metrics": {"accuracy": 0.7138827201248424, "recall": 0.7138827201248424, "precision": 0.7138827201248424, "f1_score": 0.7138827201248424, "mcc": 0.40969213974356017}, "total_time": 124.0068, "epochs": 40}