{"arquitecture": "A", "trainable_params": 67345, "non_trainable_params": 0, "train_metrics": {"accuracy": 0.6629453376205787, "recall": 0.6629453376205787, "precision": 0.6629453376205787, "f1_score": 0.6629453376205787, "mcc": 0.29264395595968934}, "test_metrics": {"accuracy": 0.6212112118120161, "recall": 0.6212112118120161, "precision": 0.6212112118120161, "f1_score": 0.6212112118120161, "mcc": 0.20602205002676718}, "total_time": 111.811, "epochs": 40}