{"arquitecture": "D", "trainable_params": 20993, "non_trainable_params": 0, "train_metrics": {"accuracy": 0.6584180064308681, "recall": 0.6584180064308681, "precision": 0.6584180064308681, "f1_score": 0.6584180064308681, "mcc": 0.27266060288949934}, "test_metrics": {"accuracy": 0.6390972930796471, "recall": 0.6390972930796471, "precision": 0.6390972930796471, "f1_score": 0.6390972930796471, "mcc": 0.23273197274593083}, "total_time": 261.082, "epochs": 40}