{"arquitecture": "C", "trainable_params": 18625, "non_trainable_params": 0, "train_metrics": {"accuracy": 0.6372218649517685, "recall": 0.6372218649517685, "precision": 0.6372218649517685, "f1_score": 0.6372218649517685, "mcc": 0.21957768865593683}, "test_metrics": {"accuracy": 0.6096872936798512, "recall": 0.6096872936798512, "precision": 0.6096872936798512, "f1_score": 0.6096872936798512, "mcc": 0.15826995185599313}, "total_time": 407.9195, "epochs": 40}