{"arquitecture": "C", "trainable_params": 19649, "non_trainable_params": 0, "train_metrics": {"accuracy": 0.6738263665594856, "recall": 0.6738263665594856, "precision": 0.6738263665594856, "f1_score": 0.6738263665594856, "mcc": 0.30836364706081976}, "test_metrics": {"accuracy": 0.6526018846407778, "recall": 0.6526018846407778, "precision": 0.6526018846407778, "f1_score": 0.6526018846407778, "mcc": 0.2653157582804086}, "total_time": 333.9938, "epochs": 40}