{"arquitecture": "A", "trainable_params": 132881, "non_trainable_params": 0, "train_metrics": {"accuracy": 0.776951768488746, "recall": 0.776951768488746, "precision": 0.776951768488746, "f1_score": 0.776951768488746, "mcc": 0.540504076914898}, "test_metrics": {"accuracy": 0.707460536582438, "recall": 0.707460536582438, "precision": 0.707460536582438, "f1_score": 0.707460536582438, "mcc": 0.3983688496769242}, "total_time": 189.4864, "epochs": 40}