{"arquitecture": "C", "trainable_params": 19649, "non_trainable_params": 0, "train_metrics": {"accuracy": 0.7250932475884244, "recall": 0.7250932475884244, "precision": 0.7250932475884244, "f1_score": 0.7250932475884244, "mcc": 0.4234443581796201}, "test_metrics": {"accuracy": 0.7007382510053418, "recall": 0.7007382510053418, "precision": 0.7007382510053418, "f1_score": 0.7007382510053418, "mcc": 0.37447674926393093}, "total_time": 274.5407, "epochs": 40}