{"arquitecture": "C", "trainable_params": 19649, "non_trainable_params": 0, "train_metrics": {"accuracy": 0.7244244372990354, "recall": 0.7244244372990354, "precision": 0.7244244372990354, "f1_score": 0.7244244372990355, "mcc": 0.42224067347763594}, "test_metrics": {"accuracy": 0.6869935778164576, "recall": 0.6869935778164576, "precision": 0.6869935778164576, "f1_score": 0.6869935778164576, "mcc": 0.34381846731580107}, "total_time": 448.642, "epochs": 40}