{"arquitecture": "B", "trainable_params": 132881, "non_trainable_params": 0, "train_metrics": {"accuracy": 0.7736848874598071, "recall": 0.7736848874598071, "precision": 0.7736848874598071, "f1_score": 0.7736848874598071, "mcc": 0.5295621847192691}, "test_metrics": {"accuracy": 0.7098613528599724, "recall": 0.7098613528599724, "precision": 0.7098613528599724, "f1_score": 0.7098613528599724, "mcc": 0.3971110128325268}, "total_time": 163.3956, "epochs": 40}