{"arquitecture": "D", "trainable_params": 19649, "non_trainable_params": 0, "train_metrics": {"accuracy": 0.7317041800643087, "recall": 0.7317041800643087, "precision": 0.7317041800643087, "f1_score": 0.7317041800643088, "mcc": 0.44199889420776856}, "test_metrics": {"accuracy": 0.701098373446972, "recall": 0.701098373446972, "precision": 0.701098373446972, "f1_score": 0.701098373446972, "mcc": 0.3796528959064188}, "total_time": 270.2058, "epochs": 40}