{"arquitecture": "B", "trainable_params": 526097, "non_trainable_params": 0, "train_metrics": {"accuracy": 0.855871382636656, "recall": 0.855871382636656, "precision": 0.855871382636656, "f1_score": 0.855871382636656, "mcc": 0.7018368464634747}, "test_metrics": {"accuracy": 0.6764299861953064, "recall": 0.6764299861953064, "precision": 0.6764299861953064, "f1_score": 0.6764299861953064, "mcc": 0.32460090425048954}, "total_time": 295.3504, "epochs": 40}