{"arquitecture": "A", "trainable_params": 218897, "non_trainable_params": 0, "train_metrics": {"accuracy": 0.5892733118971061, "recall": 0.5892733118971061, "precision": 0.5892733118971061, "f1_score": 0.5892733118971061, "mcc": 0.06009687711583062}, "test_metrics": {"accuracy": 0.5806974371286238, "recall": 0.5806974371286238, "precision": 0.5806974371286238, "f1_score": 0.5806974371286238, "mcc": 0.04452647496124154}, "total_time": 170.5811, "epochs": 40}