{"arquitecture": "C", "trainable_params": 25793, "non_trainable_params": 0, "train_metrics": {"accuracy": 0.6951768488745981, "recall": 0.6951768488745981, "precision": 0.6951768488745981, "f1_score": 0.6951768488745981, "mcc": 0.36830920360737435}, "test_metrics": {"accuracy": 0.6665266190504772, "recall": 0.6665266190504772, "precision": 0.6665266190504772, "f1_score": 0.6665266190504772, "mcc": 0.31007100446243396}, "total_time": 412.2986, "epochs": 40}