{"arquitecture": "B", "trainable_params": 132881, "non_trainable_params": 0, "train_metrics": {"accuracy": 0.753209003215434, "recall": 0.753209003215434, "precision": 0.753209003215434, "f1_score": 0.753209003215434, "mcc": 0.4844699635244687}, "test_metrics": {"accuracy": 0.7167636996578837, "recall": 0.7167636996578837, "precision": 0.7167636996578837, "f1_score": 0.7167636996578837, "mcc": 0.40949686814059816}, "total_time": 147.6924, "epochs": 40}