{"arquitecture": "D", "trainable_params": 17793, "non_trainable_params": 0, "train_metrics": {"accuracy": 0.6493118971061094, "recall": 0.6493118971061094, "precision": 0.6493118971061094, "f1_score": 0.6493118971061094, "mcc": 0.25705617649596696}, "test_metrics": {"accuracy": 0.6384370686033252, "recall": 0.6384370686033252, "precision": 0.6384370686033252, "f1_score": 0.6384370686033252, "mcc": 0.23771627252295102}, "total_time": 286.4946, "epochs": 40}