{"arquitecture": "A", "trainable_params": 67345, "non_trainable_params": 0, "train_metrics": {"accuracy": 0.6326173633440515, "recall": 0.6326173633440515, "precision": 0.6326173633440515, "f1_score": 0.6326173633440515, "mcc": 0.2097692674602173}, "test_metrics": {"accuracy": 0.6256527219254546, "recall": 0.6256527219254546, "precision": 0.6256527219254546, "f1_score": 0.6256527219254546, "mcc": 0.19991487419603163}, "total_time": 166.3626, "epochs": 40}