{"arquitecture": "C", "trainable_params": 19649, "non_trainable_params": 0, "train_metrics": {"accuracy": 0.7205916398713826, "recall": 0.7205916398713826, "precision": 0.7205916398713826, "f1_score": 0.7205916398713826, "mcc": 0.41452690748008086}, "test_metrics": {"accuracy": 0.6979172918792389, "recall": 0.6979172918792389, "precision": 0.6979172918792389, "f1_score": 0.6979172918792389, "mcc": 0.36870537204253584}, "total_time": 288.1368, "epochs": 40}