{"arquitecture": "C", "trainable_params": 19649, "non_trainable_params": 0, "train_metrics": {"accuracy": 0.5844630225080386, "recall": 0.5844630225080386, "precision": 0.5844630225080386, "f1_score": 0.5844630225080386, "mcc": 0.007247571729945267}, "test_metrics": {"accuracy": 0.5784166616649661, "recall": 0.5784166616649661, "precision": 0.5784166616649661, "f1_score": 0.5784166616649661, "mcc": 0.007721092273944338}, "total_time": 274.5057, "epochs": 40}