{"arquitecture": "D", "trainable_params": 19649, "non_trainable_params": 0, "train_metrics": {"accuracy": 0.6707652733118971, "recall": 0.6707652733118971, "precision": 0.6707652733118971, "f1_score": 0.6707652733118971, "mcc": 0.30159355340102484}, "test_metrics": {"accuracy": 0.6473200888302023, "recall": 0.6473200888302023, "precision": 0.6473200888302023, "f1_score": 0.6473200888302023, "mcc": 0.25266505176865306}, "total_time": 453.6048, "epochs": 40}