{"arquitecture": "D", "trainable_params": 19649, "non_trainable_params": 0, "train_metrics": {"accuracy": 0.6345980707395499, "recall": 0.6345980707395499, "precision": 0.6345980707395499, "f1_score": 0.6345980707395499, "mcc": 0.2798304832662117}, "test_metrics": {"accuracy": 0.6185102934997899, "recall": 0.6185102934997899, "precision": 0.6185102934997899, "f1_score": 0.6185102934997899, "mcc": 0.24530749408996272}, "total_time": 253.3511, "epochs": 40}