{"arquitecture": "C", "trainable_params": 20993, "non_trainable_params": 0, "train_metrics": {"accuracy": 0.6574147909967846, "recall": 0.6574147909967846, "precision": 0.6574147909967846, "f1_score": 0.6574147909967846, "mcc": 0.2704233397685984}, "test_metrics": {"accuracy": 0.6383770481963867, "recall": 0.6383770481963867, "precision": 0.6383770481963867, "f1_score": 0.6383770481963867, "mcc": 0.23098833400657257}, "total_time": 268.4091, "epochs": 40}