{"arquitecture": "A", "trainable_params": 132881, "non_trainable_params": 0, "train_metrics": {"accuracy": 0.5844887459807074, "recall": 0.5844887459807074, "precision": 0.5844887459807074, "f1_score": 0.5844887459807074, "mcc": 0.008506318718242216}, "test_metrics": {"accuracy": 0.5783566412580278, "recall": 0.5783566412580278, "precision": 0.5783566412580278, "f1_score": 0.5783566412580278, "mcc": 0.0}, "total_time": 197.009, "epochs": 40}