{"arquitecture": "B", "trainable_params": 218897, "non_trainable_params": 0, "train_metrics": {"accuracy": 0.5901221864951769, "recall": 0.5901221864951769, "precision": 0.5901221864951769, "f1_score": 0.5901221864951769, "mcc": 0.06404832892142955}, "test_metrics": {"accuracy": 0.582077906488206, "recall": 0.582077906488206, "precision": 0.582077906488206, "f1_score": 0.582077906488206, "mcc": 0.05074900085270048}, "total_time": 175.6611, "epochs": 40}