{"arquitecture": "D", "trainable_params": 20993, "non_trainable_params": 0, "train_metrics": {"accuracy": 0.6596270096463023, "recall": 0.6596270096463023, "precision": 0.6596270096463023, "f1_score": 0.6596270096463023, "mcc": 0.27488061206954567}, "test_metrics": {"accuracy": 0.63825700738251, "recall": 0.63825700738251, "precision": 0.63825700738251, "f1_score": 0.63825700738251, "mcc": 0.23155658945846744}, "total_time": 229.9402, "epochs": 40}