{"arquitecture": "D", "trainable_params": 19649, "non_trainable_params": 0, "train_metrics": {"accuracy": 0.5847459807073955, "recall": 0.5847459807073955, "precision": 0.5847459807073955, "f1_score": 0.5847459807073955, "mcc": 0.029658113180328037}, "test_metrics": {"accuracy": 0.5777564371886441, "recall": 0.5777564371886441, "precision": 0.5777564371886441, "f1_score": 0.5777564371886441, "mcc": 0.020842790307393836}, "total_time": 266.7384, "epochs": 40}