{"arquitecture": "A", "trainable_params": 132881, "non_trainable_params": 0, "train_metrics": {"accuracy": 0.8247202572347266, "recall": 0.8247202572347266, "precision": 0.8247202572347266, "f1_score": 0.8247202572347266, "mcc": 0.6363068590854402}, "test_metrics": {"accuracy": 0.6916151491507112, "recall": 0.6916151491507112, "precision": 0.6916151491507112, "f1_score": 0.6916151491507112, "mcc": 0.35855344922274535}, "total_time": 175.9429, "epochs": 40}