{"arquitecture": "C", "trainable_params": 20993, "non_trainable_params": 0, "train_metrics": {"accuracy": 0.6581350482315113, "recall": 0.6581350482315113, "precision": 0.6581350482315113, "f1_score": 0.6581350482315113, "mcc": 0.2725588205592581}, "test_metrics": {"accuracy": 0.6408979052877979, "recall": 0.6408979052877979, "precision": 0.6408979052877979, "f1_score": 0.6408979052877979, "mcc": 0.23736517397727208}, "total_time": 247.8244, "epochs": 40}