{"arquitecture": "A", "trainable_params": 218897, "non_trainable_params": 0, "train_metrics": {"accuracy": 0.5865466237942122, "recall": 0.5865466237942122, "precision": 0.5865466237942122, "f1_score": 0.5865466237942122, "mcc": 0.05713245388586004}, "test_metrics": {"accuracy": 0.5755957025388632, "recall": 0.5755957025388632, "precision": 0.5755957025388632, "f1_score": 0.5755957025388632, "mcc": 0.03305532442459041}, "total_time": 186.9661, "epochs": 40}