{"arquitecture": "B", "trainable_params": 132881, "non_trainable_params": 0, "train_metrics": {"accuracy": 0.6951511254019292, "recall": 0.6951511254019292, "precision": 0.6951511254019292, "f1_score": 0.6951511254019292, "mcc": 0.36283329975662815}, "test_metrics": {"accuracy": 0.6614248844607167, "recall": 0.6614248844607167, "precision": 0.6614248844607167, "f1_score": 0.6614248844607167, "mcc": 0.2943209420332366}, "total_time": 168.6545, "epochs": 40}