{"arquitecture": "A", "trainable_params": 18193, "non_trainable_params": 0, "train_metrics": {"accuracy": 0.684887459807074, "recall": 0.684887459807074, "precision": 0.684887459807074, "f1_score": 0.684887459807074, "mcc": 0.33379810563342666}, "test_metrics": {"accuracy": 0.649780925514675, "recall": 0.649780925514675, "precision": 0.649780925514675, "f1_score": 0.649780925514675, "mcc": 0.25991193960730835}, "total_time": 107.3483, "epochs": 40}