{"arquitecture": "B", "trainable_params": 67345, "non_trainable_params": 0, "train_metrics": {"accuracy": 0.6101093247588425, "recall": 0.6101093247588425, "precision": 0.6101093247588425, "f1_score": 0.6101093247588425, "mcc": 0.14664856493643363}, "test_metrics": {"accuracy": 0.6035051917652001, "recall": 0.6035051917652001, "precision": 0.6035051917652001, "f1_score": 0.6035051917652001, "mcc": 0.14125435778257817}, "total_time": 122.707, "epochs": 40}