{"arquitecture": "C", "trainable_params": 19649, "non_trainable_params": 0, "train_metrics": {"accuracy": 0.5845144694533762, "recall": 0.5845144694533762, "precision": 0.5845144694533762, "f1_score": 0.5845144694533762, "mcc": 0.00821417115464186}, "test_metrics": {"accuracy": 0.5782966208510893, "recall": 0.5782966208510893, "precision": 0.5782966208510893, "f1_score": 0.5782966208510893, "mcc": 0.004881923820012162}, "total_time": 263.0895, "epochs": 40}