{"arquitecture": "A", "trainable_params": 67345, "non_trainable_params": 0, "train_metrics": {"accuracy": 0.6489260450160772, "recall": 0.6489260450160772, "precision": 0.6489260450160772, "f1_score": 0.6489260450160772, "mcc": 0.2496883664861944}, "test_metrics": {"accuracy": 0.6316547626192905, "recall": 0.6316547626192905, "precision": 0.6316547626192905, "f1_score": 0.6316547626192905, "mcc": 0.21456779986813096}, "total_time": 112.4987, "epochs": 40}