{"arquitecture": "B", "trainable_params": 18193, "non_trainable_params": 0, "train_metrics": {"accuracy": 0.6402057877813505, "recall": 0.6402057877813505, "precision": 0.6402057877813505, "f1_score": 0.6402057877813505, "mcc": 0.23712786923800955}, "test_metrics": {"accuracy": 0.6290138647140028, "recall": 0.6290138647140028, "precision": 0.6290138647140028, "f1_score": 0.6290138647140028, "mcc": 0.2170629972761568}, "total_time": 110.8588, "epochs": 40}