{"arquitecture": "C", "trainable_params": 17793, "non_trainable_params": 0, "train_metrics": {"accuracy": 0.6520900321543408, "recall": 0.6520900321543408, "precision": 0.6520900321543408, "f1_score": 0.6520900321543408, "mcc": 0.2575387237336826}, "test_metrics": {"accuracy": 0.6399975991837225, "recall": 0.6399975991837225, "precision": 0.6399975991837225, "f1_score": 0.6399975991837225, "mcc": 0.23569936427913113}, "total_time": 331.5319, "epochs": 40}