{"arquitecture": "B", "trainable_params": 132881, "non_trainable_params": 0, "train_metrics": {"accuracy": 0.6763215434083601, "recall": 0.6763215434083601, "precision": 0.6763215434083601, "f1_score": 0.6763215434083601, "mcc": 0.3148283497849335}, "test_metrics": {"accuracy": 0.6496008642938599, "recall": 0.6496008642938599, "precision": 0.6496008642938599, "f1_score": 0.6496008642938599, "mcc": 0.2595256682156467}, "total_time": 221.7595, "epochs": 40}