{"arquitecture": "A", "trainable_params": 132881, "non_trainable_params": 0, "train_metrics": {"accuracy": 0.7186623794212219, "recall": 0.7186623794212219, "precision": 0.7186623794212219, "f1_score": 0.718662379421222, "mcc": 0.4112155506448008}, "test_metrics": {"accuracy": 0.6575835784166617, "recall": 0.6575835784166617, "precision": 0.6575835784166617, "f1_score": 0.6575835784166617, "mcc": 0.2835930086526619}, "total_time": 191.1761, "epochs": 40}