{"arquitecture": "C", "trainable_params": 19649, "non_trainable_params": 0, "train_metrics": {"accuracy": 0.6625594855305467, "recall": 0.6625594855305467, "precision": 0.6625594855305467, "f1_score": 0.6625594855305467, "mcc": 0.2936552868636213}, "test_metrics": {"accuracy": 0.6363363543604825, "recall": 0.6363363543604825, "precision": 0.6363363543604825, "f1_score": 0.6363363543604825, "mcc": 0.24078188731400066}, "total_time": 285.2472, "epochs": 40}