{"arquitecture": "B", "trainable_params": 67345, "non_trainable_params": 0, "train_metrics": {"accuracy": 0.6352411575562701, "recall": 0.6352411575562701, "precision": 0.6352411575562701, "f1_score": 0.6352411575562701, "mcc": 0.21436849716845327}, "test_metrics": {"accuracy": 0.6156293139667487, "recall": 0.6156293139667487, "precision": 0.6156293139667487, "f1_score": 0.6156293139667487, "mcc": 0.17260119717990527}, "total_time": 115.8705, "epochs": 40}