{"arquitecture": "D", "trainable_params": 20993, "non_trainable_params": 0, "train_metrics": {"accuracy": 0.659807073954984, "recall": 0.659807073954984, "precision": 0.659807073954984, "f1_score": 0.659807073954984, "mcc": 0.27588467775345904}, "test_metrics": {"accuracy": 0.6407778644739212, "recall": 0.6407778644739212, "precision": 0.6407778644739212, "f1_score": 0.6407778644739212, "mcc": 0.23684019369027165}, "total_time": 228.9651, "epochs": 40}