{"arquitecture": "D", "trainable_params": 18625, "non_trainable_params": 0, "train_metrics": {"mse": 1126.6826909061685, "mae": 29.078561707054273, "r2_score": -0.01339242521051398, "kendalltau": 0.10992539656798234, "pearsonr": 0.13342808795997313, "spearmanr": 0.16308623210513232}, "test_metrics": {"mse": 1156.547681860472, "mae": 29.924035204308375, "r2": -0.012359599055258963, "kendalltau": 0.11174803236776021, "pearsonr": 0.1543902524270874, "spearmanr": 0.16511275674158551}, "total_time": 22.5195, "epochs": 80}