{"arquitecture": "A", "trainable_params": 91921, "non_trainable_params": 0, "train_metrics": {"mse": 1043.17082746016, "mae": 28.367586872690655, "r2_score": 0.06172214831979694, "kendalltau": 0.26687952773998014, "pearsonr": 0.3393638331385558, "spearmanr": 0.32635490650548415}, "test_metrics": {"mse": 1067.7102743876278, "mae": 29.07294218455042, "r2": 0.06540235025377716, "kendalltau": 0.29743457000156814, "pearsonr": 0.3617094004820238, "spearmanr": 0.3629929910359124}, "total_time": 16.1018, "epochs": 80}