{"arquitecture": "C", "trainable_params": 19649, "non_trainable_params": 0, "train_metrics": {"mse": 732.3347304226722, "mae": 22.626746060803725, "r2_score": 0.3413030354340232, "kendalltau": 0.43588463231473457, "pearsonr": 0.610048500548593, "spearmanr": 0.6127316083163465}, "test_metrics": {"mse": 809.9558040086389, "mae": 23.92810033155339, "r2": 0.2910222848057311, "kendalltau": 0.38898635955856453, "pearsonr": 0.5600500293362444, "spearmanr": 0.561904892497031}, "total_time": 25.783, "epochs": 80}