{"arquitecture": "B", "trainable_params": 526097, "non_trainable_params": 0, "train_metrics": {"mse": 1111.7945423958909, "mae": 29.292380450272915, "r2_score": -1.310704627943693e-06, "kendalltau": -9.764525310316335e-05, "pearsonr": 0.023682303980719622, "spearmanr": -0.00012754593286642152}, "test_metrics": {"mse": 1142.431473928348, "mae": 30.110898877893174, "r2": -3.2744294058417722e-06, "kendalltau": 0.028421329017823738, "pearsonr": 0.028223585211989748, "spearmanr": 0.03484959873049569}, "total_time": 31.3622, "epochs": 80}