{"arquitecture": "C", "trainable_params": 19649, "non_trainable_params": 0, "train_metrics": {"mse": 690.972821694319, "mae": 21.832470252218286, "r2_score": 0.3785059190283826, "kendalltau": 0.43905857638265394, "pearsonr": 0.6231194126044859, "spearmanr": 0.6200876959492414}, "test_metrics": {"mse": 753.1588523691629, "mae": 22.551440291904978, "r2": 0.3407382974623002, "kendalltau": 0.41380359554439833, "pearsonr": 0.5854357541789788, "spearmanr": 0.5911661972539457}, "total_time": 23.2622, "epochs": 80}