{"arquitecture": "B", "trainable_params": 132881, "non_trainable_params": 0, "train_metrics": {"mse": 1111.8018654346067, "mae": 29.28761943599834, "r2_score": -7.89739671414047e-06, "kendalltau": 0.05749122768381578, "pearsonr": 0.07699872042179691, "spearmanr": 0.07044956143669615}, "test_metrics": {"mse": 1142.4277446986896, "mae": 30.107302107981273, "r2": -1.0126947058708424e-08, "kendalltau": 0.0753934850640751, "pearsonr": 0.07752411016194093, "spearmanr": 0.09244075297483884}, "total_time": 16.5932, "epochs": 80}