{"arquitecture": "A", "trainable_params": 91921, "non_trainable_params": 0, "train_metrics": {"mse": 1039.7591882307267, "mae": 28.325501220542428, "r2_score": 0.06479074019625308, "kendalltau": 0.27571942828877494, "pearsonr": 0.3464173440627318, "spearmanr": 0.3367973722916066}, "test_metrics": {"mse": 1070.5917384663192, "mae": 29.15419317143304, "r2": 0.06288012149905464, "kendalltau": 0.2835297284119251, "pearsonr": 0.34091419410462576, "spearmanr": 0.34549860174652625}, "total_time": 16.0612, "epochs": 80}