{"arquitecture": "D", "trainable_params": 18625, "non_trainable_params": 0, "train_metrics": {"mse": 1024.7647328060116, "mae": 26.209390875367585, "r2_score": 0.07827747223732306, "kendalltau": 0.34544934445616177, "pearsonr": 0.4791453521337988, "spearmanr": 0.49792762512237865}, "test_metrics": {"mse": 1064.3175563952066, "mae": 26.80882212413209, "r2": 0.06837209432951641, "kendalltau": 0.33406757107597396, "pearsonr": 0.4818956338015128, "spearmanr": 0.48803015802723315}, "total_time": 25.58, "epochs": 80}