{"arquitecture": "C", "trainable_params": 18625, "non_trainable_params": 0, "train_metrics": {"mse": 1028.0331593707513, "mae": 26.139723524401322, "r2_score": 0.07533769269708701, "kendalltau": 0.3632595485522302, "pearsonr": 0.5168887443123865, "spearmanr": 0.5201502699834674}, "test_metrics": {"mse": 1176.1600642721016, "mae": 27.943760158760206, "r2": -0.029526883989690944, "kendalltau": 0.22078566257094065, "pearsonr": 0.3421250149720152, "spearmanr": 0.32580408115847226}, "total_time": 24.5546, "epochs": 80}