{"arquitecture": "D", "trainable_params": 18945, "non_trainable_params": 0, "train_metrics": {"mse": 696.462078756438, "mae": 21.62390825516188, "r2_score": 0.3735686180725024, "kendalltau": 0.4937501300152536, "pearsonr": 0.6842179965439807, "spearmanr": 0.6834811054652384}, "test_metrics": {"mse": 1073.9255583564525, "mae": 27.092931967162126, "r2": 0.059961932633837534, "kendalltau": 0.22697242402680304, "pearsonr": 0.3395584205182973, "spearmanr": 0.33826882261638513}, "total_time": 46.1485, "epochs": 80}