{"arquitecture": "D", "trainable_params": 18945, "non_trainable_params": 0, "train_metrics": {"mse": 716.2733747343019, "mae": 22.01019221156222, "r2_score": 0.35574938871927286, "kendalltau": 0.4770915315914122, "pearsonr": 0.6670634994357777, "spearmanr": 0.6671624732272238}, "test_metrics": {"mse": 1066.2745913076344, "mae": 27.041583406073705, "r2": 0.06665904513115106, "kendalltau": 0.2463549360108906, "pearsonr": 0.3541829699338768, "spearmanr": 0.3601437433696406}, "total_time": 39.3482, "epochs": 80}