{"arquitecture": "C", "trainable_params": 17793, "non_trainable_params": 0, "train_metrics": {"mse": 858.3197340772524, "mae": 24.43932438216294, "r2_score": 0.22798608344376392, "kendalltau": 0.3351225832345717, "pearsonr": 0.4974790987488738, "spearmanr": 0.4835244275158985}, "test_metrics": {"mse": 924.8439571046155, "mae": 25.380027070641518, "r2": 0.19045736523635914, "kendalltau": 0.29739321123024176, "pearsonr": 0.4542611454499419, "spearmanr": 0.4336175360036396}, "total_time": 20.5417, "epochs": 80}