{"arquitecture": "D", "trainable_params": 19649, "non_trainable_params": 0, "train_metrics": {"mse": 660.8132356597927, "mae": 21.327866333018314, "r2_score": 0.40563289655414203, "kendalltau": 0.4602255761944924, "pearsonr": 0.6449359686300045, "spearmanr": 0.646510149539661}, "test_metrics": {"mse": 806.1173913787527, "mae": 23.419789845256933, "r2": 0.294382158273939, "kendalltau": 0.37875865018258453, "pearsonr": 0.5428511549990399, "spearmanr": 0.5461442096122195}, "total_time": 25.7358, "epochs": 80}