{"arquitecture": "D", "trainable_params": 18625, "non_trainable_params": 0, "train_metrics": {"mse": 1080.1197915233167, "mae": 26.219125551376234, "r2_score": 0.028488478713260768, "kendalltau": 0.4101216803929329, "pearsonr": 0.5831238045222454, "spearmanr": 0.5849442733980468}, "test_metrics": {"mse": 1294.3103106171145, "mae": 28.845618404448032, "r2": -0.13294720802311666, "kendalltau": 0.19824960686259258, "pearsonr": 0.2978886887361995, "spearmanr": 0.2924686671327713}, "total_time": 23.2713, "epochs": 80}