{"arquitecture": "B", "trainable_params": 67345, "non_trainable_params": 0, "train_metrics": {"mse": 1111.7944647816832, "mae": 29.292438463253973, "r2_score": -1.240894688780969e-06, "kendalltau": 0.056441113548501856, "pearsonr": 0.049756372488753975, "spearmanr": 0.07875621079653139}, "test_metrics": {"mse": 1142.4315219139457, "mae": 30.110942142350332, "r2": -3.316432585886986e-06, "kendalltau": 0.06334889717141891, "pearsonr": 0.06795198227705163, "spearmanr": 0.08751049548291653}, "total_time": 16.0294, "epochs": 80}