{"arquitecture": "D", "trainable_params": 17793, "non_trainable_params": 0, "train_metrics": {"mse": 872.9259848646738, "mae": 24.656050765611386, "r2_score": 0.2148485212639517, "kendalltau": 0.3420477685111298, "pearsonr": 0.5002711556639191, "spearmanr": 0.4925961266089356}, "test_metrics": {"mse": 943.3875925572174, "mae": 25.577761280749524, "r2": 0.17422558539168886, "kendalltau": 0.3019655989512681, "pearsonr": 0.449199732317194, "spearmanr": 0.4406525036308697}, "total_time": 20.6176, "epochs": 80}