{"arquitecture": "C", "trainable_params": 18625, "non_trainable_params": 0, "train_metrics": {"mse": 1098.4320876141937, "mae": 26.75717524514351, "r2_score": 0.01201752172023085, "kendalltau": 0.3470492187017797, "pearsonr": 0.5042320361045607, "spearmanr": 0.5010100551768208}, "test_metrics": {"mse": 1247.4511425422756, "mae": 28.45579673562731, "r2": -0.09193002442719655, "kendalltau": 0.21431312688251408, "pearsonr": 0.3234039965145173, "spearmanr": 0.3176105831542572}, "total_time": 22.2834, "epochs": 80}