{"arquitecture": "B", "trainable_params": 67345, "non_trainable_params": 0, "train_metrics": {"mse": 1111.7931575382895, "mae": 29.296152046389874, "r2_score": -6.509731109716199e-08, "kendalltau": -0.08048223001845906, "pearsonr": -0.11524886449675815, "spearmanr": -0.1072948817635361}, "test_metrics": {"mse": 1142.4388655344762, "mae": 30.113748639822006, "r2": -9.744515796494824e-06, "kendalltau": -0.11053136131865433, "pearsonr": -0.17125761247789245, "spearmanr": -0.1479470768904815}, "total_time": 15.4032, "epochs": 80}