{"arquitecture": "C", "trainable_params": 18625, "non_trainable_params": 0, "train_metrics": {"mse": 998.4849378891467, "mae": 25.338355853319054, "r2_score": 0.101914779635218, "kendalltau": 0.4203374672665931, "pearsonr": 0.6027291422383684, "spearmanr": 0.5955703850848056}, "test_metrics": {"mse": 1262.2423713920132, "mae": 28.224493623312032, "r2": -0.10487721436385966, "kendalltau": 0.23425214658264762, "pearsonr": 0.32573949805849195, "spearmanr": 0.34415566213171933}, "total_time": 24.4605, "epochs": 80}