{"arquitecture": "D", "trainable_params": 20161, "non_trainable_params": 0, "train_metrics": {"mse": 778.6558394753823, "mae": 22.985012415994465, "r2_score": 0.29963960932457223, "kendalltau": 0.41871178859765884, "pearsonr": 0.5995887858238937, "spearmanr": 0.5930513833892708}, "test_metrics": {"mse": 828.3181844432883, "mae": 23.541235305867822, "r2": 0.2749491627148044, "kendalltau": 0.410299101008217, "pearsonr": 0.5705006480884854, "spearmanr": 0.5838975165064266}, "total_time": 24.8898, "epochs": 80}