{"arquitecture": "D", "trainable_params": 18625, "non_trainable_params": 0, "train_metrics": {"mse": 903.3603276548388, "mae": 25.245286170006256, "r2_score": 0.1874744143403707, "kendalltau": 0.3162626985121997, "pearsonr": 0.4580732711194328, "spearmanr": 0.4602817423107698}, "test_metrics": {"mse": 1019.5378102002212, "mae": 26.840342977217265, "r2": 0.10756909987867525, "kendalltau": 0.23087800520517973, "pearsonr": 0.36113675915684107, "spearmanr": 0.34125335509537663}, "total_time": 23.2825, "epochs": 80}