{"arquitecture": "D", "trainable_params": 18945, "non_trainable_params": 0, "train_metrics": {"mse": 725.0003897898778, "mae": 22.05974572095191, "r2_score": 0.34789989300641544, "kendalltau": 0.48232153524572174, "pearsonr": 0.676375177129744, "spearmanr": 0.6716994312762359}, "test_metrics": {"mse": 1106.0510201374848, "mae": 27.3543168789308, "r2": 0.03184158781952462, "kendalltau": 0.21076351009908575, "pearsonr": 0.3175349033755545, "spearmanr": 0.3113484279124695}, "total_time": 26.7925, "epochs": 80}