{"arquitecture": "B", "trainable_params": 132881, "non_trainable_params": 0, "train_metrics": {"mse": 1111.805544370953, "mae": 29.306436238304858, "r2_score": -1.120640843188525e-05, "kendalltau": -0.0603182216856474, "pearsonr": -0.09274581187695267, "spearmanr": -0.08550946074228907}, "test_metrics": {"mse": 1142.4722076364956, "mae": 30.121350743940898, "r2": -3.892982096065367e-05, "kendalltau": -0.04129060506914316, "pearsonr": -0.08097347513064936, "spearmanr": -0.06061407331058651}, "total_time": 16.4029, "epochs": 80}