{"arquitecture": "A", "trainable_params": 67345, "non_trainable_params": 0, "train_metrics": {"mse": 1111.7998248471158, "mae": 29.288647187389557, "r2_score": -6.061994499484413e-06, "kendalltau": -0.07810896152227252, "pearsonr": -0.1285528150510003, "spearmanr": -0.1030226516337848}, "test_metrics": {"mse": 1142.4280880910696, "mae": 30.108078811849868, "r2": -3.1070821782108737e-07, "kendalltau": -0.07527012837635597, "pearsonr": -0.1325174593088739, "spearmanr": -0.09976604022520705}, "total_time": 19.5528, "epochs": 80}