{"arquitecture": "B", "trainable_params": 132881, "non_trainable_params": 0, "train_metrics": {"mse": 1111.7934522908618, "mae": 29.293141245899044, "r2_score": -3.3021190515292176e-07, "kendalltau": 0.1596877608209372, "pearsonr": 0.24293461797989868, "spearmanr": 0.23342527254225215}, "test_metrics": {"mse": 1142.4320868121497, "mae": 30.111470405544555, "r2": -3.8109043041245627e-06, "kendalltau": 0.19628999561564567, "pearsonr": 0.272792707628492, "spearmanr": 0.28158967807656365}, "total_time": 17.8024, "epochs": 80}