{"arquitecture": "C", "trainable_params": 18945, "non_trainable_params": 0, "train_metrics": {"mse": 753.2773050200326, "mae": 22.312317197918606, "r2_score": 0.322466279857081, "kendalltau": 0.47368442612709805, "pearsonr": 0.6576817525743306, "spearmanr": 0.6575375090119536}, "test_metrics": {"mse": 1067.4278422251666, "mae": 26.469777509703167, "r2": 0.06564957128515703, "kendalltau": 0.262428483196867, "pearsonr": 0.3938130144500153, "spearmanr": 0.3831788878918723}, "total_time": 45.7974, "epochs": 80}