{"arquitecture": "C", "trainable_params": 18625, "non_trainable_params": 0, "train_metrics": {"mse": 911.1390562800901, "mae": 24.779812570848552, "r2_score": 0.18047785290366503, "kendalltau": 0.35893031246589585, "pearsonr": 0.5091010757255567, "spearmanr": 0.5167624557463831}, "test_metrics": {"mse": 1113.8586586547817, "mae": 27.446862350617135, "r2": 0.02500733625955076, "kendalltau": 0.21758699659943317, "pearsonr": 0.3273001667622636, "spearmanr": 0.324314738731257}, "total_time": 22.9078, "epochs": 80}