{"arquitecture": "B", "trainable_params": 91921, "non_trainable_params": 0, "train_metrics": {"mse": 999.7724833995886, "mae": 27.650472955991344, "r2_score": 0.10075669947837618, "kendalltau": 0.26995756692822725, "pearsonr": 0.35887826352109364, "spearmanr": 0.3470714083849445}, "test_metrics": {"mse": 1027.7029868634409, "mae": 28.3698205436979, "r2": 0.1004218848501559, "kendalltau": 0.2789071485744068, "pearsonr": 0.36199726490364975, "spearmanr": 0.3578583942304226}, "total_time": 13.969, "epochs": 80}