{"arquitecture": "A", "trainable_params": 67345, "non_trainable_params": 0, "train_metrics": {"mse": 1111.793114416471, "mae": 29.295186801981618, "r2_score": -2.6311480549878752e-08, "kendalltau": 0.012140586309850203, "pearsonr": 0.02021430917362194, "spearmanr": 0.01479328005158303}, "test_metrics": {"mse": null, "mae": null, "r2_score": null, "kendalltau": null, "pearsonr": null, "spearmanr": null}, "total_time": 18.79, "epochs": 80}