{"arquitecture": "B", "trainable_params": 132881, "non_trainable_params": 0, "train_metrics": {"mse": 1111.8265963402903, "mae": 29.27987590915795, "r2_score": -3.0141558882146313e-05, "kendalltau": 0.14497863928980484, "pearsonr": 0.21586907246290615, "spearmanr": 0.21098808209848477}, "test_metrics": {"mse": 1142.4344004053348, "mae": 30.101449191570282, "r2": -5.836059259634041e-06, "kendalltau": 0.19186278149108812, "pearsonr": 0.2675844598144623, "spearmanr": 0.27589903624943435}, "total_time": 23.7022, "epochs": 80}