{"arquitecture": "A", "trainable_params": 18193, "non_trainable_params": 0, "train_metrics": {"mse": 1111.7944138740622, "mae": 29.298951950182808, "r2_score": -1.1951059337711456e-06, "kendalltau": -0.017145879206016276, "pearsonr": -0.013662610746989313, "spearmanr": -0.02093946234064635}, "test_metrics": {"mse": 1142.446201507845, "mae": 30.115840213639395, "r2": -1.6165905225129507e-05, "kendalltau": -0.018060708705637366, "pearsonr": -0.022813286346327323, "spearmanr": -0.021996506762997955}, "total_time": 15.2353, "epochs": 80}