{"arquitecture": "B", "trainable_params": 91921, "non_trainable_params": 0, "train_metrics": {"mse": 1029.2744684397207, "mae": 28.177763508403626, "r2_score": 0.07422119981227393, "kendalltau": 0.26760084387854455, "pearsonr": 0.3494851709129459, "spearmanr": 0.3392295347359066}, "test_metrics": {"mse": 1055.2906501629948, "mae": 28.85044058731624, "r2": 0.07627360614548484, "kendalltau": 0.28635677865782605, "pearsonr": 0.36386015252644066, "spearmanr": 0.36309820383307606}, "total_time": 14.1362, "epochs": 80}