{"arquitecture": "A", "trainable_params": 67345, "non_trainable_params": 0, "train_metrics": {"mse": 1111.7930414406408, "mae": 29.295141401788502, "r2_score": 3.932647985038784e-08, "kendalltau": 0.07333792306942674, "pearsonr": 0.09094916608056577, "spearmanr": 0.104411353028904}, "test_metrics": {"mse": 1142.4364310411086, "mae": 30.11298508303506, "r2": -7.613533418160401e-06, "kendalltau": 0.03244322639614853, "pearsonr": 0.04011873623849365, "spearmanr": 0.0453629582061756}, "total_time": 24.3855, "epochs": 80}