{"arquitecture": "A", "trainable_params": 132881, "non_trainable_params": 0, "train_metrics": {"mse": 1111.8433745893567, "mae": 29.27593701418762, "r2_score": -4.523272043943649e-05, "kendalltau": 0.14808601848476352, "pearsonr": 0.22933103445295083, "spearmanr": 0.2202518659007527}, "test_metrics": {"mse": 1142.4416679362362, "mae": 30.098458566835948, "r2": -1.2197539019265236e-05, "kendalltau": 0.18817551247335398, "pearsonr": 0.2669605789641389, "spearmanr": 0.27451274436178597}, "total_time": 19.6657, "epochs": 80}