{"arquitecture": "C", "trainable_params": 18625, "non_trainable_params": 0, "train_metrics": {"mse": 899.6469619439242, "mae": 25.813050292450143, "r2_score": 0.19081439347899642, "kendalltau": 0.3216797842355533, "pearsonr": 0.4573222594330271, "spearmanr": 0.4635002852533953}, "test_metrics": {"mse": 929.8508925303747, "mae": 26.445838636585645, "r2": 0.18607465000583512, "kendalltau": 0.3016948654677863, "pearsonr": 0.45089957750047677, "spearmanr": 0.440114321967288}, "total_time": 24.1226, "epochs": 80}