{"arquitecture": "D", "trainable_params": 20161, "non_trainable_params": 0, "train_metrics": {"mse": 629.8701065257818, "mae": 20.60466194629327, "r2_score": 0.4334646303065237, "kendalltau": 0.4952642967119991, "pearsonr": 0.6818088946073942, "spearmanr": 0.6866356481729933}, "test_metrics": {"mse": 821.9223613139814, "mae": 23.31173292999821, "r2": 0.2805476114777622, "kendalltau": 0.37555998421107706, "pearsonr": 0.5435309104382469, "spearmanr": 0.5434829815342362}, "total_time": 24.446, "epochs": 80}