{"arquitecture": "D", "trainable_params": 18625, "non_trainable_params": 0, "train_metrics": {"mse": 846.7554860970408, "mae": 23.880286694714304, "r2_score": 0.2383875224655856, "kendalltau": 0.4449871426396008, "pearsonr": 0.6293540348835237, "spearmanr": 0.6273035062094514}, "test_metrics": {"mse": 1148.4401346608095, "mae": 28.088375344872475, "r2": -0.005262828761129157, "kendalltau": 0.1978886288846168, "pearsonr": 0.2783025721079363, "spearmanr": 0.2919050095128287}, "total_time": 25.0519, "epochs": 80}