{"arquitecture": "C", "trainable_params": 18945, "non_trainable_params": 0, "train_metrics": {"mse": 612.9617269208692, "mae": 20.20568898061978, "r2_score": 0.44867283750851883, "kendalltau": 0.5208788731997315, "pearsonr": 0.7176641507851178, "spearmanr": 0.7143344553788711}, "test_metrics": {"mse": 1046.2483757737607, "mae": 26.367644530854054, "r2": 0.08418857015328685, "kendalltau": 0.2587635540038075, "pearsonr": 0.37316610875693024, "spearmanr": 0.37924780768260274}, "total_time": 24.3843, "epochs": 80}