{"arquitecture": "B", "trainable_params": 165649, "non_trainable_params": 0, "train_metrics": {"mse": 1111.7927491968564, "mae": 29.295600608069684, "r2_score": 3.0218454949437756e-07, "kendalltau": 0.09278968601975911, "pearsonr": 0.1219659327589789, "spearmanr": 0.12358348061598201}, "test_metrics": {"mse": 1142.4371607844075, "mae": 30.113330321652548, "r2": -8.25229881029621e-06, "kendalltau": 0.09107356129133083, "pearsonr": 0.1078320911311944, "spearmanr": 0.12272921844386347}, "total_time": 16.6273, "epochs": 80}