{"arquitecture": "D", "trainable_params": 18945, "non_trainable_params": 0, "train_metrics": {"mse": 699.6127168445641, "mae": 21.412960217458714, "r2_score": 0.3707347831348956, "kendalltau": 0.5411676010322646, "pearsonr": 0.7348732486001847, "spearmanr": 0.7352412220266505}, "test_metrics": {"mse": 1089.5798485367998, "mae": 26.934354187122413, "r2": 0.04625928018030656, "kendalltau": 0.2610146527831286, "pearsonr": 0.38527425152062633, "spearmanr": 0.3843291264873828}, "total_time": 49.431, "epochs": 80}