{"arquitecture": "A", "trainable_params": 132881, "non_trainable_params": 0, "train_metrics": {"mse": 1111.7993701010967, "mae": 29.2888495799969, "r2_score": -5.652974129466415e-06, "kendalltau": 0.03593057722688194, "pearsonr": 0.057618049172728884, "spearmanr": 0.04813599638235197}, "test_metrics": {"mse": 1142.4281331740297, "mae": 30.108231672218867, "r2": -3.5017063515496716e-07, "kendalltau": -0.00837882658982371, "pearsonr": 0.0012594319256618316, "spearmanr": -0.011519505105786795}, "total_time": 20.0266, "epochs": 80}