{"arquitecture": "D", "trainable_params": 18945, "non_trainable_params": 0, "train_metrics": {"mse": 760.06618425606, "mae": 22.580022778049962, "r2_score": 0.31636003641428356, "kendalltau": 0.47844810698861806, "pearsonr": 0.6692206540234484, "spearmanr": 0.6656447940866101}, "test_metrics": {"mse": 1093.761583838157, "mae": 27.146405756573326, "r2": 0.04259888645903154, "kendalltau": 0.2538652833859975, "pearsonr": 0.36781162474344253, "spearmanr": 0.3711891887675819}, "total_time": 31.9965, "epochs": 80}