{"arquitecture": "A", "trainable_params": 165649, "non_trainable_params": 0, "train_metrics": {"mse": 1111.8003845445517, "mae": 29.288337581519478, "r2_score": -6.565413205095183e-06, "kendalltau": -0.012140586309850203, "pearsonr": -0.02021430917362195, "spearmanr": -0.01479328005158303}, "test_metrics": {"mse": null, "mae": null, "r2_score": null, "kendalltau": null, "pearsonr": null, "spearmanr": null}, "total_time": 19.1954, "epochs": 80}