{"arquitecture": "C", "trainable_params": 18625, "non_trainable_params": 0, "train_metrics": {"mse": 1145.3753285379337, "mae": 29.06069262236599, "r2_score": -0.030205479618938602, "kendalltau": 0.13579531670145928, "pearsonr": 0.17512505336504472, "spearmanr": 0.20074374853707297}, "test_metrics": {"mse": 1174.8497616709344, "mae": 29.86920650941985, "r2": -0.02837993826772589, "kendalltau": 0.15101113357242832, "pearsonr": 0.20257245507105973, "spearmanr": 0.22326374202304727}, "total_time": 24.7564, "epochs": 80}