{"arquitecture": "A", "trainable_params": 67345, "non_trainable_params": 0, "train_metrics": {"mse": 620.8883353074755, "mae": 20.275610613332177, "r2_score": 0.4415432659251155, "kendalltau": 0.4845434804105747, "pearsonr": 0.6754377420890489, "spearmanr": 0.6724713234480773}, "test_metrics": {"mse": 735.8412207748468, "mae": 21.819162305976665, "r2": 0.3558969207100737, "kendalltau": 0.4278165601060964, "pearsonr": 0.6043385280959273, "spearmanr": 0.6121334932672244}, "total_time": 17.1165, "epochs": 80}