{"arquitecture": "C", "trainable_params": 20161, "non_trainable_params": 0, "train_metrics": {"mse": 787.0333449214708, "mae": 22.735454058464548, "r2_score": 0.2921044793099292, "kendalltau": 0.47724267178512264, "pearsonr": 0.6667233942639268, "spearmanr": 0.6661692690146199}, "test_metrics": {"mse": 955.6665564253508, "mae": 24.802767195738852, "r2": 0.16347745357375898, "kendalltau": 0.36637510010480484, "pearsonr": 0.5266955632546844, "spearmanr": 0.5297320546370625}, "total_time": 24.1267, "epochs": 80}