{"arquitecture": "C", "trainable_params": 18625, "non_trainable_params": 0, "train_metrics": {"mse": 922.8333525318992, "mae": 25.613333237804596, "r2_score": 0.16995944223187276, "kendalltau": 0.326855564154945, "pearsonr": 0.4723704208766644, "spearmanr": 0.4742895177472748}, "test_metrics": {"mse": 1043.5542300618145, "mae": 27.486906626394816, "r2": 0.08654683372989536, "kendalltau": 0.2141777601407732, "pearsonr": 0.34632896257961265, "spearmanr": 0.3192377993885232}, "total_time": 23.7346, "epochs": 80}