{"arquitecture": "D", "trainable_params": 18625, "non_trainable_params": 0, "train_metrics": {"mse": 951.3946217738036, "mae": 25.22062898629473, "r2_score": 0.1442700674524794, "kendalltau": 0.3308587862438218, "pearsonr": 0.4797261809613895, "spearmanr": 0.4776480692013991}, "test_metrics": {"mse": 1108.1510339416118, "mae": 26.986615854714596, "r2": 0.03000338506653777, "kendalltau": 0.22752391815982156, "pearsonr": 0.34858181419860074, "spearmanr": 0.33836699764271494}, "total_time": 22.4363, "epochs": 80}