{"arquitecture": "D", "trainable_params": 19649, "non_trainable_params": 0, "train_metrics": {"mse": 715.9954364329561, "mae": 22.386558020497237, "r2_score": 0.3559993797518263, "kendalltau": 0.4279580664238594, "pearsonr": 0.6089263238804161, "spearmanr": 0.6045714302734486}, "test_metrics": {"mse": 801.9255515225375, "mae": 23.451596411743335, "r2": 0.29805139680400583, "kendalltau": 0.396957956572196, "pearsonr": 0.5500368941527527, "spearmanr": 0.5678326570424589}, "total_time": 22.558, "epochs": 80}