{"arquitecture": "A", "trainable_params": 91921, "non_trainable_params": 0, "train_metrics": {"mse": 980.8798026099789, "mae": 27.242596097172818, "r2_score": 0.11774968229300709, "kendalltau": 0.262084611921854, "pearsonr": 0.351298977443946, "spearmanr": 0.3491470192905451}, "test_metrics": {"mse": 1012.2134991137328, "mae": 28.038745173386165, "r2": 0.1139802809749405, "kendalltau": 0.27149871395175995, "pearsonr": 0.346933554546331, "spearmanr": 0.36127436595514756}, "total_time": 14.3979, "epochs": 80}