{"arquitecture": "C", "trainable_params": 18945, "non_trainable_params": 0, "train_metrics": {"mse": 655.2786981223497, "mae": 20.976514003389813, "r2_score": 0.4106109249402682, "kendalltau": 0.4892251400694104, "pearsonr": 0.678847288735891, "spearmanr": 0.6785856232792646}, "test_metrics": {"mse": 1036.442506512335, "mae": 26.58357717934996, "r2": 0.09277193081327817, "kendalltau": 0.24721225870858307, "pearsonr": 0.3599394724092742, "spearmanr": 0.364789059616754}, "total_time": 31.5246, "epochs": 80}