{"arquitecture": "B", "trainable_params": 91921, "non_trainable_params": 0, "train_metrics": {"mse": 999.7147003981752, "mae": 27.591894088606335, "r2_score": 0.10080867227995638, "kendalltau": 0.2768799450945781, "pearsonr": 0.3677642665133051, "spearmanr": 0.35764194995343584}, "test_metrics": {"mse": 1033.4360738123974, "mae": 28.39884881888117, "r2": 0.0954035482125708, "kendalltau": 0.2745637592302571, "pearsonr": 0.3555411511316375, "spearmanr": 0.35391427688189175}, "total_time": 13.6337, "epochs": 80}