{"arquitecture": "A", "trainable_params": 165649, "non_trainable_params": 0, "train_metrics": {"mse": 1111.7944060730026, "mae": 29.29250340806405, "r2_score": -1.1880892867299764e-06, "kendalltau": 0.07858359899286271, "pearsonr": 0.09742528383305572, "spearmanr": 0.10060864274333257}, "test_metrics": {"mse": 1142.4316173360708, "mae": 30.11099152479853, "r2": -3.3999583288757407e-06, "kendalltau": 0.07938106207331805, "pearsonr": 0.11818745314389623, "spearmanr": 0.10106137234928088}, "total_time": 18.1031, "epochs": 80}