{"arquitecture": "D", "trainable_params": 18625, "non_trainable_params": 0, "train_metrics": {"mse": 1115.1768265348448, "mae": 29.157525850974412, "r2_score": -0.003043499205428235, "kendalltau": 0.09083361849194777, "pearsonr": 0.1249844726793227, "spearmanr": 0.13464944073025967}, "test_metrics": {"mse": 1145.454499533237, "mae": 30.004880717822484, "r2": -0.002649416077778133, "kendalltau": 0.08985483769777007, "pearsonr": 0.1258481342421288, "spearmanr": 0.13395916305423222}, "total_time": 23.8861, "epochs": 80}