{"arquitecture": "B", "trainable_params": 67345, "non_trainable_params": 0, "train_metrics": {"mse": 919.9169872647377, "mae": 26.504309775214153, "r2_score": 0.17258256096329794, "kendalltau": 0.40239781910714373, "pearsonr": 0.5298102513061828, "spearmanr": 0.5699945922448122}, "test_metrics": {"mse": 940.292716480474, "mae": 27.05671282325472, "r2": 0.17693461983386383, "kendalltau": 0.39318487765231624, "pearsonr": 0.5311492743970545, "spearmanr": 0.5646845562730936}, "total_time": 14.5119, "epochs": 80}