{"arquitecture": "C", "trainable_params": 19649, "non_trainable_params": 0, "train_metrics": {"mse": 790.2738279994263, "mae": 23.654846816384776, "r2_score": 0.28918983348131366, "kendalltau": 0.39046516093165196, "pearsonr": 0.5568008827146186, "spearmanr": 0.5577344004997983}, "test_metrics": {"mse": 878.4044686742369, "mae": 25.091865238334453, "r2": 0.2311071911147713, "kendalltau": 0.34245529548088305, "pearsonr": 0.49335909412738377, "spearmanr": 0.5005975540755119}, "total_time": 28.8278, "epochs": 80}