{"arquitecture": "B", "trainable_params": 91921, "non_trainable_params": 0, "train_metrics": {"mse": 1059.0868357748343, "mae": 28.575321369162012, "r2_score": 0.047406527430381984, "kendalltau": 0.25589733528324754, "pearsonr": 0.33230100998997236, "spearmanr": 0.3207017438362898}, "test_metrics": {"mse": 1090.534867182605, "mae": 29.37469850267683, "r2": 0.04542332476876454, "kendalltau": 0.2639621437995457, "pearsonr": 0.3326125087068562, "spearmanr": 0.3281673622721446}, "total_time": 15.3318, "epochs": 80}