{"arquitecture": "D", "trainable_params": 19649, "non_trainable_params": 0, "train_metrics": {"mse": 724.1956143197073, "mae": 22.3569741013405, "r2_score": 0.3486237466451094, "kendalltau": 0.4193620640505032, "pearsonr": 0.5974376145368241, "spearmanr": 0.5955601764686217}, "test_metrics": {"mse": 786.498828867979, "mae": 23.1847139091364, "r2": 0.31155485282769746, "kendalltau": 0.39661703292633, "pearsonr": 0.5600690045418578, "spearmanr": 0.5660557799918635}, "total_time": 25.056, "epochs": 80}