{"arquitecture": "A", "trainable_params": 91921, "non_trainable_params": 0, "train_metrics": {"mse": 982.853853371866, "mae": 27.347624833986714, "r2_score": 0.11597412640205051, "kendalltau": 0.280187736065122, "pearsonr": 0.3680167453364435, "spearmanr": 0.35818541988154884}, "test_metrics": {"mse": 1013.6448299738165, "mae": 28.08723023533821, "r2": 0.11272739572139123, "kendalltau": 0.2867253910926262, "pearsonr": 0.3654519824620809, "spearmanr": 0.3673779143577919}, "total_time": 15.1814, "epochs": 80}