{"arquitecture": "C", "trainable_params": 19649, "non_trainable_params": 0, "train_metrics": {"mse": 802.7367119159892, "mae": 23.859095432360014, "r2_score": 0.2779801182178574, "kendalltau": 0.3858148352154147, "pearsonr": 0.552593480711141, "spearmanr": 0.5508712984471908}, "test_metrics": {"mse": 863.0732243623762, "mae": 24.64965672152383, "r2": 0.24452707218669234, "kendalltau": 0.3576414384710023, "pearsonr": 0.5134200217719862, "spearmanr": 0.5188251754182668}, "total_time": 23.7349, "epochs": 80}