{"arquitecture": "C", "trainable_params": 18945, "non_trainable_params": 0, "train_metrics": {"mse": 541.6521449843066, "mae": 19.030184439505156, "r2_score": 0.5128120940735771, "kendalltau": 0.5555581749639024, "pearsonr": 0.7507546779445706, "spearmanr": 0.7527371060498703}, "test_metrics": {"mse": 1053.5601268216315, "mae": 26.985992585641466, "r2": 0.07778838322168813, "kendalltau": 0.23122394243407315, "pearsonr": 0.3294052498527951, "spearmanr": 0.3390203633290312}, "total_time": 22.3208, "epochs": 80}