{"arquitecture": "D", "trainable_params": 18625, "non_trainable_params": 0, "train_metrics": {"mse": 1071.246526305564, "mae": 26.265427993438415, "r2_score": 0.03646951883319227, "kendalltau": 0.36296317519563304, "pearsonr": 0.5319955663150961, "spearmanr": 0.5214419066975303}, "test_metrics": {"mse": 1256.8887439927962, "mae": 28.51279375489269, "r2": -0.10019102963289894, "kendalltau": 0.21875516144482693, "pearsonr": 0.3269208740397042, "spearmanr": 0.3245555340673124}, "total_time": 22.0657, "epochs": 80}