{"arquitecture": "B", "trainable_params": 132881, "non_trainable_params": 0, "train_metrics": {"mse": 1111.801725292307, "mae": 29.30481051074768, "r2_score": -7.771346011598013e-06, "kendalltau": 0.054677652651683714, "pearsonr": 0.08809926936777347, "spearmanr": 0.08042393176376081}, "test_metrics": {"mse": 1142.4654176731863, "mae": 30.120155257838114, "r2": -3.298636991133641e-05, "kendalltau": 0.015756248118845684, "pearsonr": 0.03561828712110629, "spearmanr": 0.023569449919670075}, "total_time": 17.8235, "epochs": 80}