{"arquitecture": "C", "trainable_params": 25793, "non_trainable_params": 0, "train_metrics": {"mse": 629.9253488491477, "mae": 20.774364189304993, "r2_score": 0.4334149427125792, "kendalltau": 0.4813558229012094, "pearsonr": 0.6677799981622032, "spearmanr": 0.6716119615257177}, "test_metrics": {"mse": 759.5873585448916, "mae": 22.54795943679554, "r2": 0.3351112402845833, "kendalltau": 0.41611485732004877, "pearsonr": 0.5810237801309932, "spearmanr": 0.5906978117026337}, "total_time": 45.0419, "epochs": 80}