{"arquitecture": "D", "trainable_params": 18945, "non_trainable_params": 0, "train_metrics": {"mse": 672.1132971168497, "mae": 21.478018190770584, "r2_score": 0.3954690795563103, "kendalltau": 0.49417774617306853, "pearsonr": 0.6816125590962268, "spearmanr": 0.6828208895367873}, "test_metrics": {"mse": 1002.6697915191993, "mae": 26.588093241410597, "r2": 0.12233416395394614, "kendalltau": 0.25503846181441875, "pearsonr": 0.37179470591255154, "spearmanr": 0.37300138513685194}, "total_time": 32.2964, "epochs": 80}