{"arquitecture": "D", "trainable_params": 19649, "non_trainable_params": 0, "train_metrics": {"mse": 648.9443733742021, "mae": 21.067638108466674, "r2_score": 0.41630832028538844, "kendalltau": 0.4702533594125615, "pearsonr": 0.6559617190250625, "spearmanr": 0.6563377326773369}, "test_metrics": {"mse": 728.6561914548291, "mae": 22.258298796335502, "r2": 0.3621861844522415, "kendalltau": 0.4291100645271762, "pearsonr": 0.6060827376190411, "spearmanr": 0.6093163479985595}, "total_time": 24.5527, "epochs": 80}