{"arquitecture": "D", "trainable_params": 19649, "non_trainable_params": 0, "train_metrics": {"mse": 755.2401872134087, "mae": 22.90169148698499, "r2_score": 0.3207007695120626, "kendalltau": 0.41324733590918256, "pearsonr": 0.5829519905311463, "spearmanr": 0.5842668379429986}, "test_metrics": {"mse": 818.331238894673, "mae": 23.64476851267474, "r2": 0.2836910246803387, "kendalltau": 0.38314052174856816, "pearsonr": 0.5437583715228088, "spearmanr": 0.552704201640487}, "total_time": 25.285, "epochs": 80}