{"arquitecture": "D", "trainable_params": 19649, "non_trainable_params": 0, "train_metrics": {"mse": 705.9250956084148, "mae": 22.125804054388993, "r2_score": 0.3650571270601395, "kendalltau": 0.43823616086048806, "pearsonr": 0.6136976780652578, "spearmanr": 0.6162964092271375}, "test_metrics": {"mse": 796.4295899650713, "mae": 23.637093351422145, "r2": 0.3028621707357726, "kendalltau": 0.38594311466090775, "pearsonr": 0.55199191185375, "spearmanr": 0.5561814778216005}, "total_time": 25.6848, "epochs": 80}