{"arquitecture": "B", "trainable_params": 67345, "non_trainable_params": 0, "train_metrics": {"mse": 1111.792597438001, "mae": 29.298132087922998, "r2_score": 4.386837393344223e-07, "kendalltau": 0.08152679726411856, "pearsonr": 0.11514903725375605, "spearmanr": 0.12129114968055639}, "test_metrics": {"mse": 1142.4433854936226, "mae": 30.115242344992502, "r2": -1.3700966620566746e-05, "kendalltau": 0.045974465603175585, "pearsonr": 0.06342062054755392, "spearmanr": 0.06899766902683266}, "total_time": 16.1838, "epochs": 80}