{"arquitecture": "C", "trainable_params": 19649, "non_trainable_params": 0, "train_metrics": {"mse": 927.3152008329016, "mae": 24.478176703088987, "r2_score": 0.16592825301077496, "kendalltau": 0.4266803844981638, "pearsonr": 0.603212986081974, "spearmanr": 0.6051175087873588}, "test_metrics": {"mse": 1051.8914997040415, "mae": 25.780162924767605, "r2": 0.07924898074501607, "kendalltau": 0.3591705812943719, "pearsonr": 0.5166265902320752, "spearmanr": 0.5188881312279118}, "total_time": 26.1793, "epochs": 80}