{"arquitecture": "A", "trainable_params": 91921, "non_trainable_params": 0, "train_metrics": {"mse": 1111.6825595991288, "mae": 29.303785509444584, "r2_score": 9.94119912196556e-05, "kendalltau": 0.01423570193684329, "pearsonr": 0.013766953456339463, "spearmanr": 0.017346097732482232}, "test_metrics": {"mse": null, "mae": null, "r2_score": null, "kendalltau": null, "pearsonr": null, "spearmanr": null}, "total_time": 15.1034, "epochs": 80}