{"arquitecture": "B", "trainable_params": 132881, "non_trainable_params": 0, "train_metrics": {"mse": 1111.8173516015277, "mae": 29.311210858759097, "r2_score": -2.1826397647695117e-05, "kendalltau": 0.11516164395014399, "pearsonr": 0.17163641134657398, "spearmanr": 0.16968222894250562}, "test_metrics": {"mse": 1142.4930875997634, "mae": 30.1248536663396, "r2": -5.720665603936581e-05, "kendalltau": 0.1670514138665636, "pearsonr": 0.24057273839355436, "spearmanr": 0.2451790950059543}, "total_time": 16.9577, "epochs": 80}