{"arquitecture": "B", "trainable_params": 165649, "non_trainable_params": 0, "train_metrics": {"mse": 1111.8138798069617, "mae": 29.283292033559345, "r2_score": -1.870369917766901e-05, "kendalltau": 0.010443204854101633, "pearsonr": 0.015646580172505333, "spearmanr": 0.015379084561870355}, "test_metrics": {"mse": 1142.4296387901022, "mae": 30.10403155003275, "r2": -1.6680798815560394e-06, "kendalltau": 0.02651423354269296, "pearsonr": 0.05372936889333842, "spearmanr": 0.04085609645786404}, "total_time": 16.4622, "epochs": 80}