{"arquitecture": "A", "trainable_params": 91921, "non_trainable_params": 0, "train_metrics": {"mse": 1111.583402523774, "mae": 29.28406861753998, "r2_score": 0.0001885986183698396, "kendalltau": 0.01423570193684329, "pearsonr": 0.013766944442725516, "spearmanr": 0.017346097732482232}, "test_metrics": {"mse": null, "mae": null, "r2_score": null, "kendalltau": null, "pearsonr": null, "spearmanr": null}, "total_time": 15.0856, "epochs": 80}