{"arquitecture": "A", "trainable_params": 132881, "non_trainable_params": 0, "train_metrics": {"mse": 1111.8000191970086, "mae": 29.2885222391628, "r2_score": -6.236802110093365e-06, "kendalltau": 0.03942666578106849, "pearsonr": 0.052876494388398164, "spearmanr": 0.04805510381897959}, "test_metrics": {"mse": 1142.4279947300176, "mae": 30.107984168188914, "r2": -2.2898659191028514e-07, "kendalltau": 0.013842149007970244, "pearsonr": 0.022819554593709154, "spearmanr": 0.016858636570180916}, "total_time": 18.7261, "epochs": 80}