{"arquitecture": "A", "trainable_params": 132881, "non_trainable_params": 0, "train_metrics": {"mse": 1111.9341268804449, "mae": 29.263411023846192, "r2_score": -0.00012685968169612316, "kendalltau": 0.10325663336637064, "pearsonr": 0.15648470916878757, "spearmanr": 0.15185604749988812}, "test_metrics": {"mse": 1142.5035753844465, "mae": 30.08900765010289, "r2": -6.638691696880805e-05, "kendalltau": 0.15365844418527344, "pearsonr": 0.2213304290267566, "spearmanr": 0.2231362160049393}, "total_time": 20.2484, "epochs": 80}