{"arquitecture": "C", "trainable_params": 18625, "non_trainable_params": 0, "train_metrics": {"mse": 1016.0903044866665, "mae": 25.389180614367348, "r2_score": 0.08607966891861385, "kendalltau": 0.4701639655175011, "pearsonr": 0.6523304350459019, "spearmanr": 0.6576592808556734}, "test_metrics": {"mse": 1268.245045185549, "mae": 28.57255944609642, "r2": -0.11013152815497618, "kendalltau": 0.2246160400039057, "pearsonr": 0.33146555873123834, "spearmanr": 0.33119596638608}, "total_time": 22.7427, "epochs": 80}