{"arquitecture": "D", "trainable_params": 18625, "non_trainable_params": 0, "train_metrics": {"mse": 991.60052545299, "mae": 25.946121845820578, "r2_score": 0.10810695021805994, "kendalltau": 0.3610573342164063, "pearsonr": 0.5288881367313603, "spearmanr": 0.5182406390923837}, "test_metrics": {"mse": 1189.257284235447, "mae": 28.432813972234726, "r2": -0.04099125900750411, "kendalltau": 0.18640251016874906, "pearsonr": 0.26954465825752244, "spearmanr": 0.2785585864139181}, "total_time": 25.7027, "epochs": 80}