{"arquitecture": "C", "trainable_params": 18945, "non_trainable_params": 0, "train_metrics": {"mse": 712.5161337874039, "mae": 21.867077135366365, "r2_score": 0.3591288313485148, "kendalltau": 0.5062984524394085, "pearsonr": 0.699955692517537, "spearmanr": 0.7005641519695434}, "test_metrics": {"mse": 1071.19141509664, "mae": 27.256623729531253, "r2": 0.06235520721963839, "kendalltau": 0.2317654094010368, "pearsonr": 0.3366568038852735, "spearmanr": 0.3396159701673307}, "total_time": 33.1528, "epochs": 80}