{"arquitecture": "A", "trainable_params": 67345, "non_trainable_params": 0, "train_metrics": {"mse": 1112.2508302735012, "mae": 29.3018294955738, "r2_score": -0.00041171789612692855, "kendalltau": -0.06050919219473594, "pearsonr": -0.06994412769372839, "spearmanr": -0.07382875780882109}, "test_metrics": {"mse": 1142.8613882405425, "mae": 30.119410783052444, "r2": -0.00037959084726524317, "kendalltau": -0.04521224521713732, "pearsonr": -0.05499148108235075, "spearmanr": -0.05521239186905083}, "total_time": 18.1267, "epochs": 80}