{"arquitecture": "C", "trainable_params": 18945, "non_trainable_params": 0, "train_metrics": {"mse": 706.8248126177244, "mae": 21.503143816430242, "r2_score": 0.36424787844965967, "kendalltau": 0.5309720890626387, "pearsonr": 0.7233730525635342, "spearmanr": 0.7245934144748464}, "test_metrics": {"mse": 1094.0755081450711, "mae": 26.866672274457024, "r2": 0.04232409944379156, "kendalltau": 0.2509925003112737, "pearsonr": 0.3655762087617521, "spearmanr": 0.37061859908485745}, "total_time": 36.713, "epochs": 80}