{"arquitecture": "B", "trainable_params": 91921, "non_trainable_params": 0, "train_metrics": {"mse": 1032.387028280668, "mae": 28.22255213195596, "r2_score": 0.07142161427564575, "kendalltau": 0.24500594039303752, "pearsonr": 0.31614196751143536, "spearmanr": 0.30548805678661056}, "test_metrics": {"mse": 1061.9229981183382, "mae": 28.878914160387858, "r2": 0.07046812036900085, "kendalltau": 0.26088100070620324, "pearsonr": 0.3192707873683897, "spearmanr": 0.32733387472708786}, "total_time": 15.1999, "epochs": 80}