{"arquitecture": "C", "trainable_params": 18625, "non_trainable_params": 0, "train_metrics": {"mse": 1173.2122152287889, "mae": 29.0965167237789, "r2_score": -0.05524331000512106, "kendalltau": 0.0754384278600722, "pearsonr": 0.10454769658502672, "spearmanr": 0.11234384712253263}, "test_metrics": {"mse": 1202.3045385076662, "mae": 29.901217064687184, "r2": -0.05241189761234599, "kendalltau": 0.05581691411739979, "pearsonr": 0.08118444292569782, "spearmanr": 0.08274672910328965}, "total_time": 26.0252, "epochs": 80}