{"arquitecture": "C", "trainable_params": 18625, "non_trainable_params": 0, "train_metrics": {"mse": 1213.5109552461768, "mae": 28.053739523077308, "r2_score": -0.09148992869268002, "kendalltau": 0.2585953419192889, "pearsonr": 0.39756871129688437, "spearmanr": 0.38011721322246605}, "test_metrics": {"mse": 1278.4167958091693, "mae": 28.76191524522645, "r2": -0.11903515534175457, "kendalltau": 0.20787568627527964, "pearsonr": 0.32530130253635803, "spearmanr": 0.3090602716080055}, "total_time": 24.9778, "epochs": 80}