{"arquitecture": "A", "trainable_params": 91921, "non_trainable_params": 0, "train_metrics": {"mse": 1005.3590081303263, "mae": 27.646844642021943, "r2_score": 0.09573191131834202, "kendalltau": 0.2676535630809063, "pearsonr": 0.35189422389633596, "spearmanr": 0.3399885851862472}, "test_metrics": {"mse": 1040.3318632574308, "mae": 28.539897186415537, "r2": 0.08936746448923161, "kendalltau": 0.2694574039190368, "pearsonr": 0.33629422568912276, "spearmanr": 0.3406620692105302}, "total_time": 15.3917, "epochs": 80}