{"arquitecture": "C", "trainable_params": 19649, "non_trainable_params": 0, "train_metrics": {"mse": 728.4495996499593, "mae": 22.503578422056997, "r2_score": 0.3447975083036232, "kendalltau": 0.4254550373621669, "pearsonr": 0.5998911920084125, "spearmanr": 0.6016393455472684}, "test_metrics": {"mse": 818.5288685392554, "mae": 23.861783395521343, "r2": 0.28351803374283646, "kendalltau": 0.37839767220460874, "pearsonr": 0.5381701876799205, "spearmanr": 0.5463950485145678}, "total_time": 24.4457, "epochs": 80}