{"arquitecture": "B", "trainable_params": 91921, "non_trainable_params": 0, "train_metrics": {"mse": 1038.7777021986772, "mae": 28.26681222180649, "r2_score": 0.06567353578578061, "kendalltau": 0.2717567705441223, "pearsonr": 0.34121025514457387, "spearmanr": 0.3323270462141953}, "test_metrics": {"mse": 1071.1343924151568, "mae": 29.1602241396904, "r2": 0.06240512082014871, "kendalltau": 0.27602369210410227, "pearsonr": 0.33075644808555643, "spearmanr": 0.3364771248595108}, "total_time": 13.4052, "epochs": 80}