{"arquitecture": "C", "trainable_params": 20161, "non_trainable_params": 0, "train_metrics": {"mse": 926.3835120910709, "mae": 25.084893285058342, "r2_score": 0.16676625853020455, "kendalltau": 0.35489560656306457, "pearsonr": 0.5189620628744588, "spearmanr": 0.5119320828764219}, "test_metrics": {"mse": 978.2124179895102, "mae": 25.704138134739228, "r2": 0.14374240958773732, "kendalltau": 0.33132012757693613, "pearsonr": 0.4846639487363241, "spearmanr": 0.482650001416077}, "total_time": 23.7275, "epochs": 80}