{"arquitecture": "C", "trainable_params": 18625, "non_trainable_params": 0, "train_metrics": {"mse": 971.123915377944, "mae": 25.103517843468328, "r2_score": 0.12652459496535917, "kendalltau": 0.4654819517828704, "pearsonr": 0.6433423709235503, "spearmanr": 0.6527841809656131}, "test_metrics": {"mse": 1269.2186957435022, "mae": 29.10884160388793, "r2": -0.1109837926175048, "kendalltau": 0.1621718633971259, "pearsonr": 0.23563679356386197, "spearmanr": 0.23984766217774636}, "total_time": 25.139, "epochs": 80}