{"arquitecture": "D", "trainable_params": 18625, "non_trainable_params": 0, "train_metrics": {"mse": 892.1245139907579, "mae": 23.98552465510174, "r2_score": 0.19758044379316952, "kendalltau": 0.43009578502442375, "pearsonr": 0.6030173790996975, "spearmanr": 0.6091804978852027}, "test_metrics": {"mse": 1196.9993641755877, "mae": 27.951866387788737, "r2": -0.04776812525087992, "kendalltau": 0.20871796822388972, "pearsonr": 0.31289211098521463, "spearmanr": 0.30856553420792315}, "total_time": 22.4522, "epochs": 80}