{"arquitecture": "B", "trainable_params": 91921, "non_trainable_params": 0, "train_metrics": {"mse": 1068.46103816762, "mae": 28.727839658453227, "r2_score": 0.038974920400368096, "kendalltau": 0.23109852748237805, "pearsonr": 0.28592947648355593, "spearmanr": 0.2816087797604088}, "test_metrics": {"mse": 1100.5445694293776, "mae": 29.601858339139394, "r2": 0.036661543207883174, "kendalltau": 0.23600657823316715, "pearsonr": 0.27567335771460744, "spearmanr": 0.28743724173999213}, "total_time": 13.9412, "epochs": 80}