{"arquitecture": "D", "trainable_params": 18625, "non_trainable_params": 0, "train_metrics": {"mse": 682.8908822037848, "mae": 21.60076544717375, "r2_score": 0.3857752028532099, "kendalltau": 0.4491191788892531, "pearsonr": 0.6301099273367466, "spearmanr": 0.6298678603160541}, "test_metrics": {"mse": 755.279043717307, "mae": 22.686899669468403, "r2": 0.33888243272209795, "kendalltau": 0.42126882067225824, "pearsonr": 0.5907130327882884, "spearmanr": 0.602643524344314}, "total_time": 21.4188, "epochs": 80}