{"arquitecture": "B", "trainable_params": 91921, "non_trainable_params": 0, "train_metrics": {"mse": 999.0288617244684, "mae": 27.642977426473234, "r2_score": 0.10142554846209761, "kendalltau": 0.2560454363144398, "pearsonr": 0.35377916339474363, "spearmanr": 0.3357561028760375}, "test_metrics": {"mse": 1022.7324674395771, "mae": 28.305590978690557, "r2": 0.104772724102148, "kendalltau": 0.2752105778411758, "pearsonr": 0.3651399447372992, "spearmanr": 0.3609794144157796}, "total_time": 14.1506, "epochs": 80}