{"arquitecture": "B", "trainable_params": 18193, "non_trainable_params": 0, "train_metrics": {"mse": 1111.815392716836, "mae": 29.28287704416643, "r2_score": -2.0064482847192977e-05, "kendalltau": -0.018081599684350108, "pearsonr": -0.007329281377405625, "spearmanr": -0.02333515558866324}, "test_metrics": {"mse": 1142.4302814059972, "mae": 30.103721720831736, "r2": -2.2305801397060065e-06, "kendalltau": 0.00405006181481834, "pearsonr": -0.02043961663494617, "spearmanr": 0.005146206464123452}, "total_time": 14.0769, "epochs": 80}