{"arquitecture": "D", "trainable_params": 18625, "non_trainable_params": 0, "train_metrics": {"mse": 1089.5295274531907, "mae": 26.93633378961544, "r2_score": 0.02002491111651694, "kendalltau": 0.289599883721583, "pearsonr": 0.432978339751745, "spearmanr": 0.4233037670610892}, "test_metrics": {"mse": 1187.359658587856, "mae": 28.187367245554924, "r2": -0.039330212455007674, "kendalltau": 0.2125633864059371, "pearsonr": 0.3283570662015991, "spearmanr": 0.3148573947151336}, "total_time": 23.4754, "epochs": 80}