{"arquitecture": "A", "trainable_params": 132881, "non_trainable_params": 0, "train_metrics": {"mse": 674.1596520949373, "mae": 21.90566764144934, "r2_score": 0.393628489787049, "kendalltau": 0.4649637482642568, "pearsonr": 0.6579354928626477, "spearmanr": 0.6517487768832276}, "test_metrics": {"mse": 760.6449587104155, "mae": 23.10060187322753, "r2": 0.33418549230521044, "kendalltau": 0.4150400423437394, "pearsonr": 0.5961662499114193, "spearmanr": 0.5937824801898944}, "total_time": 21.6145, "epochs": 80}