{"arquitecture": "C", "trainable_params": 18945, "non_trainable_params": 0, "train_metrics": {"mse": 641.2128413578716, "mae": 20.981735030220364, "r2_score": 0.42326243082943193, "kendalltau": 0.5316466904150536, "pearsonr": 0.7283429870641864, "spearmanr": 0.7277892755562542}, "test_metrics": {"mse": 1058.1434063135846, "mae": 27.138367412079656, "r2": 0.07377650626961296, "kendalltau": 0.23398141309916579, "pearsonr": 0.33738569831562776, "spearmanr": 0.3439109544762359}, "total_time": 45.1805, "epochs": 80}