{"arquitecture": "D", "trainable_params": 25793, "non_trainable_params": 0, "train_metrics": {"mse": 795.4253207754646, "mae": 23.02312525409212, "r2_score": 0.28455633391670676, "kendalltau": 0.4522612252551895, "pearsonr": 0.6327416807116476, "spearmanr": 0.6358883122582053}, "test_metrics": {"mse": 935.7327459468535, "mae": 24.759678227926738, "r2": 0.1809260937813053, "kendalltau": 0.356603626784322, "pearsonr": 0.5135113169878389, "spearmanr": 0.5175652584094514}, "total_time": 43.5169, "epochs": 80}