{"arquitecture": "D", "trainable_params": 18945, "non_trainable_params": 0, "train_metrics": {"mse": 725.2025559402366, "mae": 22.121581158265936, "r2_score": 0.3477180550789659, "kendalltau": 0.46082460745005205, "pearsonr": 0.6466940412107974, "spearmanr": 0.644354318274133}, "test_metrics": {"mse": 1069.6075233471836, "mae": 27.031062237918377, "r2": 0.06374163342720063, "kendalltau": 0.2312640510982927, "pearsonr": 0.34067271684592687, "spearmanr": 0.33626272035136895}, "total_time": 25.3896, "epochs": 80}