{"arquitecture": "C", "trainable_params": 18625, "non_trainable_params": 0, "train_metrics": {"mse": 724.9098204894127, "mae": 22.265346707654032, "r2_score": 0.34798135537713315, "kendalltau": 0.4427528575629165, "pearsonr": 0.6184645628042024, "spearmanr": 0.6208065749050027}, "test_metrics": {"mse": 793.3714445272708, "mae": 23.27617132450853, "r2": 0.305539053788518, "kendalltau": 0.42154958132179493, "pearsonr": 0.5818608852021423, "spearmanr": 0.6035401545490965}, "total_time": 22.8586, "epochs": 80}