{"arquitecture": "A", "trainable_params": 91921, "non_trainable_params": 0, "train_metrics": {"mse": 987.930358094301, "mae": 27.417118110857608, "r2_score": 0.11140807468777103, "kendalltau": 0.2653715337806877, "pearsonr": 0.35787146066487696, "spearmanr": 0.34488917002224423}, "test_metrics": {"mse": 1020.1816083480875, "mae": 28.26035754595484, "r2": 0.10700556476026313, "kendalltau": 0.27438111832208156, "pearsonr": 0.351075587121898, "spearmanr": 0.357455658371553}, "total_time": 14.6104, "epochs": 80}