{"arquitecture": "D", "trainable_params": 18945, "non_trainable_params": 0, "train_metrics": {"mse": 662.2373588997488, "mae": 20.952232699322323, "r2_score": 0.40435197183985805, "kendalltau": 0.5319480492159274, "pearsonr": 0.7316368231154465, "spearmanr": 0.7290825016856546}, "test_metrics": {"mse": 1073.6040570026878, "mae": 26.788433485398336, "r2": 0.06024335205708997, "kendalltau": 0.2506415494993528, "pearsonr": 0.36252623381869886, "spearmanr": 0.37190187322458645}, "total_time": 28.0926, "epochs": 80}