{"arquitecture": "C", "trainable_params": 18945, "non_trainable_params": 0, "train_metrics": {"mse": 723.0258348436846, "mae": 22.382788712297003, "r2_score": 0.34967590238490753, "kendalltau": 0.44444156340376806, "pearsonr": 0.6278628354872424, "spearmanr": 0.6251921487686118}, "test_metrics": {"mse": 1049.0439917424476, "mae": 27.22598093535219, "r2": 0.0817414867294376, "kendalltau": 0.21752182002007642, "pearsonr": 0.32716882139845843, "spearmanr": 0.3185069797877306}, "total_time": 28.8024, "epochs": 80}