{"arquitecture": "D", "trainable_params": 18625, "non_trainable_params": 0, "train_metrics": {"mse": 892.2243098813283, "mae": 25.57509229467382, "r2_score": 0.19749068258498959, "kendalltau": 0.30712662069093316, "pearsonr": 0.4511758890790668, "spearmanr": 0.44719048204082124}, "test_metrics": {"mse": 996.5201484132789, "mae": 27.16767406463623, "r2": 0.12771712423019488, "kendalltau": 0.2380825240156127, "pearsonr": 0.3579227637556292, "spearmanr": 0.34974213728533565}, "total_time": 26.6399, "epochs": 70}