{"arquitecture": "D", "trainable_params": 18625, "non_trainable_params": 0, "train_metrics": {"mse": 928.887336763702, "mae": 25.088949719817517, "r2_score": 0.16451419858663796, "kendalltau": 0.3497697421885677, "pearsonr": 0.47091194207706777, "spearmanr": 0.5037456811529444}, "test_metrics": {"mse": 1095.4161569635794, "mae": 27.160762518644333, "r2": 0.04115059080107342, "kendalltau": 0.2142178688049927, "pearsonr": 0.3296548061428696, "spearmanr": 0.31943882920919797}, "total_time": 22.6898, "epochs": 70}