{"arquitecture": "A", "trainable_params": 91921, "non_trainable_params": 0, "train_metrics": {"mse": 973.5809201581469, "mae": 27.119848223038414, "r2_score": 0.12431464707758144, "kendalltau": 0.2737173949495214, "pearsonr": 0.3692961363715138, "spearmanr": 0.3567226935427424}, "test_metrics": {"mse": 1004.0549575103952, "mae": 27.892426869698934, "r2": 0.12112168814385571, "kendalltau": 0.279525689368803, "pearsonr": 0.36520641470116433, "spearmanr": 0.36314662451600704}, "total_time": 20.1721, "epochs": 70}