{"arquitecture": "C", "trainable_params": 18625, "non_trainable_params": 0, "train_metrics": {"mse": 1112.3386396391386, "mae": 29.22902378869319, "r2_score": -0.0004906978491499014, "kendalltau": 0.09950721869697057, "pearsonr": 0.1552186598614763, "spearmanr": 0.14766378187197737}, "test_metrics": {"mse": 1142.8321359318484, "mae": 30.062877310173853, "r2": -0.00035398545635456635, "kendalltau": 0.10956236559100947, "pearsonr": 0.15530598635230633, "spearmanr": 0.16353083237933586}, "total_time": 18.5231, "epochs": 70}