{"arquitecture": "D", "trainable_params": 18945, "non_trainable_params": 0, "train_metrics": {"mse": 821.6074477859953, "mae": 23.78719873677149, "r2_score": 0.2610068737159543, "kendalltau": 0.3951339183788295, "pearsonr": 0.57324669982048, "spearmanr": 0.5635548023850763}, "test_metrics": {"mse": 1060.4486706819382, "mae": 26.922427914571017, "r2": 0.0717586417679883, "kendalltau": 0.23822791792340847, "pearsonr": 0.34646500087881676, "spearmanr": 0.34843102645065693}, "total_time": 21.7348, "epochs": 70}