{"arquitecture": "D", "trainable_params": 18945, "non_trainable_params": 0, "train_metrics": {"mse": 709.5322738866739, "mae": 22.293399682736613, "r2_score": 0.3618126579890547, "kendalltau": 0.4458193352915553, "pearsonr": 0.6329717664187823, "spearmanr": 0.625787035539447}, "test_metrics": {"mse": 998.5822973560144, "mae": 26.82492146418164, "r2": 0.125912065684315, "kendalltau": 0.24626469151639668, "pearsonr": 0.3654943483912292, "spearmanr": 0.36576306865952063}, "total_time": 21.6416, "epochs": 70}