{"arquitecture": "D", "trainable_params": 18945, "non_trainable_params": 0, "train_metrics": {"mse": 685.7773075228076, "mae": 21.942176678609826, "r2_score": 0.38317901354645756, "kendalltau": 0.46267423164991095, "pearsonr": 0.6504794088483481, "spearmanr": 0.6456042770748294}, "test_metrics": {"mse": 1003.5049742526626, "mae": 26.52249281693782, "r2": 0.12160310437858424, "kendalltau": 0.2506916853296272, "pearsonr": 0.3646121448474997, "spearmanr": 0.36891031692265597}, "total_time": 21.0441, "epochs": 70}