{"arquitecture": "D", "trainable_params": 20161, "non_trainable_params": 0, "train_metrics": {"mse": 671.4397769541614, "mae": 21.245287586137287, "r2_score": 0.39607487587909396, "kendalltau": 0.4828873893855889, "pearsonr": 0.6687086374253688, "spearmanr": 0.6720163915278141}, "test_metrics": {"mse": 828.4493183698976, "mae": 23.268041045937156, "r2": 0.2748343774003319, "kendalltau": 0.39098677918651353, "pearsonr": 0.5614865113558846, "spearmanr": 0.5638645057296964}, "total_time": 19.8449, "epochs": 70}