{"arquitecture": "B", "trainable_params": 165649, "non_trainable_params": 0, "train_metrics": {"mse": 1111.805110131143, "mae": 29.306367414884445, "r2_score": -1.0815832329313935e-05, "kendalltau": 0.09747116670263871, "pearsonr": 0.12675398356560544, "spearmanr": 0.12846314499825967}, "test_metrics": {"mse": 1142.4716390422404, "mae": 30.121298862355097, "r2": -3.84321139821342e-05, "kendalltau": 0.1035683826703033, "pearsonr": 0.1215719417847659, "spearmanr": 0.1365425793141456}, "total_time": 18.757, "epochs": 70}