{"arquitecture": "C", "trainable_params": 18625, "non_trainable_params": 0, "train_metrics": {"mse": 1131.540776607414, "mae": 29.068268497918083, "r2_score": -0.017762020386158373, "kendalltau": 0.12238275570242794, "pearsonr": 0.16334785883833677, "spearmanr": 0.181233725118042}, "test_metrics": {"mse": 1161.2539784011801, "mae": 29.903579533100128, "r2": -0.016479156384120675, "kendalltau": 0.14879200001437531, "pearsonr": 0.2012922161946263, "spearmanr": 0.21853367046176408}, "total_time": 18.4353, "epochs": 70}