{"arquitecture": "A", "trainable_params": 165649, "non_trainable_params": 0, "train_metrics": {"mse": 1111.7930851798922, "mae": 29.295718947684954, "r2_score": -1.4699796935246923e-11, "kendalltau": 0.021971668381217883, "pearsonr": 0.030959640639769928, "spearmanr": 0.02677243382390471}, "test_metrics": {"mse": null, "mae": null, "r2_score": null, "kendalltau": null, "pearsonr": null, "spearmanr": null}, "total_time": 15.9823, "epochs": 70}