{"arquitecture": "A", "trainable_params": 67345, "non_trainable_params": 0, "train_metrics": {"mse": 1111.8116293069224, "mae": 29.308931864751703, "r2_score": -1.6679491553706072e-05, "kendalltau": 0.010063337166113266, "pearsonr": 0.0003027309204973297, "spearmanr": 0.013330181028841516}, "test_metrics": {"mse": 1142.4832578960522, "mae": 30.12318782721247, "r2": -4.860243239690476e-05, "kendalltau": 0.02877592318214013, "pearsonr": 0.022996425856004428, "spearmanr": 0.03605990292744261}, "total_time": 14.6041, "epochs": 70}