{"arquitecture": "A", "trainable_params": 91921, "non_trainable_params": 0, "train_metrics": {"mse": 1073.8827539733968, "mae": 28.781917396717063, "r2_score": 0.03409836928836041, "kendalltau": 0.23294549329840541, "pearsonr": 0.2950147046531902, "spearmanr": 0.28479371542000426}, "test_metrics": {"mse": 1107.2260312350768, "mae": 29.665265504802978, "r2": 0.0308130666592642, "kendalltau": 0.2345106475940027, "pearsonr": 0.27461138845085553, "spearmanr": 0.2857296593251991}, "total_time": 16.8947, "epochs": 70}