{"arquitecture": "C", "trainable_params": 18945, "non_trainable_params": 0, "train_metrics": {"mse": 778.8365408052873, "mae": 22.601076378897652, "r2_score": 0.29947707788565936, "kendalltau": 0.4908471323921567, "pearsonr": 0.6819340316298322, "spearmanr": 0.6790678557090379}, "test_metrics": {"mse": 1110.0712925450587, "mae": 27.056722704321146, "r2": 0.02832252723390538, "kendalltau": 0.25695866411392865, "pearsonr": 0.368058841053195, "spearmanr": 0.37621228158172715}, "total_time": 24.152, "epochs": 70}