{"arquitecture": "A", "trainable_params": 132881, "non_trainable_params": 0, "train_metrics": {"mse": 1112.006839078168, "mae": 29.255722305202895, "r2_score": -0.0001922605181408077, "kendalltau": 0.16484584781324696, "pearsonr": 0.24373970057959052, "spearmanr": 0.24322948785543244}, "test_metrics": {"mse": 1142.5578120007, "mae": 30.083179052386964, "r2": -0.00011386179409300645, "kendalltau": 0.21621912617686245, "pearsonr": 0.3065573283671131, "spearmanr": 0.31591716855740903}, "total_time": 15.7146, "epochs": 70}