{"arquitecture": "D", "trainable_params": 19649, "non_trainable_params": 0, "train_metrics": {"mse": 795.8164973666982, "mae": 23.389250428440356, "r2_score": 0.2842044909376006, "kendalltau": 0.3855641636746267, "pearsonr": 0.5568967120651873, "spearmanr": 0.5503608433579487}, "test_metrics": {"mse": 860.8759072088887, "mae": 23.879724251638567, "r2": 0.24645044737250688, "kendalltau": 0.3647156041227218, "pearsonr": 0.5179409707462108, "spearmanr": 0.5251112550355761}, "total_time": 19.3071, "epochs": 70}