{"arquitecture": "C", "trainable_params": 18625, "non_trainable_params": 0, "train_metrics": {"mse": 1153.6211617239753, "mae": 27.40722298336805, "r2_score": -0.037622177290546066, "kendalltau": 0.2890003252784047, "pearsonr": 0.41632085346082337, "spearmanr": 0.4216362423621856}, "test_metrics": {"mse": 1223.1761859022256, "mae": 27.713726141623088, "r2": -0.07068145356700284, "kendalltau": 0.23342991896614726, "pearsonr": 0.36026573102361586, "spearmanr": 0.34207012059609915}, "total_time": 20.3333, "epochs": 70}