{"arquitecture": "A", "trainable_params": 18193, "non_trainable_params": 0, "train_metrics": {"mse": 1111.7933951313269, "mae": 29.294014369659642, "r2_score": -2.7879987918311144e-07, "kendalltau": -0.008627800499666702, "pearsonr": 0.008776831927536217, "spearmanr": -0.011506646839153013}, "test_metrics": {"mse": 1142.4342577371078, "mae": 30.112135933978216, "r2": -5.711177638811904e-06, "kendalltau": -0.004256149245846699, "pearsonr": -0.02785241393441458, "spearmanr": -0.0058846956534748624}, "total_time": 14.1734, "epochs": 70}