{"arquitecture": "B", "trainable_params": 132881, "non_trainable_params": 0, "train_metrics": {"mse": 653.5699330955946, "mae": 21.23827150143066, "r2_score": 0.41214787012328646, "kendalltau": 0.46788119564054514, "pearsonr": 0.6600094811640178, "spearmanr": 0.6530361396325347}, "test_metrics": {"mse": 758.42129579715, "mae": 22.62039071002177, "r2": 0.3361319286956983, "kendalltau": 0.4092963844027287, "pearsonr": 0.5908850578277346, "spearmanr": 0.5841449185737976}, "total_time": 15.9945, "epochs": 70}