{"arquitecture": "B", "trainable_params": 91921, "non_trainable_params": 0, "train_metrics": {"mse": 1047.7842193731656, "mae": 28.422062749209843, "r2_score": 0.057572642467881074, "kendalltau": 0.2691265890015644, "pearsonr": 0.34241222198933047, "spearmanr": 0.329385600186516}, "test_metrics": {"mse": 1080.3101347681356, "mae": 29.31057921051979, "r2": 0.05437332844773801, "kendalltau": 0.27481154091383164, "pearsonr": 0.3296061021114601, "spearmanr": 0.33469859997100604}, "total_time": 15.4147, "epochs": 70}