{"arquitecture": "C", "trainable_params": 19649, "non_trainable_params": 0, "train_metrics": {"mse": 778.9375043214212, "mae": 23.141373990653747, "r2_score": 0.29938626645907185, "kendalltau": 0.3964536303141548, "pearsonr": 0.5649911187917154, "spearmanr": 0.5661419306238967}, "test_metrics": {"mse": 847.0363531990149, "mae": 23.815889598003455, "r2": 0.2585646088275725, "kendalltau": 0.37313341002579553, "pearsonr": 0.5244656753540727, "spearmanr": 0.5408226043231646}, "total_time": 19.5307, "epochs": 70}