{"arquitecture": "A", "trainable_params": 67345, "non_trainable_params": 0, "train_metrics": {"mse": 1111.8037963470888, "mae": 29.286790180343257, "r2_score": -9.634151968196392e-06, "kendalltau": -0.012140586309850203, "pearsonr": -0.02021430917362195, "spearmanr": -0.01479328005158303}, "test_metrics": {"mse": 1142.462098905062, "mae": 30.10765340924263, "r2": -3.008135629145592e-05, "kendalltau": -0.013742188573887138, "pearsonr": -0.016934656388958472, "spearmanr": -0.0167368927117212}, "total_time": 27.6091, "epochs": 70}