{"arquitecture": "A", "trainable_params": 67345, "non_trainable_params": 0, "train_metrics": {"mse": 1111.7933961104507, "mae": 29.29383227949567, "r2_score": -2.7968055005267445e-07, "kendalltau": 0.3426814648809242, "pearsonr": 0.45406797655962206, "spearmanr": 0.44964231089492446}, "test_metrics": {"mse": 1142.433691352365, "mae": 30.111994934933527, "r2": -5.215404710323668e-06, "kendalltau": 0.3608792255624399, "pearsonr": 0.4683229017719913, "spearmanr": 0.47872241362220835}, "total_time": 17.1248, "epochs": 70}