{"arquitecture": "B", "trainable_params": 132881, "non_trainable_params": 0, "train_metrics": {"mse": 1111.798780771711, "mae": 29.303452761564717, "r2_score": -5.122903027565684e-06, "kendalltau": 0.12908594624308878, "pearsonr": 0.19036521912861032, "spearmanr": 0.18990607976455523}, "test_metrics": {"mse": 1142.4591619264188, "mae": 30.119143324238912, "r2": -2.7510534034602685e-05, "kendalltau": 0.18663060478720106, "pearsonr": 0.2597948445703614, "spearmanr": 0.2721129671891933}, "total_time": 14.1577, "epochs": 70}