{"arquitecture": "B", "trainable_params": 132881, "non_trainable_params": 0, "train_metrics": {"mse": 1111.7980119302017, "mae": 29.302600488073807, "r2_score": -4.431370115964839e-06, "kendalltau": 0.054455523673683184, "pearsonr": 0.08510420788336723, "spearmanr": 0.08026781220377402}, "test_metrics": {"mse": 1142.4572709482086, "mae": 30.11852731023516, "r2": -2.5855306176048032e-05, "kendalltau": 0.020457486984519786, "pearsonr": 0.04293196476717316, "spearmanr": 0.030111639061928624}, "total_time": 14.9472, "epochs": 70}