{"arquitecture": "C", "trainable_params": 18625, "non_trainable_params": 0, "train_metrics": {"mse": 1154.2355521110715, "mae": 27.000647829730525, "r2_score": -0.038174789458488956, "kendalltau": 0.39450816111340636, "pearsonr": 0.5660320998433498, "spearmanr": 0.5627731621469368}, "test_metrics": {"mse": 1361.7290043762675, "mae": 29.185062128518307, "r2": -0.1919607384233959, "kendalltau": 0.19339645849202952, "pearsonr": 0.2936763228145562, "spearmanr": 0.28593244932704115}, "total_time": 19.4358, "epochs": 70}