{"arquitecture": "B", "trainable_params": 67345, "non_trainable_params": 0, "train_metrics": {"mse": 772.333015128968, "mae": 23.132945129664794, "r2_score": 0.30532666065704583, "kendalltau": 0.4165368443467037, "pearsonr": 0.5937683380158248, "spearmanr": 0.5899486252268236}, "test_metrics": {"mse": 827.6041363040084, "mae": 23.872891641088895, "r2": 0.27557418968025094, "kendalltau": 0.39846704506345576, "pearsonr": 0.5687409511308865, "spearmanr": 0.5713931763697826}, "total_time": 13.1506, "epochs": 70}