{"arquitecture": "B", "trainable_params": 18193, "non_trainable_params": 0, "train_metrics": {"mse": 1111.7998002027316, "mae": 29.288640671908542, "r2_score": -6.039828158721505e-06, "kendalltau": -0.0076344524012175955, "pearsonr": -0.0053740301976512245, "spearmanr": -0.009396977923552527}, "test_metrics": {"mse": 1142.4280534832662, "mae": 30.108073996646063, "r2": -2.804150076585188e-07, "kendalltau": -0.01835524037757081, "pearsonr": -0.02413967080202747, "spearmanr": -0.02260159621416343}, "total_time": 14.059, "epochs": 70}