{"arquitecture": "B", "trainable_params": 67345, "non_trainable_params": 0, "train_metrics": {"mse": 1111.7959343672023, "mae": 29.291067137108744, "r2_score": -2.5627103561465248e-06, "kendalltau": 0.046194338859553326, "pearsonr": 0.03898704562717639, "spearmanr": 0.06450708923251573}, "test_metrics": {"mse": 1142.429804912492, "mae": 30.10990619659424, "r2": -1.8134916086598452e-06, "kendalltau": 0.05847560045448932, "pearsonr": 0.0651341761187637, "spearmanr": 0.07967126100127803}, "total_time": 13.0515, "epochs": 70}