{"arquitecture": "C", "trainable_params": 19649, "non_trainable_params": 0, "train_metrics": {"mse": 703.2028239041107, "mae": 21.910575319900076, "r2_score": 0.36750566873631274, "kendalltau": 0.43584316092011893, "pearsonr": 0.6175090474875264, "spearmanr": 0.6154336314375981}, "test_metrics": {"mse": 765.0315446875347, "mae": 22.75455773169441, "r2": 0.33034578686922345, "kendalltau": 0.40489445850463535, "pearsonr": 0.5784549046181504, "spearmanr": 0.5810149545875385}, "total_time": 19.1734, "epochs": 70}