{"arquitecture": "D", "trainable_params": 25793, "non_trainable_params": 0, "train_metrics": {"mse": 803.4400059557792, "mae": 23.71246276944947, "r2_score": 0.2773475418426531, "kendalltau": 0.3955652208828324, "pearsonr": 0.5692837541012747, "spearmanr": 0.5663307311193025}, "test_metrics": {"mse": 894.0380528393129, "mae": 25.14166282037539, "r2": 0.21742266323461223, "kendalltau": 0.34294662661757225, "pearsonr": 0.4893376239076012, "spearmanr": 0.5009132090161457}, "total_time": 35.6697, "epochs": 70}