{"arquitecture": "A", "trainable_params": 67345, "non_trainable_params": 0, "train_metrics": {"mse": 1111.794330762158, "mae": 29.29266464613225, "r2_score": -1.1203511027790825e-06, "kendalltau": -0.08198525045063221, "pearsonr": -0.11078648278043919, "spearmanr": -0.10559117555034772}, "test_metrics": {"mse": 1142.4319330243961, "mae": 30.11111376966749, "r2": -3.6762894402020407e-06, "kendalltau": -0.11968968454788738, "pearsonr": -0.16696838330613523, "spearmanr": -0.15347267263289965}, "total_time": 15.2748, "epochs": 70}