{"arquitecture": "B", "trainable_params": 91921, "non_trainable_params": 0, "train_metrics": {"mse": 1050.6238734806402, "mae": 28.46969727205283, "r2_score": 0.05501852143100039, "kendalltau": 0.27316566752805477, "pearsonr": 0.35059190274650154, "spearmanr": 0.3415418595936997}, "test_metrics": {"mse": 1079.0439206942553, "mae": 29.222976731402532, "r2": 0.055481682208033845, "kendalltau": 0.28477514393423853, "pearsonr": 0.35653871627310074, "spearmanr": 0.35695173323998153}, "total_time": 15.2902, "epochs": 70}