{"arquitecture": "B", "trainable_params": 132881, "non_trainable_params": 0, "train_metrics": {"mse": 1111.7931460259097, "mae": 29.29515852136096, "r2_score": -5.474252495751841e-08, "kendalltau": -0.05191342153304571, "pearsonr": -0.048328828706080136, "spearmanr": -0.07148459377212078}, "test_metrics": {"mse": 1142.436531138111, "mae": 30.11299760852541, "r2": -7.701151216066293e-06, "kendalltau": -0.033822610159232346, "pearsonr": -0.05026224238989503, "spearmanr": -0.04976087221605069}, "total_time": 14.113, "epochs": 70}