{"arquitecture": "B", "trainable_params": 132881, "non_trainable_params": 0, "train_metrics": {"mse": 1111.7952746375963, "mae": 29.291279974937897, "r2_score": -1.969317921179936e-06, "kendalltau": 0.1655693193145335, "pearsonr": 0.24526956196230387, "spearmanr": 0.23984377037304563}, "test_metrics": {"mse": 1142.4295983809895, "mae": 30.110064740691865, "r2": -1.632708617638201e-06, "kendalltau": 0.19786885482461805, "pearsonr": 0.27480998939829837, "spearmanr": 0.2826315154910536}, "total_time": 14.58, "epochs": 70}