{"arquitecture": "D", "trainable_params": 18625, "non_trainable_params": 0, "train_metrics": {"mse": 1318.6114114896952, "mae": 28.868497442206223, "r2_score": -0.1860223175391691, "kendalltau": 0.24445267476879812, "pearsonr": 0.3838233149835953, "spearmanr": 0.361179895602444}, "test_metrics": {"mse": 1372.6711775861481, "mae": 29.221377523882047, "r2": -0.2015387387577432, "kendalltau": 0.21759702376548806, "pearsonr": 0.3474298698305581, "spearmanr": 0.32372616405772886}, "total_time": 19.9813, "epochs": 70}