{"arquitecture": "A", "trainable_params": 91921, "non_trainable_params": 0, "train_metrics": {"mse": 1057.7286677033965, "mae": 28.562062014684315, "r2_score": 0.04862812890421908, "kendalltau": 0.27334862984566716, "pearsonr": 0.34226769551811514, "spearmanr": 0.3331587651313565}, "test_metrics": {"mse": 1084.384068032717, "mae": 29.321065161909377, "r2": 0.05080729696369668, "kendalltau": 0.29658440112257417, "pearsonr": 0.35995228816127406, "spearmanr": 0.36121621202251564}, "total_time": 16.4584, "epochs": 70}