{"arquitecture": "D", "trainable_params": 18625, "non_trainable_params": 0, "train_metrics": {"mse": 893.0397913147849, "mae": 24.77020747082949, "r2_score": 0.19675719948967363, "kendalltau": 0.3455733770736941, "pearsonr": 0.4987185640099618, "spearmanr": 0.4984706067307046}, "test_metrics": {"mse": 1068.9464372001228, "mae": 26.958756297826767, "r2": 0.06432030123076471, "kendalltau": 0.22223458806587112, "pearsonr": 0.34150017441596214, "spearmanr": 0.3273445006258963}, "total_time": 19.3499, "epochs": 70}