{"arquitecture": "C", "trainable_params": 18945, "non_trainable_params": 0, "train_metrics": {"mse": 740.610669511277, "mae": 23.273312553599325, "r2_score": 0.33385925907037783, "kendalltau": 0.43144719309085783, "pearsonr": 0.6107321954449277, "spearmanr": 0.6073002905255022}, "test_metrics": {"mse": 1027.5039650556214, "mae": 27.519747805382526, "r2": 0.10059609438835937, "kendalltau": 0.22287632669338361, "pearsonr": 0.3263512734846523, "spearmanr": 0.32661791033416565}, "total_time": 21.5069, "epochs": 70}