{"arquitecture": "C", "trainable_params": 18945, "non_trainable_params": 0, "train_metrics": {"mse": 752.3767219717614, "mae": 22.764492104759967, "r2_score": 0.3232763074245205, "kendalltau": 0.45109818303285665, "pearsonr": 0.6374929494591952, "spearmanr": 0.6319778850067234}, "test_metrics": {"mse": 1063.948259430211, "mae": 27.097409275759542, "r2": 0.0686953506321134, "kendalltau": 0.2270877364364342, "pearsonr": 0.34087764222835043, "spearmanr": 0.333096419342874}, "total_time": 20.7087, "epochs": 70}