{"arquitecture": "B", "trainable_params": 91921, "non_trainable_params": 0, "train_metrics": {"mse": 1017.8459272956934, "mae": 27.97403104023365, "r2_score": 0.08450057759986485, "kendalltau": 0.26216325936514956, "pearsonr": 0.351823845587825, "spearmanr": 0.34387421811510377}, "test_metrics": {"mse": 1050.6556498692785, "mae": 28.794019056218012, "r2": 0.08033075580957783, "kendalltau": 0.2634731052891051, "pearsonr": 0.3443719354745206, "spearmanr": 0.3444534154497637}, "total_time": 14.5014, "epochs": 70}