{"arquitecture": "C", "trainable_params": 18945, "non_trainable_params": 0, "train_metrics": {"mse": 662.73057138548, "mae": 21.58612902852666, "r2_score": 0.4039083528856543, "kendalltau": 0.4909343348736008, "pearsonr": 0.6813017286331963, "spearmanr": 0.6801609409653576}, "test_metrics": {"mse": 977.8678996026161, "mae": 26.411967938632838, "r2": 0.14404397648505907, "kendalltau": 0.26331087380969664, "pearsonr": 0.38949702246782325, "spearmanr": 0.38589070918378127}, "total_time": 24.4172, "epochs": 70}