{"arquitecture": "B", "trainable_params": 526097, "non_trainable_params": 0, "train_metrics": {"mse": 1111.8019850183919, "mae": 29.30474618680743, "r2_score": -8.004956103313532e-06, "kendalltau": 0.012140586309850203, "pearsonr": 0.02021430917362195, "spearmanr": 0.01479328005158303}, "test_metrics": {"mse": null, "mae": null, "r2_score": null, "kendalltau": null, "pearsonr": null, "spearmanr": null}, "total_time": 25.0808, "epochs": 70}