{"arquitecture": "C", "trainable_params": 18625, "non_trainable_params": 0, "train_metrics": {"mse": 1081.9066504980956, "mae": 28.433729442926957, "r2_score": 0.026881292089577014, "kendalltau": 0.2503987511701383, "pearsonr": 0.37067097487684875, "spearmanr": 0.3661561939313091}, "test_metrics": {"mse": 1115.639795386918, "mae": 29.302337625197, "r2": 0.023448255820162855, "kendalltau": 0.2255285121149, "pearsonr": 0.3455899186112516, "spearmanr": 0.330143685929255}, "total_time": 17.9329, "epochs": 70}