{"arquitecture": "B", "trainable_params": 91921, "non_trainable_params": 0, "train_metrics": {"mse": 1008.6160316068793, "mae": 27.766750297345517, "r2_score": 0.09280238826228349, "kendalltau": 0.23060516198467534, "pearsonr": 0.32795322717720554, "spearmanr": 0.29864687080908653}, "test_metrics": {"mse": 1046.048091929433, "mae": 28.628489077091217, "r2": 0.08436388438850706, "kendalltau": 0.23688772033899327, "pearsonr": 0.310015993836866, "spearmanr": 0.3059978023353611}, "total_time": 17.1985, "epochs": 70}