{"arquitecture": "C", "trainable_params": 18625, "non_trainable_params": 0, "train_metrics": {"mse": 1089.7693610225035, "mae": 26.7928771342656, "r2_score": 0.01980919330668951, "kendalltau": 0.3545242071846176, "pearsonr": 0.5106330739790015, "spearmanr": 0.5109664088880576}, "test_metrics": {"mse": 1241.8586654612377, "mae": 28.800176756722585, "r2": -0.08703476766927576, "kendalltau": 0.19174197609297391, "pearsonr": 0.29079615455454255, "spearmanr": 0.28569522429528255}, "total_time": 21.8396, "epochs": 70}