{"arquitecture": "D", "trainable_params": 19649, "non_trainable_params": 0, "train_metrics": {"mse": 797.9112073459521, "mae": 23.71268189883563, "r2_score": 0.2823204083621582, "kendalltau": 0.39423905784167795, "pearsonr": 0.552929181712919, "spearmanr": 0.5615467856365397}, "test_metrics": {"mse": 832.8502734898357, "mae": 24.222879488021135, "r2": 0.2709820942385053, "kendalltau": 0.37618668208950723, "pearsonr": 0.5423903072231118, "spearmanr": 0.5391112023156198}, "total_time": 19.1677, "epochs": 70}