{"arquitecture": "A", "trainable_params": 91921, "non_trainable_params": 0, "train_metrics": {"mse": 998.5373285519166, "mae": 27.655573947627104, "r2_score": 0.10186765696152178, "kendalltau": 0.2712002159736606, "pearsonr": 0.35402564100162176, "spearmanr": 0.3412962471810064}, "test_metrics": {"mse": 1022.9191618990737, "mae": 28.27374529838562, "r2": 0.10460930504807342, "kendalltau": 0.2944078007778473, "pearsonr": 0.36485737651280964, "spearmanr": 0.36806593245136426}, "total_time": 15.3296, "epochs": 70}