{"arquitecture": "A", "trainable_params": 132881, "non_trainable_params": 0, "train_metrics": {"mse": 1111.802168706131, "mae": 29.304824363449193, "r2_score": -8.170173662058744e-06, "kendalltau": -0.08370069453650948, "pearsonr": -0.1193597294598601, "spearmanr": -0.10816161503583234}, "test_metrics": {"mse": 1142.4656255599787, "mae": 30.120163853679383, "r2": -3.316833922650808e-05, "kendalltau": -0.054075214145577775, "pearsonr": -0.09068374182013168, "spearmanr": -0.06978570888371699}, "total_time": 15.3917, "epochs": 70}