{"arquitecture": "C", "trainable_params": 25793, "non_trainable_params": 0, "train_metrics": {"mse": 696.3026490231916, "mae": 21.762501070064584, "r2_score": 0.3737120168176231, "kendalltau": 0.43331432743511006, "pearsonr": 0.6167069949093512, "spearmanr": 0.6146039505434896}, "test_metrics": {"mse": 874.6262485502842, "mae": 24.341063018089958, "r2": 0.23441437634355, "kendalltau": 0.3363286970213499, "pearsonr": 0.487097786506048, "spearmanr": 0.48691475492411385}, "total_time": 35.4948, "epochs": 70}