{"arquitecture": "D", "trainable_params": 18945, "non_trainable_params": 0, "train_metrics": {"mse": 806.6419747840912, "mae": 23.115903694530374, "r2_score": 0.27446753757653464, "kendalltau": 0.4603942265325961, "pearsonr": 0.6481465549685752, "spearmanr": 0.6420580101987773}, "test_metrics": {"mse": 1118.5460631767444, "mae": 27.406780576200358, "r2": 0.020904315660494666, "kendalltau": 0.22248526721724318, "pearsonr": 0.3428510002310746, "spearmanr": 0.3247861940769177}, "total_time": 20.3065, "epochs": 70}