{"arquitecture": "D", "trainable_params": 19649, "non_trainable_params": 0, "train_metrics": {"mse": 649.5608135209202, "mae": 20.92245949256243, "r2_score": 0.4157538644653763, "kendalltau": 0.4732641826616592, "pearsonr": 0.6574489232060016, "spearmanr": 0.6594040023993177}, "test_metrics": {"mse": 764.8677805352397, "mae": 22.831231334911926, "r2": 0.3304891343629389, "kendalltau": 0.41479628498383164, "pearsonr": 0.586418203285469, "spearmanr": 0.5920855089012119}, "total_time": 21.8465, "epochs": 70}