{"arquitecture": "A", "trainable_params": 132881, "non_trainable_params": 0, "train_metrics": {"mse": 1111.8043360282672, "mae": 29.286505878570836, "r2_score": -1.011956709229267e-05, "kendalltau": 0.049745541051730284, "pearsonr": 0.0745148660283202, "spearmanr": 0.07256014535202873}, "test_metrics": {"mse": 1142.427742032616, "mae": 30.106461780411856, "r2": -7.793255596411086e-09, "kendalltau": 0.008886483964367213, "pearsonr": 0.02290522062596723, "spearmanr": 0.012953225868266834}, "total_time": 16.0559, "epochs": 70}