{"arquitecture": "D", "trainable_params": 18945, "non_trainable_params": 0, "train_metrics": {"mse": 640.0031506977331, "mae": 20.796652354267923, "r2_score": 0.42435048460156033, "kendalltau": 0.5054505928161549, "pearsonr": 0.6993214056505151, "spearmanr": 0.696366448348584}, "test_metrics": {"mse": 1014.8988209981392, "mae": 26.41375552410526, "r2": 0.11162974114950175, "kendalltau": 0.2600771127569971, "pearsonr": 0.3749451327364634, "spearmanr": 0.3819150752472938}, "total_time": 23.4857, "epochs": 70}