{"arquitecture": "C", "trainable_params": 18625, "non_trainable_params": 0, "train_metrics": {"mse": 1082.4440688682553, "mae": 26.48792231373949, "r2_score": 0.026397912243694477, "kendalltau": 0.3199164017226211, "pearsonr": 0.47110742007963397, "spearmanr": 0.46577855166087895}, "test_metrics": {"mse": 1225.157718057483, "mae": 28.097838390086377, "r2": -0.07241594590975242, "kendalltau": 0.21451367020361173, "pearsonr": 0.33443988637138244, "spearmanr": 0.3180391614810264}, "total_time": 24.444, "epochs": 70}