{"arquitecture": "C", "trainable_params": 18625, "non_trainable_params": 0, "train_metrics": {"mse": 891.879361556173, "mae": 24.89826342225246, "r2_score": 0.1978009456454084, "kendalltau": 0.35698538590172346, "pearsonr": 0.512922304172016, "spearmanr": 0.512866817618952}, "test_metrics": {"mse": 1092.3903198134249, "mae": 27.736040692244256, "r2": 0.04379919347624306, "kendalltau": 0.20527865026706507, "pearsonr": 0.30058544994923386, "spearmanr": 0.30185037575389656}, "total_time": 19.7187, "epochs": 70}