{"arquitecture": "B", "trainable_params": 91921, "non_trainable_params": 0, "train_metrics": {"mse": 1047.0237353747334, "mae": 28.40851143617388, "r2_score": 0.05825665823356674, "kendalltau": 0.27874123154881403, "pearsonr": 0.3520779848391302, "spearmanr": 0.34074120544983905}, "test_metrics": {"mse": 1079.899316136254, "mae": 29.30782863497734, "r2": 0.05473292986493794, "kendalltau": 0.28004935184363383, "pearsonr": 0.3371751272521328, "spearmanr": 0.34132011023184405}, "total_time": 15.4965, "epochs": 70}