{"arquitecture": "C", "trainable_params": 18625, "non_trainable_params": 0, "train_metrics": {"mse": 1007.710714184476, "mae": 26.461046264524263, "r2_score": 0.09361667415278274, "kendalltau": 0.2880151492596458, "pearsonr": 0.43189520521068053, "spearmanr": 0.42116190316745933}, "test_metrics": {"mse": 1100.414053245207, "mae": 27.53409776730197, "r2": 0.03677578779455215, "kendalltau": 0.21703048888338722, "pearsonr": 0.3388671963337404, "spearmanr": 0.321340616859187}, "total_time": 20.2543, "epochs": 70}