{"arquitecture": "D", "trainable_params": 18625, "non_trainable_params": 0, "train_metrics": {"mse": 667.6364063148025, "mae": 21.21021568632514, "r2_score": 0.39949580976518606, "kendalltau": 0.46460403387936017, "pearsonr": 0.646197999081853, "spearmanr": 0.6477120755828889}, "test_metrics": {"mse": 739.7058865459983, "mae": 22.203709640673228, "r2": 0.3525140671088527, "kendalltau": 0.43486565784267867, "pearsonr": 0.6067348422553268, "spearmanr": 0.6190740563764007}, "total_time": 18.7081, "epochs": 70}