{"arquitecture": "C", "trainable_params": 19649, "non_trainable_params": 0, "train_metrics": {"mse": 646.4061958775914, "mae": 21.03577048781958, "r2_score": 0.4185912788057118, "kendalltau": 0.4702579673452966, "pearsonr": 0.6527162540638918, "spearmanr": 0.6552687377429212}, "test_metrics": {"mse": 748.0325730286352, "mae": 22.65174333697983, "r2": 0.34522547786931435, "kendalltau": 0.419027749058992, "pearsonr": 0.5882162883433036, "spearmanr": 0.5964992809044782}, "total_time": 20.9793, "epochs": 70}