{"arquitecture": "D", "trainable_params": 19649, "non_trainable_params": 0, "train_metrics": {"mse": 766.2827718612233, "mae": 22.584486940692862, "r2_score": 0.3107685394998655, "kendalltau": 0.43647961649916817, "pearsonr": 0.6165039460194383, "spearmanr": 0.6177448652497599}, "test_metrics": {"mse": 885.6118029972812, "mae": 24.143463684245944, "r2": 0.22479840315905386, "kendalltau": 0.38324079340911693, "pearsonr": 0.5347577875569685, "spearmanr": 0.548367332990754}, "total_time": 18.8454, "epochs": 70}