{"arquitecture": "A", "trainable_params": 165649, "non_trainable_params": 0, "train_metrics": {"mse": 1111.8215051784778, "mae": 29.281212798940786, "r2_score": -2.5562323878514093e-05, "kendalltau": 0.012140586309850203, "pearsonr": 0.02021430917362195, "spearmanr": 0.01479328005158303}, "test_metrics": {"mse": 1142.4325089459724, "mae": 30.102462240627833, "r2": -4.180410234644327e-06, "kendalltau": 0.04669160596533081, "pearsonr": 0.04635811138582121, "spearmanr": 0.05686666249542339}, "total_time": 18.6479, "epochs": 70}