{"arquitecture": "A", "trainable_params": 91921, "non_trainable_params": 0, "train_metrics": {"mse": 1048.8528339469233, "mae": 28.40788224669037, "r2_score": 0.05661147929101118, "kendalltau": 0.27858997747706127, "pearsonr": 0.3494679415320317, "spearmanr": 0.3404079071116528}, "test_metrics": {"mse": 1081.2324875392296, "mae": 29.30628310782569, "r2": 0.05356596642006084, "kendalltau": 0.2788306446680771, "pearsonr": 0.3368972311091137, "spearmanr": 0.3398459027830519}, "total_time": 16.8946, "epochs": 70}