{"arquitecture": "A", "trainable_params": 91921, "non_trainable_params": 0, "train_metrics": {"mse": 1025.4344787389605, "mae": 28.160726458675956, "r2_score": 0.07767507063770318, "kendalltau": 0.2698784075431254, "pearsonr": 0.36154037426470614, "spearmanr": 0.3534280227953914}, "test_metrics": {"mse": 1056.786764791768, "mae": 28.956870159932546, "r2": 0.07496401378757256, "kendalltau": 0.27770264775003695, "pearsonr": 0.35736125023854054, "spearmanr": 0.36435528842699516}, "total_time": 16.1911, "epochs": 70}