{"arquitecture": "C", "trainable_params": 19649, "non_trainable_params": 0, "train_metrics": {"mse": 844.413578195763, "mae": 23.813541980723322, "r2_score": 0.24049394670272972, "kendalltau": 0.3816971865233521, "pearsonr": 0.5472728159244157, "spearmanr": 0.546164591744704}, "test_metrics": {"mse": 918.047361503434, "mae": 25.007659437400953, "r2": 0.19640662172242507, "kendalltau": 0.3555407471825045, "pearsonr": 0.5077398949777941, "spearmanr": 0.5156932928105397}, "total_time": 19.198, "epochs": 70}