{"arquitecture": "B", "trainable_params": 67345, "non_trainable_params": 0, "train_metrics": {"mse": 1111.7982234889973, "mae": 29.289571876215444, "r2_score": -4.6216562388234905e-06, "kendalltau": -0.06180510352379101, "pearsonr": -0.1041338188793605, "spearmanr": -0.08626284801747405}, "test_metrics": {"mse": 1142.4286639561794, "mae": 30.10877811908722, "r2": -8.147795855784068e-07, "kendalltau": -0.08750653482050012, "pearsonr": -0.1418674719143496, "spearmanr": -0.12367420180717835}, "total_time": 13.393, "epochs": 70}