{"arquitecture": "D", "trainable_params": 18625, "non_trainable_params": 0, "train_metrics": {"mse": 783.8729927131117, "mae": 23.18865131110652, "r2_score": 0.2949470515929671, "kendalltau": 0.409182216718321, "pearsonr": 0.5847201916489144, "spearmanr": 0.579184159972008}, "test_metrics": {"mse": 1077.2007632719872, "mae": 27.13150916142123, "r2": 0.057095051149296694, "kendalltau": 0.2075197218803313, "pearsonr": 0.328495558167278, "spearmanr": 0.30990768500121973}, "total_time": 19.2312, "epochs": 70}