{"arquitecture": "C", "trainable_params": 18945, "non_trainable_params": 0, "train_metrics": {"mse": 676.2628076949311, "mae": 21.45119710148893, "r2_score": 0.3917368108154312, "kendalltau": 0.472631621853762, "pearsonr": 0.6592313260964905, "spearmanr": 0.6579788066909928}, "test_metrics": {"mse": 1011.7999783738487, "mae": 26.47791059953826, "r2": 0.11434224762533984, "kendalltau": 0.24953856123331572, "pearsonr": 0.37278224620514333, "spearmanr": 0.3684467779760084}, "total_time": 22.6705, "epochs": 70}