{"arquitecture": "B", "trainable_params": 67345, "non_trainable_params": 0, "train_metrics": {"mse": 1111.816598474193, "mae": 29.282387617959422, "r2_score": -2.1148998817999143e-05, "kendalltau": 0.07366620157476947, "pearsonr": 0.09757540003025585, "spearmanr": 0.10851703960035754}, "test_metrics": {"mse": 1142.430583279636, "mae": 30.103351878268377, "r2": -2.494818857279313e-06, "kendalltau": 0.04237514063815779, "pearsonr": 0.046103624916475884, "spearmanr": 0.06271118219845997}, "total_time": 13.275, "epochs": 70}