{"arquitecture": "D", "trainable_params": 18945, "non_trainable_params": 0, "train_metrics": {"mse": 633.4816791040486, "mae": 20.830975229857696, "r2_score": 0.4302162087913499, "kendalltau": 0.5188403237577345, "pearsonr": 0.7173420531852268, "spearmanr": 0.7147696022130534}, "test_metrics": {"mse": 1037.032541158617, "mae": 26.718988507719978, "r2": 0.09225545644105171, "kendalltau": 0.2310584941941676, "pearsonr": 0.3506835455754739, "spearmanr": 0.34185713692949593}, "total_time": 20.3011, "epochs": 70}