{"arquitecture": "A", "trainable_params": 67345, "non_trainable_params": 0, "train_metrics": {"mse": 1112.0779021437204, "mae": 29.299624432554193, "r2_score": -0.00025617804605193584, "kendalltau": -0.04961934953041591, "pearsonr": -0.06361473710417558, "spearmanr": -0.060441175951360025}, "test_metrics": {"mse": 1142.4471110870847, "mae": 30.114163053887232, "r2": -1.6962086211824712e-05, "kendalltau": -0.0016887874807441803, "pearsonr": -0.0008956881150949198, "spearmanr": -0.002041870629177799}, "total_time": 18.1374, "epochs": 70}