{"arquitecture": "D", "trainable_params": 18625, "non_trainable_params": 0, "train_metrics": {"mse": 1026.8971231208109, "mae": 25.913904222305337, "r2_score": 0.07635949816170107, "kendalltau": 0.3821736467681588, "pearsonr": 0.548732206865723, "spearmanr": 0.5452452049451502}, "test_metrics": {"mse": 1232.963826398003, "mae": 28.345771073230676, "r2": -0.07924885806178583, "kendalltau": 0.20849235698765486, "pearsonr": 0.3060631382061922, "spearmanr": 0.3044847764986591}, "total_time": 19.5461, "epochs": 70}