{"arquitecture": "D", "trainable_params": 18625, "non_trainable_params": 0, "train_metrics": {"mse": 1254.6602173228064, "mae": 28.041636673784417, "r2_score": -0.1285015476942286, "kendalltau": 0.35782164384983695, "pearsonr": 0.5134564068192965, "spearmanr": 0.515729670172075}, "test_metrics": {"mse": 1377.132058263602, "mae": 29.309364211346423, "r2": -0.20544347649133643, "kendalltau": 0.2214775370287275, "pearsonr": 0.33824054900135186, "spearmanr": 0.3277318619584353}, "total_time": 21.7398, "epochs": 70}