{"arquitecture": "C", "trainable_params": 19649, "non_trainable_params": 0, "train_metrics": {"mse": 756.7282400300991, "mae": 23.23567364374492, "r2_score": 0.3193623434716889, "kendalltau": 0.3989428355776421, "pearsonr": 0.5769262604212212, "spearmanr": 0.5666978922667955}, "test_metrics": {"mse": 825.7369345254928, "mae": 24.128702591572488, "r2": 0.2772086053411882, "kendalltau": 0.37748520009361447, "pearsonr": 0.5315033193264304, "spearmanr": 0.5414743934031443}, "total_time": 19.012, "epochs": 70}