{"arquitecture": "C", "trainable_params": 19649, "non_trainable_params": 0, "train_metrics": {"mse": 801.969256092959, "mae": 24.031962802844962, "r2_score": 0.27867040477681493, "kendalltau": 0.38439559193301176, "pearsonr": 0.5463315322480428, "spearmanr": 0.5493603823978137}, "test_metrics": {"mse": 840.7403948719856, "mae": 24.6162769560303, "r2": 0.2640756430439628, "kendalltau": 0.3573356099063284, "pearsonr": 0.5277783759259818, "spearmanr": 0.5168754138897474}, "total_time": 19.4761, "epochs": 70}