{"arquitecture": "D", "trainable_params": 17793, "non_trainable_params": 0, "train_metrics": {"mse": 908.5556592837254, "mae": 24.95656090914889, "r2_score": 0.1828014840098836, "kendalltau": 0.34221181091649844, "pearsonr": 0.49772764783207835, "spearmanr": 0.4941382114585478}, "test_metrics": {"mse": 975.4749597545414, "mae": 25.94003230546202, "r2": 0.1461385858670634, "kendalltau": 0.30116843924990494, "pearsonr": 0.4484837225847268, "spearmanr": 0.4406822088962925}, "total_time": 18.4861, "epochs": 70}