{"arquitecture": "D", "trainable_params": 18625, "non_trainable_params": 0, "train_metrics": {"mse": 1232.3217503394, "mae": 27.96743097346385, "r2_score": -0.10840925958639236, "kendalltau": 0.2941556804224061, "pearsonr": 0.4237086601028704, "spearmanr": 0.4299401158539524}, "test_metrics": {"mse": 1315.3012705626145, "mae": 28.577910835189478, "r2": -0.15132120170059915, "kendalltau": 0.22266575620623108, "pearsonr": 0.3570199673808183, "spearmanr": 0.3309999333230543}, "total_time": 30.7483, "epochs": 70}