{"arquitecture": "A", "trainable_params": 132881, "non_trainable_params": 0, "train_metrics": {"mse": 907.3700716204476, "mae": 26.292720014938276, "r2_score": 0.18386785839114128, "kendalltau": 0.42886048522699755, "pearsonr": 0.6181051300029649, "spearmanr": 0.6080313037261259}, "test_metrics": {"mse": 975.6417937008312, "mae": 27.600764172417776, "r2": 0.1459925512939768, "kendalltau": 0.37595513768219013, "pearsonr": 0.5182154589429158, "spearmanr": 0.542685672499514}, "total_time": 14.3349, "epochs": 70}