{"arquitecture": "D", "trainable_params": 18945, "non_trainable_params": 0, "train_metrics": {"mse": 803.2317540538893, "mae": 23.557958401407905, "r2_score": 0.27753485358677976, "kendalltau": 0.41338317518281864, "pearsonr": 0.5957973486958071, "spearmanr": 0.5883744507434346}, "test_metrics": {"mse": 1083.9335466789078, "mae": 27.34979387851698, "r2": 0.05120165132042709, "kendalltau": 0.21580717462469154, "pearsonr": 0.3142891855335772, "spearmanr": 0.3191591108828414}, "total_time": 20.3777, "epochs": 70}