{"arquitecture": "B", "trainable_params": 91921, "non_trainable_params": 0, "train_metrics": {"mse": 1023.1922312422224, "mae": 27.997180851068492, "r2_score": 0.07969185552929847, "kendalltau": 0.24878931757048073, "pearsonr": 0.31970429925751703, "spearmanr": 0.3107717256251381}, "test_metrics": {"mse": 1053.4368013994185, "mae": 28.809729499476298, "r2": 0.07789633352667169, "kendalltau": 0.25846092846960045, "pearsonr": 0.31692622345403487, "spearmanr": 0.3218541011346363}, "total_time": 14.9483, "epochs": 70}