{"arquitecture": "A", "trainable_params": 67345, "non_trainable_params": 0, "train_metrics": {"mse": 1111.7968354664392, "mae": 29.301434958363448, "r2_score": -3.3732022084453916e-06, "kendalltau": 0.010274686504021545, "pearsonr": 0.009659265937052908, "spearmanr": 0.012497691060208834}, "test_metrics": {"mse": 1142.4535631594747, "mae": 30.117668368986674, "r2": -2.2609771577863924e-05, "kendalltau": -0.01925217728048366, "pearsonr": -0.02514282362688989, "spearmanr": -0.023422321663527337}, "total_time": 14.3955, "epochs": 70}