{"arquitecture": "A", "trainable_params": 67345, "non_trainable_params": 0, "train_metrics": {"mse": 1111.893720612302, "mae": 29.30569434999107, "r2_score": -9.051634705792289e-05, "kendalltau": 0.002179945076175539, "pearsonr": -0.04070837924557211, "spearmanr": 0.0026476087652836083}, "test_metrics": {"mse": 1142.7561080726507, "mae": 30.123664268425532, "r2": -0.0002874360747238125, "kendalltau": -0.04741188809205321, "pearsonr": -0.05894680588029219, "spearmanr": -0.05774390883885011}, "total_time": 16.9644, "epochs": 70}