{"arquitecture": "B", "trainable_params": 91921, "non_trainable_params": 0, "train_metrics": {"mse": 1009.9559618999059, "mae": 27.820848619270233, "r2_score": 0.09159719072066586, "kendalltau": 0.25562166142568465, "pearsonr": 0.35258219127983076, "spearmanr": 0.33279436995127304}, "test_metrics": {"mse": 1030.3491755532616, "mae": 28.45258065206664, "r2": 0.09810559944051145, "kendalltau": 0.28865387890858857, "pearsonr": 0.37591609325362824, "spearmanr": 0.37286731619804064}, "total_time": 13.4608, "epochs": 70}