{"arquitecture": "C", "trainable_params": 20161, "non_trainable_params": 0, "train_metrics": {"mse": 767.4919036089614, "mae": 23.24408232577969, "r2_score": 0.3096809884403442, "kendalltau": 0.3901588228534916, "pearsonr": 0.5683991446646544, "spearmanr": 0.5574470153802784}, "test_metrics": {"mse": 819.2528617488232, "mae": 23.744213656123197, "r2": 0.28288430157004996, "kendalltau": 0.39259112575529476, "pearsonr": 0.5384451170955004, "spearmanr": 0.555314469463916}, "total_time": 19.7777, "epochs": 70}