{"arquitecture": "D", "trainable_params": 18945, "non_trainable_params": 0, "train_metrics": {"mse": 752.1321471694216, "mae": 22.292602795699157, "r2_score": 0.3234962897266265, "kendalltau": 0.48174462206729046, "pearsonr": 0.668257314333878, "spearmanr": 0.665955985141625}, "test_metrics": {"mse": 1049.2185855451885, "mae": 26.754479882972582, "r2": 0.08158865972981388, "kendalltau": 0.26961796125821763, "pearsonr": 0.3937251131023987, "spearmanr": 0.39635255164034605}, "total_time": 19.9479, "epochs": 70}