{"arquitecture": "C", "trainable_params": 18625, "non_trainable_params": 0, "train_metrics": {"mse": 909.8539877435406, "mae": 25.565947312153714, "r2_score": 0.18163370515144228, "kendalltau": 0.29632838864393163, "pearsonr": 0.4343331695793944, "spearmanr": 0.43258071050287944}, "test_metrics": {"mse": 1011.7222012133292, "mae": 27.105301167283738, "r2": 0.11441032822095576, "kendalltau": 0.227188008096983, "pearsonr": 0.3482784782070628, "spearmanr": 0.33692181687659145}, "total_time": 29.8489, "epochs": 70}