{"arquitecture": "B", "trainable_params": 132881, "non_trainable_params": 0, "train_metrics": {"mse": 1111.7946971855022, "mae": 29.291883451280096, "r2_score": -1.4499298248704662e-06, "kendalltau": 0.16220446134783217, "pearsonr": 0.23594028993095378, "spearmanr": 0.23268587178804362}, "test_metrics": {"mse": 1142.4304199840678, "mae": 30.11052116751671, "r2": -2.35188152863941e-06, "kendalltau": 0.19925296319357108, "pearsonr": 0.27761838418926243, "spearmanr": 0.28453210917481253}, "total_time": 14.525, "epochs": 70}