{"arquitecture": "D", "trainable_params": 19649, "non_trainable_params": 0, "train_metrics": {"mse": 694.3252101366892, "mae": 21.734864443840166, "r2_score": 0.3754906201502851, "kendalltau": 0.44867809676039555, "pearsonr": 0.6299061458687447, "spearmanr": 0.6288259593355385}, "test_metrics": {"mse": 760.3089641369409, "mae": 22.694777224212885, "r2": 0.3344795980623898, "kendalltau": 0.41914807505165064, "pearsonr": 0.5926309003800984, "spearmanr": 0.5970902413420925}, "total_time": 18.765, "epochs": 70}