{"arquitecture": "A", "trainable_params": 91921, "non_trainable_params": 0, "train_metrics": {"mse": 1054.01088739156, "mae": 28.511065198680097, "r2_score": 0.05197207874654952, "kendalltau": 0.2531054610856014, "pearsonr": 0.3164966420078745, "spearmanr": 0.308487094808927}, "test_metrics": {"mse": 1087.9123333219952, "mae": 29.39930038366999, "r2": 0.047718904423003305, "kendalltau": 0.24720864562452902, "pearsonr": 0.2976502014121298, "spearmanr": 0.301155718153719}, "total_time": 16.9858, "epochs": 70}