{"arquitecture": "B", "trainable_params": 91921, "non_trainable_params": 0, "train_metrics": {"mse": 999.3400926918988, "mae": 27.623246647171452, "r2_score": 0.10114561240962205, "kendalltau": 0.2769607622498594, "pearsonr": 0.35671694589571923, "spearmanr": 0.3475143554844469}, "test_metrics": {"mse": 1030.058866460696, "mae": 28.424645960330963, "r2": 0.09835971537637933, "kendalltau": 0.28143256319122284, "pearsonr": 0.35195654565277235, "spearmanr": 0.3505043933190012}, "total_time": 14.3845, "epochs": 70}