{"arquitecture": "C", "trainable_params": 18945, "non_trainable_params": 0, "train_metrics": {"mse": 728.6587097896575, "mae": 21.96272869270461, "r2_score": 0.34460942461926813, "kendalltau": 0.4979332113521543, "pearsonr": 0.6848424642805188, "spearmanr": 0.6854339347310763}, "test_metrics": {"mse": 1058.0140553017468, "mae": 26.76956784089894, "r2": 0.07388973094727702, "kendalltau": 0.26361670237437057, "pearsonr": 0.38344028515671774, "spearmanr": 0.38667834500552134}, "total_time": 22.4454, "epochs": 70}