{"arquitecture": "C", "trainable_params": 18625, "non_trainable_params": 0, "train_metrics": {"mse": 1226.9529779194343, "mae": 27.93737458657739, "r2_score": -0.10358032829368136, "kendalltau": 0.32844883742337777, "pearsonr": 0.46880616484300897, "spearmanr": 0.4767650800095533}, "test_metrics": {"mse": 1343.2026449088883, "mae": 29.238945154207094, "r2": -0.1757440807477011, "kendalltau": 0.19976872251990724, "pearsonr": 0.31862386595797226, "spearmanr": 0.29800006116659367}, "total_time": 23.2945, "epochs": 70}