{"arquitecture": "D", "trainable_params": 19649, "non_trainable_params": 0, "train_metrics": {"mse": 741.0814765936752, "mae": 22.615335522227564, "r2_score": 0.33343579261004375, "kendalltau": 0.41138425396234335, "pearsonr": 0.5923090139672772, "spearmanr": 0.5852280638958757}, "test_metrics": {"mse": 818.5801643134859, "mae": 23.62607267605407, "r2": 0.28347313306969724, "kendalltau": 0.38138075410593625, "pearsonr": 0.5430321789933122, "spearmanr": 0.5459366898458837}, "total_time": 18.7383, "epochs": 70}