{"arquitecture": "D", "trainable_params": 18625, "non_trainable_params": 0, "train_metrics": {"mse": 947.7548180884272, "mae": 26.853801195903394, "r2_score": 0.14754388137878294, "kendalltau": 0.2955260796178173, "pearsonr": 0.42946208197540553, "spearmanr": 0.4296059809707793}, "test_metrics": {"mse": 973.1994081958516, "mae": 27.312183695180074, "r2": 0.14813044188797475, "kendalltau": 0.2890756769877168, "pearsonr": 0.42730934387115516, "spearmanr": 0.4220071900527178}, "total_time": 17.9883, "epochs": 70}