{"arquitecture": "C", "trainable_params": 20161, "non_trainable_params": 0, "train_metrics": {"mse": 667.4279025766034, "mae": 21.448884758326127, "r2_score": 0.39968334802296224, "kendalltau": 0.45662032962257, "pearsonr": 0.6456631533295443, "spearmanr": 0.643570393394662}, "test_metrics": {"mse": 820.4407805511979, "mae": 23.70563299834196, "r2": 0.28184448192288447, "kendalltau": 0.36502143268739573, "pearsonr": 0.5320251284124817, "spearmanr": 0.5279190741355404}, "total_time": 31.167, "epochs": 70}