{"arquitecture": "B", "trainable_params": 165649, "non_trainable_params": 0, "train_metrics": {"mse": 1111.7969998498972, "mae": 29.290229287884806, "r2_score": -3.5210565711985e-06, "kendalltau": 0.04300957039265672, "pearsonr": 0.0717252098572819, "spearmanr": 0.06130614271707807}, "test_metrics": {"mse": 1142.4288877855956, "mae": 30.10927242892129, "r2": -1.0107039400963913e-06, "kendalltau": 0.07211792365281268, "pearsonr": 0.10701964290577488, "spearmanr": 0.10612032707717105}, "total_time": 14.4646, "epochs": 70}