{"arquitecture": "A", "trainable_params": 91921, "non_trainable_params": 0, "train_metrics": {"mse": 1111.6344370310387, "mae": 29.292536651991153, "r2_score": 0.0001426957359488279, "kendalltau": -0.006582306066904686, "pearsonr": 0.013766902439566547, "spearmanr": -0.00802317955090722}, "test_metrics": {"mse": 1142.4426601359114, "mae": 30.114844739437103, "r2": -1.3066040060127904e-05, "kendalltau": -0.013742188573887138, "pearsonr": -0.016934656388958566, "spearmanr": -0.0167368927117212}, "total_time": 19.3452, "epochs": 70}