{"arquitecture": "C", "trainable_params": 18625, "non_trainable_params": 0, "train_metrics": {"mse": 687.7812786714491, "mae": 21.662341903533132, "r2_score": 0.3813765458252749, "kendalltau": 0.44540738610503966, "pearsonr": 0.6228918117464427, "spearmanr": 0.6242868680331253}, "test_metrics": {"mse": 753.3507755702657, "mae": 22.69339584772076, "r2": 0.3405703015396374, "kendalltau": 0.4196093246901752, "pearsonr": 0.5871261973503961, "spearmanr": 0.6006841446829577}, "total_time": 18.5562, "epochs": 70}