{"arquitecture": "C", "trainable_params": 18945, "non_trainable_params": 0, "train_metrics": {"mse": 735.3700077353986, "mae": 22.594156602828225, "r2_score": 0.3385729615081903, "kendalltau": 0.43906594907503005, "pearsonr": 0.620574500467222, "spearmanr": 0.6186130465241021}, "test_metrics": {"mse": 1021.9661982193318, "mae": 26.919663408771157, "r2": 0.10544346168845153, "kendalltau": 0.23324441639413193, "pearsonr": 0.35048623411949453, "spearmanr": 0.34574637450710005}, "total_time": 21.3732, "epochs": 70}