{"arquitecture": "D", "trainable_params": 18625, "non_trainable_params": 0, "train_metrics": {"mse": 1111.3798480591643, "mae": 29.21838516593265, "r2_score": 0.0003716852622122069, "kendalltau": 0.17140853256525984, "pearsonr": 0.2275362476964294, "spearmanr": 0.25409627204220797}, "test_metrics": {"mse": 1141.7824885722293, "mae": 30.04771982346262, "r2": 0.0005648012022499982, "kendalltau": 0.1776676710722084, "pearsonr": 0.254140617711558, "spearmanr": 0.26203948319091713}, "total_time": 18.1992, "epochs": 70}