{"arquitecture": "D", "trainable_params": 18625, "non_trainable_params": 0, "train_metrics": {"mse": 1132.625447216868, "mae": 29.0707992035102, "r2_score": -0.01873762513125765, "kendalltau": -0.01847536078838479, "pearsonr": -0.045409633357653356, "spearmanr": -0.027233716483894287}, "test_metrics": {"mse": 1162.3712294987092, "mae": 29.906566317592347, "r2": -0.017457118547616668, "kendalltau": -0.03285626312713216, "pearsonr": -0.06520220904327988, "spearmanr": -0.049021111114736275}, "total_time": 19.3774, "epochs": 70}