{"arquitecture": "C", "trainable_params": 18945, "non_trainable_params": 0, "train_metrics": {"mse": 801.281020963904, "mae": 23.390062469081368, "r2_score": 0.2792894364457821, "kendalltau": 0.425706630489502, "pearsonr": 0.6033447986383483, "spearmanr": 0.6035927395559072}, "test_metrics": {"mse": 1074.8725030717446, "mae": 27.587316348616564, "r2": 0.05913304456693269, "kendalltau": 0.2138418500779346, "pearsonr": 0.31693047433886423, "spearmanr": 0.3163319971243759}, "total_time": 21.5176, "epochs": 70}