{"arquitecture": "D", "trainable_params": 20161, "non_trainable_params": 0, "train_metrics": {"mse": 715.5220787538682, "mae": 22.250058291687697, "r2_score": 0.3564251403410985, "kendalltau": 0.4302754944422923, "pearsonr": 0.6133619421421972, "spearmanr": 0.607208607232763}, "test_metrics": {"mse": 778.4040946866146, "mae": 23.153647629278048, "r2": 0.3186404075167376, "kendalltau": 0.4204716609708951, "pearsonr": 0.5727112375281196, "spearmanr": 0.5925319220658003}, "total_time": 19.0342, "epochs": 70}