{"arquitecture": "C", "trainable_params": 17793, "non_trainable_params": 0, "train_metrics": {"mse": 867.8696783879478, "mae": 24.927145400533497, "r2_score": 0.21939640570773933, "kendalltau": 0.32119042177908835, "pearsonr": 0.474311812121463, "spearmanr": 0.46498327615349716}, "test_metrics": {"mse": 917.1634358728397, "mae": 25.472883181912557, "r2": 0.19718034736384737, "kendalltau": 0.30513919700763836, "pearsonr": 0.4476857827112915, "spearmanr": 0.44582445644542756}, "total_time": 17.8673, "epochs": 70}