{"arquitecture": "B", "trainable_params": 67345, "non_trainable_params": 0, "train_metrics": {"mse": 1111.7953666171882, "mae": 29.291565089319356, "r2_score": -2.0520487757913486e-06, "kendalltau": 0.012140586309850203, "pearsonr": 0.02021430917362195, "spearmanr": 0.01479328005158303}, "test_metrics": {"mse": null, "mae": null, "r2_score": null, "kendalltau": null, "pearsonr": null, "spearmanr": null}, "total_time": 15.0253, "epochs": 70}