{"arquitecture": "A", "trainable_params": 218897, "non_trainable_params": 0, "train_metrics": {"accuracy": 0.7018649517684887, "recall": 0.7018649517684887, "precision": 0.7018649517684887, "f1_score": 0.7018649517684887, "mcc": 0.382683296820011}, "test_metrics": {"accuracy": 0.6250525178560711, "recall": 0.6250525178560711, "precision": 0.6250525178560711, "f1_score": 0.6250525178560711, "mcc": 0.22779246900000272}, "total_time": 44.5614, "epochs": 10}