{"arquitecture": "C", "trainable_params": 20993, "non_trainable_params": 0, "train_metrics": {"accuracy": 0.6377620578778135, "recall": 0.6377620578778135, "precision": 0.6377620578778135, "f1_score": 0.6377620578778135, "mcc": 0.2212340305463233}, "test_metrics": {"accuracy": 0.6276333953544205, "recall": 0.6276333953544205, "precision": 0.6276333953544205, "f1_score": 0.6276333953544205, "mcc": 0.20411518530967512}, "total_time": 70.9676, "epochs": 10}