{"arquitecture": "A", "trainable_params": 526097, "non_trainable_params": 0, "train_metrics": {"accuracy": 0.7009389067524116, "recall": 0.7009389067524116, "precision": 0.7009389067524116, "f1_score": 0.7009389067524116, "mcc": 0.3703827597627091}, "test_metrics": {"accuracy": 0.6712082107916691, "recall": 0.6712082107916691, "precision": 0.6712082107916691, "f1_score": 0.6712082107916691, "mcc": 0.30920250730732046}, "total_time": 78.8137, "epochs": 10}