{"arquitecture": "B", "trainable_params": 218897, "non_trainable_params": 0, "train_metrics": {"accuracy": 0.5874726688102894, "recall": 0.5874726688102894, "precision": 0.5874726688102894, "f1_score": 0.5874726688102894, "mcc": 0.05575670657255374}, "test_metrics": {"accuracy": 0.5764960086429386, "recall": 0.5764960086429386, "precision": 0.5764960086429386, "f1_score": 0.5764960086429386, "mcc": 0.030504770326299287}, "total_time": 53.9285, "epochs": 10}