{"arquitecture": "A", "trainable_params": 218897, "non_trainable_params": 0, "train_metrics": {"accuracy": 0.7080385852090032, "recall": 0.7080385852090032, "precision": 0.7080385852090032, "f1_score": 0.7080385852090032, "mcc": 0.38937587446016864}, "test_metrics": {"accuracy": 0.628713762679311, "recall": 0.628713762679311, "precision": 0.628713762679311, "f1_score": 0.628713762679311, "mcc": 0.20892521114314802}, "total_time": 44.4264, "epochs": 10}