{"arquitecture": "C", "trainable_params": 19649, "non_trainable_params": 0, "train_metrics": {"accuracy": 0.6338778135048232, "recall": 0.6338778135048232, "precision": 0.6338778135048232, "f1_score": 0.6338778135048232, "mcc": 0.2483010803380497}, "test_metrics": {"accuracy": 0.6177300282095912, "recall": 0.6177300282095912, "precision": 0.6177300282095912, "f1_score": 0.6177300282095912, "mcc": 0.2157135793418338}, "total_time": 65.2703, "epochs": 10}