{"arquitecture": "B", "trainable_params": 18193, "non_trainable_params": 0, "train_metrics": {"accuracy": 0.6166430868167203, "recall": 0.6166430868167203, "precision": 0.6166430868167203, "f1_score": 0.6166430868167203, "mcc": 0.18634483629623141}, "test_metrics": {"accuracy": 0.60716643658844, "recall": 0.60716643658844, "precision": 0.60716643658844, "f1_score": 0.60716643658844, "mcc": 0.1689583690996893}, "total_time": 41.5589, "epochs": 10}