{"arquitecture": "B", "trainable_params": 132881, "non_trainable_params": 0, "train_metrics": {"accuracy": 0.6978778135048231, "recall": 0.6978778135048231, "precision": 0.6978778135048231, "f1_score": 0.6978778135048231, "mcc": 0.3664295973958805}, "test_metrics": {"accuracy": 0.686573434967889, "recall": 0.686573434967889, "precision": 0.686573434967889, "f1_score": 0.686573434967889, "mcc": 0.3468100936287161}, "total_time": 47.7515, "epochs": 10}