{"arquitecture": "A", "trainable_params": 67345, "non_trainable_params": 0, "train_metrics": {"accuracy": 0.618032154340836, "recall": 0.618032154340836, "precision": 0.618032154340836, "f1_score": 0.618032154340836, "mcc": 0.16808274414638727}, "test_metrics": {"accuracy": 0.6142488446071664, "recall": 0.6142488446071664, "precision": 0.6142488446071664, "f1_score": 0.6142488446071664, "mcc": 0.16838646785654515}, "total_time": 38.6495, "epochs": 10}