{"arquitecture": "B", "trainable_params": 218897, "non_trainable_params": 0, "train_metrics": {"accuracy": 0.5692604501607718, "recall": 0.5692604501607718, "precision": 0.5692604501607718, "f1_score": 0.5692604501607718, "mcc": 0.09552482090430363}, "test_metrics": {"accuracy": 0.554828641738191, "recall": 0.554828641738191, "precision": 0.554828641738191, "f1_score": 0.554828641738191, "mcc": 0.06681283162327577}, "total_time": 43.7465, "epochs": 10}