{"arquitecture": "C", "trainable_params": 20993, "non_trainable_params": 0, "train_metrics": {"accuracy": 0.6512926045016078, "recall": 0.6512926045016078, "precision": 0.6512926045016078, "f1_score": 0.6512926045016078, "mcc": 0.2547362675141622}, "test_metrics": {"accuracy": 0.6381969869755717, "recall": 0.6381969869755717, "precision": 0.6381969869755717, "f1_score": 0.6381969869755717, "mcc": 0.23073494698994687}, "total_time": 62.18, "epochs": 10}