{"arquitecture": "A", "trainable_params": 218897, "non_trainable_params": 0, "train_metrics": {"accuracy": 0.5905594855305466, "recall": 0.5905594855305466, "precision": 0.5905594855305466, "f1_score": 0.5905594855305466, "mcc": 0.07135092090120014}, "test_metrics": {"accuracy": 0.5826180901506512, "recall": 0.5826180901506512, "precision": 0.5826180901506512, "f1_score": 0.5826180901506512, "mcc": 0.05416914238215006}, "total_time": 46.6871, "epochs": 10}