{"arquitecture": "C", "trainable_params": 20993, "non_trainable_params": 0, "train_metrics": {"accuracy": 0.6467652733118971, "recall": 0.6467652733118971, "precision": 0.6467652733118971, "f1_score": 0.6467652733118971, "mcc": 0.2436474941923503}, "test_metrics": {"accuracy": 0.6349558850009003, "recall": 0.6349558850009003, "precision": 0.6349558850009003, "f1_score": 0.6349558850009003, "mcc": 0.2227756626218304}, "total_time": 61.9112, "epochs": 10}