{"arquitecture": "A", "trainable_params": 132881, "non_trainable_params": 0, "train_metrics": {"accuracy": 0.7198199356913183, "recall": 0.7198199356913183, "precision": 0.7198199356913183, "f1_score": 0.7198199356913183, "mcc": 0.41433948066499543}, "test_metrics": {"accuracy": 0.698097353100054, "recall": 0.698097353100054, "precision": 0.698097353100054, "f1_score": 0.698097353100054, "mcc": 0.37047151253881055}, "total_time": 44.2038, "epochs": 10}