{"arquitecture": "D", "trainable_params": 20993, "non_trainable_params": 0, "train_metrics": {"accuracy": 0.6541736334405145, "recall": 0.6541736334405145, "precision": 0.6541736334405145, "f1_score": 0.6541736334405145, "mcc": 0.2629157893503916}, "test_metrics": {"accuracy": 0.6407778644739212, "recall": 0.6407778644739212, "precision": 0.6407778644739212, "f1_score": 0.6407778644739212, "mcc": 0.2371659627442044}, "total_time": 62.0867, "epochs": 10}