{"arquitecture": "A", "trainable_params": 218897, "non_trainable_params": 0, "train_metrics": {"accuracy": 0.5928745980707395, "recall": 0.5928745980707395, "precision": 0.5928745980707395, "f1_score": 0.5928745980707395, "mcc": 0.08116723458025156}, "test_metrics": {"accuracy": 0.5809975391633155, "recall": 0.5809975391633155, "precision": 0.5809975391633155, "f1_score": 0.5809975391633155, "mcc": 0.0431584391952668}, "total_time": 44.3516, "epochs": 10}