{"arquitecture": "B", "trainable_params": 218897, "non_trainable_params": 0, "train_metrics": {"accuracy": 0.5414790996784566, "recall": 0.5414790996784566, "precision": 0.5414790996784566, "f1_score": 0.5414790996784566, "mcc": 0.08887634147040405}, "test_metrics": {"accuracy": 0.5276994178020527, "recall": 0.5276994178020527, "precision": 0.5276994178020527, "f1_score": 0.5276994178020527, "mcc": 0.05925592835939985}, "total_time": 59.1157, "epochs": 10}