{"arquitecture": "D", "trainable_params": 19649, "non_trainable_params": 0, "train_metrics": {"accuracy": 0.6848360128617363, "recall": 0.6848360128617363, "precision": 0.6848360128617363, "f1_score": 0.6848360128617363, "mcc": 0.33554198460950385}, "test_metrics": {"accuracy": 0.6744493127663406, "recall": 0.6744493127663406, "precision": 0.6744493127663406, "f1_score": 0.6744493127663406, "mcc": 0.31794964113644886}, "total_time": 67.8874, "epochs": 10}