{"arquitecture": "D", "trainable_params": 20993, "non_trainable_params": 0, "train_metrics": {"accuracy": 0.6498263665594856, "recall": 0.6498263665594856, "precision": 0.6498263665594856, "f1_score": 0.6498263665594856, "mcc": 0.25153933720732596}, "test_metrics": {"accuracy": 0.6385571094172019, "recall": 0.6385571094172019, "precision": 0.6385571094172019, "f1_score": 0.6385571094172019, "mcc": 0.23148257253841134}, "total_time": 66.5656, "epochs": 10}