{"arquitecture": "A", "trainable_params": 132881, "non_trainable_params": 0, "train_metrics": {"accuracy": 0.6690932475884245, "recall": 0.6690932475884245, "precision": 0.6690932475884245, "f1_score": 0.6690932475884245, "mcc": 0.2972746304566326}, "test_metrics": {"accuracy": 0.6476802112718324, "recall": 0.6476802112718324, "precision": 0.6476802112718324, "f1_score": 0.6476802112718324, "mcc": 0.253685724799722}, "total_time": 54.6249, "epochs": 10}