{"arquitecture": "C", "trainable_params": 18625, "non_trainable_params": 0, "train_metrics": {"accuracy": 0.5844372990353698, "recall": 0.5844372990353698, "precision": 0.5844372990353698, "f1_score": 0.5844372990353698, "mcc": 0.0}, "test_metrics": {"accuracy": 0.5783566412580278, "recall": 0.5783566412580278, "precision": 0.5783566412580278, "f1_score": 0.5783566412580278, "mcc": 0.0}, "total_time": 66.6863, "epochs": 10}