{"arquitecture": "C", "trainable_params": 19649, "non_trainable_params": 0, "train_metrics": {"accuracy": 0.6718456591639871, "recall": 0.6718456591639871, "precision": 0.6718456591639871, "f1_score": 0.6718456591639871, "mcc": 0.3041504981509403}, "test_metrics": {"accuracy": 0.6630454354480524, "recall": 0.6630454354480524, "precision": 0.6630454354480524, "f1_score": 0.6630454354480524, "mcc": 0.29026229690802746}, "total_time": 74.9244, "epochs": 10}