{"arquitecture": "C", "trainable_params": 20993, "non_trainable_params": 0, "train_metrics": {"accuracy": 0.6503922829581994, "recall": 0.6503922829581994, "precision": 0.6503922829581994, "f1_score": 0.6503922829581994, "mcc": 0.2535871253015446}, "test_metrics": {"accuracy": 0.6338755176760098, "recall": 0.6338755176760098, "precision": 0.6338755176760098, "f1_score": 0.6338755176760098, "mcc": 0.22239057339991244}, "total_time": 70.0299, "epochs": 10}