{"arquitecture": "D", "trainable_params": 19649, "non_trainable_params": 0, "train_metrics": {"accuracy": 0.6857106109324759, "recall": 0.6857106109324759, "precision": 0.6857106109324759, "f1_score": 0.6857106109324759, "mcc": 0.33667679988270244}, "test_metrics": {"accuracy": 0.6730088229998199, "recall": 0.6730088229998199, "precision": 0.6730088229998199, "f1_score": 0.6730088229998199, "mcc": 0.31389205332758113}, "total_time": 65.0151, "epochs": 10}