{"arquitecture": "B", "trainable_params": 218897, "non_trainable_params": 0, "train_metrics": {"accuracy": 0.5911511254019293, "recall": 0.5911511254019293, "precision": 0.5911511254019293, "f1_score": 0.5911511254019293, "mcc": 0.07274827186743646}, "test_metrics": {"accuracy": 0.5821979473020827, "recall": 0.5821979473020827, "precision": 0.5821979473020827, "f1_score": 0.5821979473020827, "mcc": 0.05029221090963451}, "total_time": 46.5283, "epochs": 10}