{"arquitecture": "D", "trainable_params": 20993, "non_trainable_params": 0, "train_metrics": {"accuracy": 0.6519099678456591, "recall": 0.6519099678456591, "precision": 0.6519099678456591, "f1_score": 0.6519099678456591, "mcc": 0.25954694635661746}, "test_metrics": {"accuracy": 0.635075925814777, "recall": 0.635075925814777, "precision": 0.635075925814777, "f1_score": 0.635075925814777, "mcc": 0.22809265365771644}, "total_time": 73.052, "epochs": 10}