{"arquitecture": "D", "trainable_params": 19649, "non_trainable_params": 0, "train_metrics": {"accuracy": 0.6930418006430868, "recall": 0.6930418006430868, "precision": 0.6930418006430868, "f1_score": 0.6930418006430868, "mcc": 0.3523592721527317}, "test_metrics": {"accuracy": 0.685553088049937, "recall": 0.685553088049937, "precision": 0.685553088049937, "f1_score": 0.685553088049937, "mcc": 0.3406032550424644}, "total_time": 70.2532, "epochs": 10}