{"arquitecture": "C", "trainable_params": 19649, "non_trainable_params": 0, "train_metrics": {"accuracy": 0.5845659163987138, "recall": 0.5845659163987138, "precision": 0.5845659163987138, "f1_score": 0.5845659163987138, "mcc": 0.009460849280188576}, "test_metrics": {"accuracy": 0.5786567432927195, "recall": 0.5786567432927195, "precision": 0.5786567432927195, "f1_score": 0.5786567432927195, "mcc": 0.014894556889275188}, "total_time": 72.9967, "epochs": 10}