{"arquitecture": "A", "trainable_params": 67345, "non_trainable_params": 0, "train_metrics": {"accuracy": 0.6281929260450161, "recall": 0.6281929260450161, "precision": 0.6281929260450161, "f1_score": 0.6281929260450161, "mcc": 0.19585052752300822}, "test_metrics": {"accuracy": 0.6138887221655362, "recall": 0.6138887221655362, "precision": 0.6138887221655362, "f1_score": 0.6138887221655362, "mcc": 0.16788134440321997}, "total_time": 39.2941, "epochs": 10}