{"arquitecture": "A", "trainable_params": 132881, "non_trainable_params": 0, "train_metrics": {"accuracy": 0.584411575562701, "recall": 0.584411575562701, "precision": 0.584411575562701, "f1_score": 0.584411575562701, "mcc": -0.004276807494894858}, "test_metrics": {"accuracy": 0.5783566412580278, "recall": 0.5783566412580278, "precision": 0.5783566412580278, "f1_score": 0.5783566412580278, "mcc": 0.0}, "total_time": 47.8394, "epochs": 10}