{"arquitecture": "D", "trainable_params": 20993, "non_trainable_params": 0, "train_metrics": {"accuracy": 0.647048231511254, "recall": 0.647048231511254, "precision": 0.647048231511254, "f1_score": 0.647048231511254, "mcc": 0.24491554500216714}, "test_metrics": {"accuracy": 0.6345357421523318, "recall": 0.6345357421523318, "precision": 0.6345357421523318, "f1_score": 0.6345357421523318, "mcc": 0.22153752373275898}, "total_time": 64.2929, "epochs": 10}