{"arquitecture": "A", "trainable_params": 132881, "non_trainable_params": 0, "train_metrics": {"accuracy": 0.7143408360128617, "recall": 0.7143408360128617, "precision": 0.7143408360128617, "f1_score": 0.7143408360128617, "mcc": 0.4010496241311571}, "test_metrics": {"accuracy": 0.6812316187503751, "recall": 0.6812316187503751, "precision": 0.6812316187503751, "f1_score": 0.6812316187503751, "mcc": 0.3314500752047248}, "total_time": 42.9768, "epochs": 10}