{"arquitecture": "B", "trainable_params": 132881, "non_trainable_params": 0, "train_metrics": {"accuracy": 0.6317684887459807, "recall": 0.6317684887459807, "precision": 0.6317684887459807, "f1_score": 0.6317684887459807, "mcc": 0.20542674964154845}, "test_metrics": {"accuracy": 0.6185102934997899, "recall": 0.6185102934997899, "precision": 0.6185102934997899, "f1_score": 0.6185102934997899, "mcc": 0.18015590242056875}, "total_time": 54.5653, "epochs": 10}