{"arquitecture": "A", "trainable_params": 132881, "non_trainable_params": 0, "train_metrics": {"accuracy": 0.6791768488745981, "recall": 0.6791768488745981, "precision": 0.6791768488745981, "f1_score": 0.6791768488745981, "mcc": 0.32069868030180093}, "test_metrics": {"accuracy": 0.6484004561550928, "recall": 0.6484004561550928, "precision": 0.6484004561550928, "f1_score": 0.6484004561550928, "mcc": 0.25584249555473765}, "total_time": 56.148, "epochs": 10}