{"arquitecture": "A", "trainable_params": 218897, "non_trainable_params": 0, "train_metrics": {"accuracy": 0.5803987138263665, "recall": 0.5803987138263665, "precision": 0.5803987138263665, "f1_score": 0.5803987138263665, "mcc": 0.058693020439471145}, "test_metrics": {"accuracy": 0.5725346617850069, "recall": 0.5725346617850069, "precision": 0.5725346617850069, "f1_score": 0.5725346617850069, "mcc": 0.046162427020371814}, "total_time": 54.5964, "epochs": 10}