{"arquitecture": "A", "trainable_params": 218897, "non_trainable_params": 0, "train_metrics": {"accuracy": 0.5909710610932476, "recall": 0.5909710610932476, "precision": 0.5909710610932476, "f1_score": 0.5909710610932476, "mcc": 0.07350537673413397}, "test_metrics": {"accuracy": 0.5821979473020827, "recall": 0.5821979473020827, "precision": 0.5821979473020827, "f1_score": 0.5821979473020827, "mcc": 0.05065009016903632}, "total_time": 52.1826, "epochs": 10}