{"arquitecture": "A", "trainable_params": 67345, "non_trainable_params": 0, "train_metrics": {"accuracy": 0.6444501607717041, "recall": 0.6444501607717041, "precision": 0.6444501607717041, "f1_score": 0.6444501607717041, "mcc": 0.2489736367192395}, "test_metrics": {"accuracy": 0.6203109057079407, "recall": 0.6203109057079407, "precision": 0.6203109057079407, "f1_score": 0.6203109057079407, "mcc": 0.20003385186800213}, "total_time": 38.6688, "epochs": 10}