{"arquitecture": "D", "trainable_params": 20993, "non_trainable_params": 0, "train_metrics": {"accuracy": 0.6488231511254019, "recall": 0.6488231511254019, "precision": 0.6488231511254019, "f1_score": 0.6488231511254019, "mcc": 0.2513636744650903}, "test_metrics": {"accuracy": 0.6362163135466058, "recall": 0.6362163135466058, "precision": 0.6362163135466058, "f1_score": 0.6362163135466058, "mcc": 0.22686214009650033}, "total_time": 60.728, "epochs": 10}