{"arquitecture": "C", "trainable_params": 19649, "non_trainable_params": 0, "train_metrics": {"accuracy": 0.6799228295819936, "recall": 0.6799228295819936, "precision": 0.6799228295819936, "f1_score": 0.6799228295819936, "mcc": 0.3224626965863032}, "test_metrics": {"accuracy": 0.6617249864954085, "recall": 0.6617249864954085, "precision": 0.6617249864954085, "f1_score": 0.6617249864954085, "mcc": 0.2865972426006009}, "total_time": 70.3291, "epochs": 10}