{"arquitecture": "C", "trainable_params": 20993, "non_trainable_params": 0, "train_metrics": {"accuracy": 0.6384565916398713, "recall": 0.6384565916398713, "precision": 0.6384565916398713, "f1_score": 0.6384565916398713, "mcc": 0.2230074408512388}, "test_metrics": {"accuracy": 0.6284736810515575, "recall": 0.6284736810515575, "precision": 0.6284736810515575, "f1_score": 0.6284736810515575, "mcc": 0.2069034159601241}, "total_time": 62.0206, "epochs": 10}