{"arquitecture": "A", "trainable_params": 132881, "non_trainable_params": 0, "train_metrics": {"accuracy": 0.584411575562701, "recall": 0.584411575562701, "precision": 0.584411575562701, "f1_score": 0.584411575562701, "mcc": -0.004276807494894858}, "test_metrics": {"accuracy": 0.5782966208510893, "recall": 0.5782966208510893, "precision": 0.5782966208510893, "f1_score": 0.5782966208510893, "mcc": -0.006615113043301107}, "total_time": 47.9819, "epochs": 10}