{"arquitecture": "C", "trainable_params": 25793, "non_trainable_params": 0, "train_metrics": {"accuracy": 0.6719742765273312, "recall": 0.6719742765273312, "precision": 0.6719742765273312, "f1_score": 0.6719742765273312, "mcc": 0.3041100059209715}, "test_metrics": {"accuracy": 0.661484904867655, "recall": 0.661484904867655, "precision": 0.661484904867655, "f1_score": 0.661484904867655, "mcc": 0.2861367534735422}, "total_time": 116.3528, "epochs": 10}