{"arquitecture": "C", "trainable_params": 20993, "non_trainable_params": 0, "train_metrics": {"accuracy": 0.648668810289389, "recall": 0.648668810289389, "precision": 0.648668810289389, "f1_score": 0.648668810289389, "mcc": 0.24836797773136335}, "test_metrics": {"accuracy": 0.6356161094772222, "recall": 0.6356161094772222, "precision": 0.6356161094772222, "f1_score": 0.6356161094772222, "mcc": 0.22463634315664152}, "total_time": 60.1171, "epochs": 10}