{"arquitecture": "D", "trainable_params": 19649, "non_trainable_params": 0, "train_metrics": {"accuracy": 0.6617363344051447, "recall": 0.6617363344051447, "precision": 0.6617363344051447, "f1_score": 0.6617363344051447, "mcc": 0.28264064654268733}, "test_metrics": {"accuracy": 0.6465998439469419, "recall": 0.6465998439469419, "precision": 0.6465998439469419, "f1_score": 0.6465998439469419, "mcc": 0.2533104310524134}, "total_time": 62.1711, "epochs": 10}