{"arquitecture": "C", "trainable_params": 19649, "non_trainable_params": 0, "train_metrics": {"accuracy": 0.6998070739549839, "recall": 0.6998070739549839, "precision": 0.6998070739549839, "f1_score": 0.6998070739549839, "mcc": 0.3679821476914084}, "test_metrics": {"accuracy": 0.6922153532200949, "recall": 0.6922153532200949, "precision": 0.6922153532200949, "f1_score": 0.6922153532200949, "mcc": 0.3555952729812319}, "total_time": 65.0212, "epochs": 10}