{"arquitecture": "B", "trainable_params": 218897, "non_trainable_params": 0, "train_metrics": {"accuracy": 0.5889389067524116, "recall": 0.5889389067524116, "precision": 0.5889389067524116, "f1_score": 0.5889389067524116, "mcc": 0.06267813696967393}, "test_metrics": {"accuracy": 0.5770962127123221, "recall": 0.5770962127123221, "precision": 0.5770962127123221, "f1_score": 0.5770962127123221, "mcc": 0.0339773386685702}, "total_time": 43.7747, "epochs": 10}