{"arquitecture": "B", "trainable_params": 218897, "non_trainable_params": 0, "train_metrics": {"accuracy": 0.5790868167202572, "recall": 0.5790868167202572, "precision": 0.5790868167202572, "f1_score": 0.5790868167202572, "mcc": 0.06397015030198543}, "test_metrics": {"accuracy": 0.5721745393433767, "recall": 0.5721745393433767, "precision": 0.5721745393433767, "f1_score": 0.5721745393433767, "mcc": 0.05406164984646985}, "total_time": 43.8227, "epochs": 10}