{"arquitecture": "D", "trainable_params": 20993, "non_trainable_params": 0, "train_metrics": {"accuracy": 0.648128617363344, "recall": 0.648128617363344, "precision": 0.648128617363344, "f1_score": 0.648128617363344, "mcc": 0.24705193456314894}, "test_metrics": {"accuracy": 0.6339955584898865, "recall": 0.6339955584898865, "precision": 0.6339955584898865, "f1_score": 0.6339955584898865, "mcc": 0.22089962191974666}, "total_time": 65.7824, "epochs": 10}