{"arquitecture": "C", "trainable_params": 17793, "non_trainable_params": 0, "train_metrics": {"accuracy": 0.6254147909967845, "recall": 0.6254147909967845, "precision": 0.6254147909967845, "f1_score": 0.6254147909967845, "mcc": 0.1973016572643438}, "test_metrics": {"accuracy": 0.611848028329632, "recall": 0.611848028329632, "precision": 0.611848028329632, "f1_score": 0.611848028329632, "mcc": 0.1676859794432403}, "total_time": 54.1812, "epochs": 10}