{"arquitecture": "A", "trainable_params": 218897, "non_trainable_params": 0, "train_metrics": {"accuracy": 0.6513183279742766, "recall": 0.6513183279742766, "precision": 0.6513183279742766, "f1_score": 0.6513183279742766, "mcc": 0.25494806105648493}, "test_metrics": {"accuracy": 0.632735129944181, "recall": 0.632735129944181, "precision": 0.632735129944181, "f1_score": 0.632735129944181, "mcc": 0.21801824727439634}, "total_time": 44.081, "epochs": 10}