{"arquitecture": "B", "trainable_params": 526097, "non_trainable_params": 0, "train_metrics": {"accuracy": 0.674032154340836, "recall": 0.674032154340836, "precision": 0.674032154340836, "f1_score": 0.674032154340836, "mcc": 0.3112048823306901}, "test_metrics": {"accuracy": 0.664665986435388, "recall": 0.664665986435388, "precision": 0.664665986435388, "f1_score": 0.664665986435388, "mcc": 0.2961267758775863}, "total_time": 74.585, "epochs": 10}