{"arquitecture": "A", "trainable_params": 132881, "non_trainable_params": 0, "train_metrics": {"accuracy": 0.720411575562701, "recall": 0.720411575562701, "precision": 0.720411575562701, "f1_score": 0.720411575562701, "mcc": 0.43780573610667195}, "test_metrics": {"accuracy": 0.6960566592641498, "recall": 0.6960566592641498, "precision": 0.6960566592641498, "f1_score": 0.6960566592641498, "mcc": 0.3871724375332486}, "total_time": 44.9475, "epochs": 10}