{"arquitecture": "C", "trainable_params": 19649, "non_trainable_params": 0, "train_metrics": {"accuracy": 0.5844887459807074, "recall": 0.5844887459807074, "precision": 0.5844887459807074, "f1_score": 0.5844887459807074, "mcc": 0.00605005037870601}, "test_metrics": {"accuracy": 0.578236600444151, "recall": 0.578236600444151, "precision": 0.578236600444151, "f1_score": 0.578236600444151, "mcc": -0.0010740735010184585}, "total_time": 60.2513, "epochs": 10}