{"arquitecture": "A", "trainable_params": 132881, "non_trainable_params": 0, "train_metrics": {"accuracy": 0.584411575562701, "recall": 0.584411575562701, "precision": 0.584411575562701, "f1_score": 0.584411575562701, "mcc": -0.001465824215840811}, "test_metrics": {"accuracy": 0.5784766820719045, "recall": 0.5784766820719045, "precision": 0.5784766820719045, "f1_score": 0.5784766820719045, "mcc": 0.012832632735207296}, "total_time": 58.1979, "epochs": 10}