{"arquitecture": "B", "trainable_params": 67345, "non_trainable_params": 0, "train_metrics": {"accuracy": 0.6150996784565916, "recall": 0.6150996784565916, "precision": 0.6150996784565916, "f1_score": 0.6150996784565916, "mcc": 0.15872346643851756}, "test_metrics": {"accuracy": 0.6003241101974671, "recall": 0.6003241101974671, "precision": 0.6003241101974671, "f1_score": 0.6003241101974671, "mcc": 0.1272741580372677}, "total_time": 38.3521, "epochs": 10}