{"arquitecture": "B", "trainable_params": 218897, "non_trainable_params": 0, "train_metrics": {"accuracy": 0.5972990353697749, "recall": 0.5972990353697749, "precision": 0.5972990353697749, "f1_score": 0.5972990353697749, "mcc": 0.29018636469458886}, "test_metrics": {"accuracy": 0.5889202328791789, "recall": 0.5889202328791789, "precision": 0.5889202328791789, "f1_score": 0.5889202328791789, "mcc": 0.2703020165093623}, "total_time": 44.4454, "epochs": 10}