{"arquitecture": "B", "trainable_params": 132881, "non_trainable_params": 0, "train_metrics": {"accuracy": 0.6692733118971061, "recall": 0.6692733118971061, "precision": 0.6692733118971061, "f1_score": 0.6692733118971061, "mcc": 0.3140172555554399}, "test_metrics": {"accuracy": 0.6565032110917712, "recall": 0.6565032110917712, "precision": 0.6565032110917712, "f1_score": 0.6565032110917712, "mcc": 0.29104072800422526}, "total_time": 40.2432, "epochs": 10}