{"arquitecture": "C", "trainable_params": 19649, "non_trainable_params": 0, "train_metrics": {"accuracy": 0.5844372990353698, "recall": 0.5844372990353698, "precision": 0.5844372990353698, "f1_score": 0.5844372990353698, "mcc": 0.0012289608799573098}, "test_metrics": {"accuracy": 0.5782966208510893, "recall": 0.5782966208510893, "precision": 0.5782966208510893, "f1_score": 0.5782966208510893, "mcc": -0.006615113043301107}, "total_time": 58.9732, "epochs": 10}