{"arquitecture": "C", "trainable_params": 20993, "non_trainable_params": 0, "train_metrics": {"accuracy": 0.6461736334405145, "recall": 0.6461736334405145, "precision": 0.6461736334405145, "f1_score": 0.6461736334405145, "mcc": 0.24257574763859097}, "test_metrics": {"accuracy": 0.635916211511914, "recall": 0.635916211511914, "precision": 0.635916211511914, "f1_score": 0.635916211511914, "mcc": 0.22576512339930366}, "total_time": 60.8738, "epochs": 10}