{"arquitecture": "D", "trainable_params": 19649, "non_trainable_params": 0, "train_metrics": {"accuracy": 0.6393569131832797, "recall": 0.6393569131832797, "precision": 0.6393569131832797, "f1_score": 0.6393569131832797, "mcc": 0.2261968692493122}, "test_metrics": {"accuracy": 0.6267330892503451, "recall": 0.6267330892503451, "precision": 0.6267330892503451, "f1_score": 0.6267330892503451, "mcc": 0.20300965649317898}, "total_time": 64.0217, "epochs": 10}