{"arquitecture": "B", "trainable_params": 218897, "non_trainable_params": 0, "train_metrics": {"accuracy": 0.5906109324758843, "recall": 0.5906109324758843, "precision": 0.5906109324758843, "f1_score": 0.5906109324758843, "mcc": 0.067576746901268}, "test_metrics": {"accuracy": 0.5816577636396375, "recall": 0.5816577636396375, "precision": 0.5816577636396375, "f1_score": 0.5816577636396375, "mcc": 0.04689889939990519}, "total_time": 46.7624, "epochs": 10}