{"arquitecture": "B", "trainable_params": 132881, "non_trainable_params": 0, "train_metrics": {"accuracy": 0.6995498392282958, "recall": 0.6995498392282958, "precision": 0.6995498392282958, "f1_score": 0.6995498392282958, "mcc": 0.3672790392730528}, "test_metrics": {"accuracy": 0.6915551287437729, "recall": 0.6915551287437729, "precision": 0.6915551287437729, "f1_score": 0.6915551287437729, "mcc": 0.35467273047691406}, "total_time": 44.8068, "epochs": 10}