{"arquitecture": "B", "trainable_params": 132881, "non_trainable_params": 0, "train_metrics": {"accuracy": 0.638508038585209, "recall": 0.638508038585209, "precision": 0.638508038585209, "f1_score": 0.638508038585209, "mcc": 0.22620986447136743}, "test_metrics": {"accuracy": 0.63021427285277, "recall": 0.63021427285277, "precision": 0.63021427285277, "f1_score": 0.63021427285277, "mcc": 0.21523639646112908}, "total_time": 41.9315, "epochs": 10}