{"arquitecture": "D", "trainable_params": 20993, "non_trainable_params": 0, "train_metrics": {"accuracy": 0.6494405144694534, "recall": 0.6494405144694534, "precision": 0.6494405144694534, "f1_score": 0.6494405144694534, "mcc": 0.2502460045973077}, "test_metrics": {"accuracy": 0.642098313426565, "recall": 0.642098313426565, "precision": 0.642098313426565, "f1_score": 0.642098313426565, "mcc": 0.2400535750314288}, "total_time": 65.3213, "epochs": 10}