{"arquitecture": "C", "trainable_params": 18625, "non_trainable_params": 0, "train_metrics": {"accuracy": 0.6130160771704181, "recall": 0.6130160771704181, "precision": 0.6130160771704181, "f1_score": 0.6130160771704181, "mcc": 0.152830372939241}, "test_metrics": {"accuracy": 0.5964227837464738, "recall": 0.5964227837464738, "precision": 0.5964227837464738, "f1_score": 0.5964227837464738, "mcc": 0.11622489914555072}, "total_time": 68.702, "epochs": 10}