{"arquitecture": "D", "trainable_params": 17793, "non_trainable_params": 0, "train_metrics": {"accuracy": 0.6148424437299035, "recall": 0.6148424437299035, "precision": 0.6148424437299035, "f1_score": 0.6148424437299035, "mcc": 0.1811785876287815}, "test_metrics": {"accuracy": 0.6065662325190565, "recall": 0.6065662325190565, "precision": 0.6065662325190565, "f1_score": 0.6065662325190565, "mcc": 0.1697956521741473}, "total_time": 53.4914, "epochs": 10}