{"arquitecture": "A", "trainable_params": 18193, "non_trainable_params": 0, "train_metrics": {"accuracy": 0.6545337620578778, "recall": 0.6545337620578778, "precision": 0.6545337620578778, "f1_score": 0.6545337620578778, "mcc": 0.26622268588215026}, "test_metrics": {"accuracy": 0.6395174359282156, "recall": 0.6395174359282156, "precision": 0.6395174359282156, "f1_score": 0.6395174359282156, "mcc": 0.23783806916108624}, "total_time": 42.3915, "epochs": 10}