{"arquitecture": "C", "trainable_params": 20993, "non_trainable_params": 0, "train_metrics": {"accuracy": 0.6422893890675241, "recall": 0.6422893890675241, "precision": 0.6422893890675241, "f1_score": 0.6422893890675241, "mcc": 0.23300735876288958}, "test_metrics": {"accuracy": 0.631714783026229, "recall": 0.631714783026229, "precision": 0.631714783026229, "f1_score": 0.631714783026229, "mcc": 0.21464285454658807}, "total_time": 65.6067, "epochs": 10}