{"arquitecture": "A", "trainable_params": 218897, "non_trainable_params": 0, "train_metrics": {"accuracy": 0.5844372990353698, "recall": 0.5844372990353698, "precision": 0.5844372990353698, "f1_score": 0.5844372990353698, "mcc": 0.0}, "test_metrics": {"accuracy": 0.5784166616649661, "recall": 0.5784166616649661, "precision": 0.5784166616649661, "f1_score": 0.5784166616649661, "mcc": 0.009073769293273946}, "total_time": 46.7463, "epochs": 10}