{"arquitecture": "D", "trainable_params": 20993, "non_trainable_params": 0, "train_metrics": {"accuracy": 0.6510610932475884, "recall": 0.6510610932475884, "precision": 0.6510610932475884, "f1_score": 0.6510610932475884, "mcc": 0.2556548978885288}, "test_metrics": {"accuracy": 0.6372966808714963, "recall": 0.6372966808714963, "precision": 0.6372966808714963, "f1_score": 0.6372966808714963, "mcc": 0.2304912887650277}, "total_time": 58.4767, "epochs": 10}