{"arquitecture": "C", "trainable_params": 19649, "non_trainable_params": 0, "train_metrics": {"accuracy": 0.6465852090032155, "recall": 0.6465852090032155, "precision": 0.6465852090032155, "f1_score": 0.6465852090032155, "mcc": 0.24414338549051315}, "test_metrics": {"accuracy": 0.6320148850609207, "recall": 0.6320148850609207, "precision": 0.6320148850609207, "f1_score": 0.6320148850609207, "mcc": 0.21629211300413934}, "total_time": 65.9753, "epochs": 10}