{"arquitecture": "B", "trainable_params": 67345, "non_trainable_params": 0, "train_metrics": {"mse": 1111.8172761683481, "mae": 29.28233022036993, "r2_score": -2.1758549429762297e-05, "kendalltau": 0.026219593298693937, "pearsonr": 0.00476747895343282, "spearmanr": 0.036105274353620015}, "test_metrics": {"mse": 1142.4308656162807, "mae": 30.103305978434427, "r2": -2.741956278917712e-06, "kendalltau": 0.022761195699626646, "pearsonr": 0.019846844938892872, "spearmanr": 0.03157870566729477}, "total_time": 12.1675, "epochs": 60}