{"arquitecture": "D", "trainable_params": 19649, "non_trainable_params": 0, "train_metrics": {"mse": 827.4110342883083, "mae": 23.889995699724324, "r2_score": 0.25578684979265454, "kendalltau": 0.3723928487446896, "pearsonr": 0.5357985138181077, "spearmanr": 0.5356796348224174}, "test_metrics": {"mse": 912.6774198605692, "mae": 25.189856873026915, "r2": 0.2011070867821756, "kendalltau": 0.33734144079289297, "pearsonr": 0.47897712417826044, "spearmanr": 0.49300289954059434}, "total_time": 30.3463, "epochs": 60}