{"arquitecture": "A", "trainable_params": 91921, "non_trainable_params": 0, "train_metrics": {"mse": 1023.9066279359398, "mae": 28.067603705202124, "r2_score": 0.07904929289489215, "kendalltau": 0.2671405425045463, "pearsonr": 0.35774281035846756, "spearmanr": 0.3431962434893592}, "test_metrics": {"mse": 1053.0861697747712, "mae": 28.85501233169011, "r2": 0.07820325151761265, "kendalltau": 0.2799392876873022, "pearsonr": 0.36091141918594705, "spearmanr": 0.3589601819573388}, "total_time": 14.8969, "epochs": 60}