{"arquitecture": "C", "trainable_params": 20161, "non_trainable_params": 0, "train_metrics": {"mse": 715.0502146827699, "mae": 22.315739416859262, "r2_score": 0.3568495575077414, "kendalltau": 0.42572874856663034, "pearsonr": 0.6065558461845354, "spearmanr": 0.6008517235112546}, "test_metrics": {"mse": 774.7116444230279, "mae": 22.988464949918644, "r2": 0.3218725159088126, "kendalltau": 0.40581194419865707, "pearsonr": 0.5709438353641934, "spearmanr": 0.5799597961985116}, "total_time": 19.9869, "epochs": 60}