{"arquitecture": "D", "trainable_params": 17793, "non_trainable_params": 0, "train_metrics": {"mse": 874.5094504742605, "mae": 25.020417476396574, "r2_score": 0.2134242763835712, "kendalltau": 0.3267973543311271, "pearsonr": 0.4814426209851583, "spearmanr": 0.4720309141693334}, "test_metrics": {"mse": 924.3820540128779, "mae": 25.627615253840172, "r2": 0.1908616823571212, "kendalltau": 0.29863156623801973, "pearsonr": 0.45162004029965647, "spearmanr": 0.4364860502766498}, "total_time": 17.2773, "epochs": 60}