{"arquitecture": "A", "trainable_params": 67345, "non_trainable_params": 0, "train_metrics": {"mse": 1111.8249714418723, "mae": 29.29105896354007, "r2_score": -2.868004734768448e-05, "kendalltau": -0.010890774862951846, "pearsonr": -0.005072824334044547, "spearmanr": -0.013263440389447358}, "test_metrics": {"mse": 1142.8929751786839, "mae": 30.114336963210786, "r2": -0.00040723980677959126, "kendalltau": -0.04388149462637518, "pearsonr": -0.058923776076709664, "spearmanr": -0.05350497454869395}, "total_time": 14.8473, "epochs": 60}