{"arquitecture": "D", "trainable_params": 18945, "non_trainable_params": 0, "train_metrics": {"mse": 839.8657728668392, "mae": 24.17578710512204, "r2_score": 0.24458446083671082, "kendalltau": 0.3734793992836202, "pearsonr": 0.5421683201659486, "spearmanr": 0.5372712380058409}, "test_metrics": {"mse": 1043.015063862445, "mae": 27.105895497969218, "r2": 0.08701878148092956, "kendalltau": 0.22706768210432443, "pearsonr": 0.34969038223491744, "spearmanr": 0.3366602420358553}, "total_time": 19.8706, "epochs": 60}