{"arquitecture": "C", "trainable_params": 18625, "non_trainable_params": 0, "train_metrics": {"mse": 1042.686139332336, "mae": 25.982049954799216, "r2_score": 0.06215810005784217, "kendalltau": 0.38968549871287733, "pearsonr": 0.5484126254888552, "spearmanr": 0.558191533468927}, "test_metrics": {"mse": 1254.0448757568704, "mae": 28.73305512751852, "r2": -0.09770170960550795, "kendalltau": 0.18705928954534384, "pearsonr": 0.28401231557927176, "spearmanr": 0.2801457201431696}, "total_time": 19.2607, "epochs": 60}