{"arquitecture": "D", "trainable_params": 18625, "non_trainable_params": 0, "train_metrics": {"mse": 720.1347369840391, "mae": 22.27804725805842, "r2_score": 0.3522762943986969, "kendalltau": 0.4419366911689815, "pearsonr": 0.6116736949982636, "spearmanr": 0.6201484656973199}, "test_metrics": {"mse": 790.2763600448733, "mae": 23.218459311340535, "r2": 0.30824827065418303, "kendalltau": 0.4169521256856314, "pearsonr": 0.5723874466348945, "spearmanr": 0.5973059277624158}, "total_time": 18.2878, "epochs": 60}