{"arquitecture": "C", "trainable_params": 18945, "non_trainable_params": 0, "train_metrics": {"mse": 803.0027984656467, "mae": 23.39327502889802, "r2_score": 0.2777407872189437, "kendalltau": 0.41961089247524425, "pearsonr": 0.5965944320376758, "spearmanr": 0.5942642980880757}, "test_metrics": {"mse": 1033.5285209359595, "mae": 26.777435017483576, "r2": 0.09532262657448254, "kendalltau": 0.2536446857327901, "pearsonr": 0.37381324134398874, "spearmanr": 0.37274330552392043}, "total_time": 20.1519, "epochs": 60}