{"arquitecture": "C", "trainable_params": 18625, "non_trainable_params": 0, "train_metrics": {"mse": 863.4964783453298, "mae": 23.53729718895036, "r2_score": 0.22332987147666405, "kendalltau": 0.4333014252234519, "pearsonr": 0.6064858748350523, "spearmanr": 0.6099344721077024}, "test_metrics": {"mse": 933.8067198669326, "mae": 24.365884954118105, "r2": 0.18261200005271994, "kendalltau": 0.4043229100395071, "pearsonr": 0.5711987408907184, "spearmanr": 0.5811248665721523}, "total_time": 17.472, "epochs": 60}