{"arquitecture": "D", "trainable_params": 20161, "non_trainable_params": 0, "train_metrics": {"mse": 700.2208498117149, "mae": 22.011915482648426, "r2_score": 0.37018779919043154, "kendalltau": 0.4373656218957876, "pearsonr": 0.6201962375048926, "spearmanr": 0.6155444520100776}, "test_metrics": {"mse": 767.3295308760386, "mae": 22.865956137222902, "r2": 0.32833429316869067, "kendalltau": 0.4051952734862818, "pearsonr": 0.5781257094070262, "spearmanr": 0.5808638256086943}, "total_time": 20.5085, "epochs": 60}