{"arquitecture": "A", "trainable_params": 91921, "non_trainable_params": 0, "train_metrics": {"mse": 1025.4406845587973, "mae": 28.111889940976756, "r2_score": 0.07766948882583569, "kendalltau": 0.27582303618439774, "pearsonr": 0.3628057143642956, "spearmanr": 0.3530046570219823}, "test_metrics": {"mse": 1055.5695623558297, "mae": 28.869859984942845, "r2": 0.07602946624521212, "kendalltau": 0.27465183261809556, "pearsonr": 0.35999054935085406, "spearmanr": 0.35135498656481157}, "total_time": 15.3238, "epochs": 60}