{"arquitecture": "B", "trainable_params": 67345, "non_trainable_params": 0, "train_metrics": {"mse": 1111.8072695393034, "mae": 29.285453285082156, "r2_score": -1.2758107550414621e-05, "kendalltau": -0.012140586309850203, "pearsonr": -0.02021430917362195, "spearmanr": -0.01479328005158303}, "test_metrics": {"mse": null, "mae": null, "r2_score": null, "kendalltau": null, "pearsonr": null, "spearmanr": null}, "total_time": 14.4632, "epochs": 60}