{"arquitecture": "C", "trainable_params": 18625, "non_trainable_params": 0, "train_metrics": {"mse": 1137.7196633604913, "mae": 29.740271800668005, "r2_score": -0.023319607346836912, "kendalltau": 0.22176690032747917, "pearsonr": 0.327838623176204, "spearmanr": 0.3237576272445559}, "test_metrics": {"mse": 1176.247693259244, "mae": 30.39464850936617, "r2": -0.029603588173773066, "kendalltau": 0.20310275523315563, "pearsonr": 0.30555810285999857, "spearmanr": 0.2973212946004088}, "total_time": 17.7753, "epochs": 60}