{"arquitecture": "C", "trainable_params": 25793, "non_trainable_params": 0, "train_metrics": {"mse": 746.4082866047213, "mae": 22.62863087688353, "r2_score": 0.3286446043195872, "kendalltau": 0.41574520150281785, "pearsonr": 0.5925409594424872, "spearmanr": 0.5922585154323661}, "test_metrics": {"mse": 825.8510126215033, "mae": 23.63167799796377, "r2": 0.2771087494879886, "kendalltau": 0.37778601507526094, "pearsonr": 0.5432409090227092, "spearmanr": 0.5448887805092726}, "total_time": 30.4306, "epochs": 60}