{"arquitecture": "C", "trainable_params": 18945, "non_trainable_params": 0, "train_metrics": {"mse": 823.6824063012215, "mae": 23.945815482739913, "r2_score": 0.2591405565541409, "kendalltau": 0.3969549733957309, "pearsonr": 0.5743755323267012, "spearmanr": 0.5651143343645578}, "test_metrics": {"mse": 1031.172042569086, "mae": 26.732928790152073, "r2": 0.0973853201686048, "kendalltau": 0.2454524910659512, "pearsonr": 0.3641507146516743, "spearmanr": 0.35678269394032014}, "total_time": 18.9266, "epochs": 60}