{"arquitecture": "B", "trainable_params": 132881, "non_trainable_params": 0, "train_metrics": {"mse": 1111.7975551150219, "mae": 29.302532658045116, "r2_score": -4.02048864334148e-06, "kendalltau": 0.1453852682964752, "pearsonr": 0.2198699363848593, "spearmanr": 0.2141956857107081}, "test_metrics": {"mse": 1142.4563190725855, "mae": 30.118470604930604, "r2": -2.502210194310628e-05, "kendalltau": 0.17993960820798996, "pearsonr": 0.2617020149102974, "spearmanr": 0.2625949521100172}, "total_time": 13.0132, "epochs": 60}