{"arquitecture": "D", "trainable_params": 19649, "non_trainable_params": 0, "train_metrics": {"mse": 762.9767307174045, "mae": 22.414592563449737, "r2_score": 0.3137421513957629, "kendalltau": 0.45314134040758874, "pearsonr": 0.6365246886707818, "spearmanr": 0.6341545544917607}, "test_metrics": {"mse": 838.4572494695151, "mae": 23.505216976361616, "r2": 0.26607414617572445, "kendalltau": 0.4182456301067112, "pearsonr": 0.5859326345323038, "spearmanr": 0.5957471812890568}, "total_time": 18.8014, "epochs": 60}