{"arquitecture": "B", "trainable_params": 91921, "non_trainable_params": 0, "train_metrics": {"mse": 994.0238845236572, "mae": 27.52695977853325, "r2_score": 0.10592726489440929, "kendalltau": 0.268429739098397, "pearsonr": 0.3494444726315335, "spearmanr": 0.33901502728100913}, "test_metrics": {"mse": 1014.7545510042391, "mae": 28.087069869041443, "r2": 0.11175602484318004, "kendalltau": 0.2883819137903431, "pearsonr": 0.36605530053080904, "spearmanr": 0.3612762637433964}, "total_time": 14.5835, "epochs": 60}