{"arquitecture": "B", "trainable_params": 91921, "non_trainable_params": 0, "train_metrics": {"mse": 1024.3783740628678, "mae": 28.046572176219744, "r2_score": 0.07862498181289035, "kendalltau": 0.27539997628284185, "pearsonr": 0.36506975091055194, "spearmanr": 0.35097691949498355}, "test_metrics": {"mse": 1054.2784340568237, "mae": 28.85273574931281, "r2": 0.07715962814654242, "kendalltau": 0.2854459327539589, "pearsonr": 0.3638958924190926, "spearmanr": 0.36153419285609917}, "total_time": 13.4602, "epochs": 60}