{"arquitecture": "A", "trainable_params": 67345, "non_trainable_params": 0, "train_metrics": {"mse": 1111.8033910147312, "mae": 29.28694258379902, "r2_score": -9.269576614512332e-06, "kendalltau": 0.10000393649748306, "pearsonr": 0.1123892514126501, "spearmanr": 0.13309653598708993}, "test_metrics": {"mse": 1142.4277007863511, "mae": 30.10679048725537, "r2": 2.8310791488905807e-08, "kendalltau": 0.0933448599679067, "pearsonr": 0.10774841266195179, "spearmanr": 0.12438387014523802}, "total_time": 13.2311, "epochs": 60}