{"arquitecture": "D", "trainable_params": 18625, "non_trainable_params": 0, "train_metrics": {"mse": 1135.7454516501077, "mae": 27.199753345400023, "r2_score": -0.021543906691086523, "kendalltau": 0.29417779849953446, "pearsonr": 0.43522343320619417, "spearmanr": 0.4294769142034416}, "test_metrics": {"mse": 1227.5377788131098, "mae": 27.762262799910136, "r2": -0.07449928185005472, "kendalltau": 0.2262404409047966, "pearsonr": 0.3562210797392727, "spearmanr": 0.3300244394341081}, "total_time": 22.1082, "epochs": 60}