{"arquitecture": "D", "trainable_params": 18625, "non_trainable_params": 0, "train_metrics": {"mse": 1034.6975859694003, "mae": 26.73632524480313, "r2_score": 0.06934338792258965, "kendalltau": 0.3045926480673499, "pearsonr": 0.4432565172090626, "spearmanr": 0.4409659160305621}, "test_metrics": {"mse": 1147.0725493832904, "mae": 28.470636357154167, "r2": -0.004065741857633753, "kendalltau": 0.1921681306503064, "pearsonr": 0.299982997545736, "spearmanr": 0.2884881782497868}, "total_time": 19.2761, "epochs": 60}