{"arquitecture": "C", "trainable_params": 18945, "non_trainable_params": 0, "train_metrics": {"mse": 667.50043845702, "mae": 21.758049739211756, "r2_score": 0.39961810577475565, "kendalltau": 0.47013447474799663, "pearsonr": 0.655825239338273, "spearmanr": 0.6559549719909333}, "test_metrics": {"mse": 1003.8218789807112, "mae": 26.98136864176818, "r2": 0.12132570851461966, "kendalltau": 0.2571692346010812, "pearsonr": 0.37689492135885855, "spearmanr": 0.3788394416159064}, "total_time": 18.4444, "epochs": 60}