{"arquitecture": "C", "trainable_params": 18625, "non_trainable_params": 0, "train_metrics": {"mse": 1116.918322156985, "mae": 27.443989282135988, "r2_score": -0.004609883855035912, "kendalltau": 0.2901062291348226, "pearsonr": 0.4348287571646102, "spearmanr": 0.42350090461380085}, "test_metrics": {"mse": 1205.0486132151132, "mae": 28.614415375249727, "r2": -0.0548138654811845, "kendalltau": 0.20584017156613849, "pearsonr": 0.30054412301073014, "spearmanr": 0.3040397814455906}, "total_time": 17.8658, "epochs": 60}