{"arquitecture": "B", "trainable_params": 91921, "non_trainable_params": 0, "train_metrics": {"mse": 1021.6424696713347, "mae": 28.008077724633917, "r2_score": 0.08108578538150635, "kendalltau": 0.2685366818750387, "pearsonr": 0.342028171758089, "spearmanr": 0.3326190882940739}, "test_metrics": {"mse": 1053.0918600019997, "mae": 28.88032857009343, "r2": 0.07819827069732654, "kendalltau": 0.2744649743617795, "pearsonr": 0.33493551784399855, "spearmanr": 0.33762137333012826}, "total_time": 13.1843, "epochs": 60}