{"arquitecture": "A", "trainable_params": 132881, "non_trainable_params": 0, "train_metrics": {"mse": 1111.7930940677302, "mae": 29.295918330899717, "r2_score": -8.008847363072391e-09, "kendalltau": 0.0066130623326525525, "pearsonr": 0.01259760502355729, "spearmanr": 0.00805800317947834}, "test_metrics": {"mse": 1142.438240157799, "mae": 30.113571541649954, "r2": -9.197105523606197e-06, "kendalltau": 0.007095230288560335, "pearsonr": 0.015109030951657474, "spearmanr": 0.008641426179396295}, "total_time": 14.1847, "epochs": 60}