{"arquitecture": "D", "trainable_params": 18625, "non_trainable_params": 0, "train_metrics": {"mse": 1112.9690892189374, "mae": 29.406841373032734, "r2_score": -0.0010577544248850934, "kendalltau": 0.07508351269355797, "pearsonr": 0.09977838446182798, "spearmanr": 0.11098789854461835}, "test_metrics": {"mse": 1143.8434789540916, "mae": 30.19514655641147, "r2": -0.001239243221826447, "kendalltau": 0.0649382794959787, "pearsonr": 0.08714509714558594, "spearmanr": 0.0965043544550179}, "total_time": 17.9029, "epochs": 60}