{"arquitecture": "D", "trainable_params": 20161, "non_trainable_params": 0, "train_metrics": {"mse": 825.576989062089, "mae": 23.384392398689968, "r2_score": 0.2574364779929861, "kendalltau": 0.4379167306509025, "pearsonr": 0.6131981498154598, "spearmanr": 0.6168866435782391}, "test_metrics": {"mse": 973.5458367312957, "mae": 25.343235483659164, "r2": 0.14782720298244223, "kendalltau": 0.3445559867693809, "pearsonr": 0.49922750784081305, "spearmanr": 0.5011403904816114}, "total_time": 20.8766, "epochs": 60}