{"arquitecture": "D", "trainable_params": 18945, "non_trainable_params": 0, "train_metrics": {"mse": 807.4443543977537, "mae": 23.86040845814363, "r2_score": 0.27374583888604087, "kendalltau": 0.37852102526967873, "pearsonr": 0.5462092547184277, "spearmanr": 0.5423963801390134}, "test_metrics": {"mse": 999.7177834750294, "mae": 26.698464454284736, "r2": 0.1249181418796953, "kendalltau": 0.2559860290066051, "pearsonr": 0.373897149324185, "spearmanr": 0.3743246249959409}, "total_time": 17.3943, "epochs": 60}