{"arquitecture": "A", "trainable_params": 67345, "non_trainable_params": 0, "train_metrics": {"mse": 990.2872617683007, "mae": 27.5880933809988, "r2_score": 0.10928816253374551, "kendalltau": 0.37579950604788, "pearsonr": 0.5083724932336343, "spearmanr": 0.5366836658365842}, "test_metrics": {"mse": 1018.9820486903355, "mae": 28.304800650903157, "r2": 0.10805557398444932, "kendalltau": 0.37518417267753057, "pearsonr": 0.5017816379974515, "spearmanr": 0.5425186242432273}, "total_time": 12.4931, "epochs": 60}