{"arquitecture": "B", "trainable_params": 91921, "non_trainable_params": 0, "train_metrics": {"mse": 1008.650410294227, "mae": 27.729338359695806, "r2_score": 0.09277146642277356, "kendalltau": 0.2759620486196143, "pearsonr": 0.34857183677547465, "spearmanr": 0.3404189246738082}, "test_metrics": {"mse": 1042.8889893279131, "mae": 28.598469691617147, "r2": 0.08712913816334866, "kendalltau": 0.2756201003417692, "pearsonr": 0.334626402339538, "spearmanr": 0.33987127145154733}, "total_time": 15.5721, "epochs": 60}