{"arquitecture": "B", "trainable_params": 67345, "non_trainable_params": 0, "train_metrics": {"mse": 1111.7941069005128, "mae": 29.298971777843366, "r2_score": -9.189992071778619e-07, "kendalltau": 0.06875317929994222, "pearsonr": 0.08997346730996578, "spearmanr": 0.10094395282908393}, "test_metrics": {"mse": 1142.4461386308574, "mae": 30.11585704769407, "r2": -1.6110867181451383e-05, "kendalltau": 0.03361097154094626, "pearsonr": 0.03633236716836074, "spearmanr": 0.05014240619800634}, "total_time": 11.0524, "epochs": 60}