{"arquitecture": "D", "trainable_params": 18945, "non_trainable_params": 0, "train_metrics": {"mse": 726.2481223526573, "mae": 22.902400316034793, "r2_score": 0.3467776225233282, "kendalltau": 0.4451640872566277, "pearsonr": 0.630036291287802, "spearmanr": 0.6257495327998475}, "test_metrics": {"mse": 993.5868797433158, "mae": 26.816117041877337, "r2": 0.13028469904031292, "kendalltau": 0.25331880283600644, "pearsonr": 0.36546687012162676, "spearmanr": 0.37303157422855787}, "total_time": 17.8928, "epochs": 60}