{"arquitecture": "A", "trainable_params": 91921, "non_trainable_params": 0, "train_metrics": {"mse": 1032.9023353233383, "mae": 28.218193528982027, "r2_score": 0.07095812241772093, "kendalltau": 0.2598344081016199, "pearsonr": 0.32567327458532097, "spearmanr": 0.31920627815817154}, "test_metrics": {"mse": 1067.2651430546161, "mae": 29.119028976985387, "r2": 0.06579198656958363, "kendalltau": 0.2561462550364962, "pearsonr": 0.3096988307160309, "spearmanr": 0.31353950701203115}, "total_time": 15.7402, "epochs": 60}