{"arquitecture": "C", "trainable_params": 17793, "non_trainable_params": 0, "train_metrics": {"mse": 906.0053337268463, "mae": 25.460678374042576, "r2_score": 0.18509536907798863, "kendalltau": 0.3082015809854603, "pearsonr": 0.45734392191157036, "spearmanr": 0.4461845949926366}, "test_metrics": {"mse": 939.8745841264962, "mae": 25.892767121749266, "r2": 0.17730062316331074, "kendalltau": 0.29693196159171714, "pearsonr": 0.4481260615477669, "spearmanr": 0.43310936825328206}, "total_time": 18.1542, "epochs": 60}