{"arquitecture": "C", "trainable_params": 19649, "non_trainable_params": 0, "train_metrics": {"mse": 820.080897494051, "mae": 24.00348774399011, "r2_score": 0.26237992623113504, "kendalltau": 0.37073730350907663, "pearsonr": 0.5235470372492531, "spearmanr": 0.531023403663496}, "test_metrics": {"mse": 842.695018703416, "mae": 24.361929459364287, "r2": 0.26236470433445136, "kendalltau": 0.35784699537512743, "pearsonr": 0.5234668747302931, "spearmanr": 0.5158662440231232}, "total_time": 17.6208, "epochs": 60}