{"arquitecture": "B", "trainable_params": 67345, "non_trainable_params": 0, "train_metrics": {"mse": 1111.8017518928093, "mae": 29.287719640736377, "r2_score": -7.79527177852124e-06, "kendalltau": -0.09325986320715175, "pearsonr": -0.12300717306527996, "spearmanr": -0.12700831267032828}, "test_metrics": {"mse": 1142.4278821582134, "mae": 30.107378589255468, "r2": -1.304492394105239e-07, "kendalltau": -0.11036126764463189, "pearsonr": -0.15286871070451571, "spearmanr": -0.15146267042856826}, "total_time": 20.8655, "epochs": 60}