{"arquitecture": "C", "trainable_params": 19649, "non_trainable_params": 0, "train_metrics": {"mse": 825.9596953528372, "mae": 24.608482702774772, "r2_score": 0.2570922536082014, "kendalltau": 0.3717035020075225, "pearsonr": 0.5357415156877847, "spearmanr": 0.5349058456939879}, "test_metrics": {"mse": 882.4510863298118, "mae": 25.493353669132507, "r2": 0.22756506977245217, "kendalltau": 0.34909327940921514, "pearsonr": 0.49735504892974414, "spearmanr": 0.5091259015768721}, "total_time": 21.7023, "epochs": 60}