{"arquitecture": "A", "trainable_params": 67345, "non_trainable_params": 0, "train_metrics": {"mse": 1111.7987042167265, "mae": 29.289068942437506, "r2_score": -5.054045804309126e-06, "kendalltau": 0.1027733104486491, "pearsonr": 0.13509979975085598, "spearmanr": 0.14976772272577069}, "test_metrics": {"mse": 1142.4280581607193, "mae": 30.108397735016688, "r2": -2.845093174386193e-07, "kendalltau": 0.06526161151458423, "pearsonr": 0.08910470926560557, "spearmanr": 0.09497669856652033}, "total_time": 12.3674, "epochs": 60}