{"arquitecture": "C", "trainable_params": 19649, "non_trainable_params": 0, "train_metrics": {"mse": 855.2119509929913, "mae": 24.281960338539573, "r2_score": 0.23078137253643172, "kendalltau": 0.38004662501764835, "pearsonr": 0.539070116187501, "spearmanr": 0.5428873320059773}, "test_metrics": {"mse": 916.467842573121, "mae": 24.878448149455444, "r2": 0.19778922027505852, "kendalltau": 0.3682251122419306, "pearsonr": 0.5072795399452956, "spearmanr": 0.5321048888829214}, "total_time": 20.7336, "epochs": 60}