{"arquitecture": "D", "trainable_params": 18945, "non_trainable_params": 0, "train_metrics": {"mse": 726.7493690316346, "mae": 22.23926239141498, "r2_score": 0.3463267772305608, "kendalltau": 0.46524177176989445, "pearsonr": 0.652792753910968, "spearmanr": 0.6506575094334848}, "test_metrics": {"mse": 1013.8482329718801, "mae": 26.456394914271577, "r2": 0.11254935120079257, "kendalltau": 0.26355152579501384, "pearsonr": 0.3845228334156571, "spearmanr": 0.38880022356337735}, "total_time": 18.0418, "epochs": 60}