{"arquitecture": "C", "trainable_params": 18625, "non_trainable_params": 0, "train_metrics": {"mse": 1115.2827871394477, "mae": 29.155112367431876, "r2_score": -0.00313880525294441, "kendalltau": 0.0521290012456638, "pearsonr": 0.06461822277017588, "spearmanr": 0.07795013675855607}, "test_metrics": {"mse": 1145.5564960908391, "mae": 30.002854347229004, "r2": -0.0027386966113682742, "kendalltau": 0.04627692948419869, "pearsonr": 0.05910298361343396, "spearmanr": 0.06909137730540814}, "total_time": 18.9384, "epochs": 60}