{"arquitecture": "B", "trainable_params": 91921, "non_trainable_params": 0, "train_metrics": {"mse": 1001.4211086308201, "mae": 27.657515330883005, "r2_score": 0.0992738469105452, "kendalltau": 0.26734726886961263, "pearsonr": 0.3592152546495513, "spearmanr": 0.34373495824051337}, "test_metrics": {"mse": 1031.8677762632258, "mae": 28.433557122945786, "r2": 0.09677632436610084, "kendalltau": 0.2787876236074979, "pearsonr": 0.3565247515102499, "spearmanr": 0.3572892205188746}, "total_time": 13.632, "epochs": 60}