{"arquitecture": "C", "trainable_params": 18945, "non_trainable_params": 0, "train_metrics": {"mse": 756.7742559586351, "mae": 22.744938511100038, "r2_score": 0.31932095453956644, "kendalltau": 0.4576281894286374, "pearsonr": 0.645294785195249, "spearmanr": 0.6408339596786242}, "test_metrics": {"mse": 1034.6270836816525, "mae": 26.444904591222958, "r2": 0.0943610228652626, "kendalltau": 0.27008422447976965, "pearsonr": 0.38454052482571, "spearmanr": 0.3958594492394278}, "total_time": 18.8803, "epochs": 60}