{"arquitecture": "D", "trainable_params": 18945, "non_trainable_params": 0, "train_metrics": {"mse": 778.3896198803976, "mae": 23.463575475977162, "r2_score": 0.2998790599908314, "kendalltau": 0.3969780130594063, "pearsonr": 0.5665155005807629, "spearmanr": 0.5635966361359008}, "test_metrics": {"mse": 985.0731478409, "mae": 26.67954412182527, "r2": 0.1377370145396002, "kendalltau": 0.24821497531407127, "pearsonr": 0.37810016140178065, "spearmanr": 0.36513376081804555}, "total_time": 18.846, "epochs": 60}