{"arquitecture": "C", "trainable_params": 20161, "non_trainable_params": 0, "train_metrics": {"mse": 720.3009753921076, "mae": 22.558628045867767, "r2_score": 0.35212677160503425, "kendalltau": 0.4363527982806182, "pearsonr": 0.615877955296128, "spearmanr": 0.6168241164137518}, "test_metrics": {"mse": 865.1740446858267, "mae": 24.659563176333904, "r2": 0.24268816346404087, "kendalltau": 0.34409473713085625, "pearsonr": 0.5017421989888552, "spearmanr": 0.49995368139454543}, "total_time": 19.7975, "epochs": 60}