{"arquitecture": "C", "trainable_params": 19649, "non_trainable_params": 0, "train_metrics": {"mse": 787.7716571126065, "mae": 23.461331181231728, "r2_score": 0.29144040593063936, "kendalltau": 0.39539104102544664, "pearsonr": 0.5687865967567802, "spearmanr": 0.5631953613638231}, "test_metrics": {"mse": 814.4539228868804, "mae": 23.53243548290006, "r2": 0.287084951399162, "kendalltau": 0.39361891027592016, "pearsonr": 0.5572364105040533, "spearmanr": 0.5649269298548039}, "total_time": 17.8662, "epochs": 60}