{"arquitecture": "C", "trainable_params": 18945, "non_trainable_params": 0, "train_metrics": {"mse": 769.7309201492905, "mae": 23.161758678503844, "r2_score": 0.30766710962583466, "kendalltau": 0.4211512281876073, "pearsonr": 0.6012004557168102, "spearmanr": 0.5966606855666896}, "test_metrics": {"mse": 1037.027891221083, "mae": 27.177388977791583, "r2": 0.0922595266657138, "kendalltau": 0.22125192579249264, "pearsonr": 0.333850991550975, "spearmanr": 0.32718667315557937}, "total_time": 21.2773, "epochs": 60}