{"arquitecture": "A", "trainable_params": 132881, "non_trainable_params": 0, "train_metrics": {"mse": 1111.799983751718, "mae": 29.28852771377381, "r2_score": -6.204920916630385e-06, "kendalltau": 0.14047575984338753, "pearsonr": 0.1697175813149192, "spearmanr": 0.1748741358659757}, "test_metrics": {"mse": 1142.427964313624, "mae": 30.10798806803567, "r2": -2.0236224385072887e-07, "kendalltau": 0.19601079832936652, "pearsonr": 0.22816147744834572, "spearmanr": 0.2424050609129377}, "total_time": 14.3894, "epochs": 60}