{"arquitecture": "D", "trainable_params": 18625, "non_trainable_params": 0, "train_metrics": {"mse": 1309.1276542424664, "mae": 28.665891892034622, "r2_score": -0.17749217162102493, "kendalltau": 0.26444004380045744, "pearsonr": 0.4038018666453666, "spearmanr": 0.3885302848030238}, "test_metrics": {"mse": 1369.911964479008, "mae": 28.95613381160157, "r2": -0.19912351981029852, "kendalltau": 0.23608711797069107, "pearsonr": 0.3656723256699737, "spearmanr": 0.350200445903025}, "total_time": 25.889, "epochs": 60}