{"arquitecture": "D", "trainable_params": 18945, "non_trainable_params": 0, "train_metrics": {"mse": 833.985286362664, "mae": 23.62808335021445, "r2_score": 0.24987365230826053, "kendalltau": 0.4160775288439219, "pearsonr": 0.5917325297445286, "spearmanr": 0.5877877068620586}, "test_metrics": {"mse": 1046.3330647282494, "mae": 26.487566331135376, "r2": 0.08411443946472541, "kendalltau": 0.2631253712376813, "pearsonr": 0.3901338478034479, "spearmanr": 0.38716338085444196}, "total_time": 17.8738, "epochs": 60}