{"arquitecture": "C", "trainable_params": 18625, "non_trainable_params": 0, "train_metrics": {"mse": 1236.127760485408, "mae": 28.158594048839255, "r2_score": -0.11183256757130211, "kendalltau": 0.2745719662983393, "pearsonr": 0.41274020572435804, "spearmanr": 0.4014295132506249}, "test_metrics": {"mse": 1305.3261032834328, "mae": 28.555187521236284, "r2": -0.1425896495945791, "kendalltau": 0.22391915196309134, "pearsonr": 0.35291225103667756, "spearmanr": 0.3353875870488595}, "total_time": 20.2625, "epochs": 60}