{"arquitecture": "D", "trainable_params": 25793, "non_trainable_params": 0, "train_metrics": {"mse": 836.033583027392, "mae": 23.934866881016738, "r2_score": 0.2480313160929507, "kendalltau": 0.41273253508062613, "pearsonr": 0.5888802229136897, "spearmanr": 0.5880361744130538}, "test_metrics": {"mse": 936.1981584030565, "mae": 25.398612369417346, "r2": 0.1805187048124397, "kendalltau": 0.3466767323899885, "pearsonr": 0.4936084666485412, "spearmanr": 0.5024620787598609}, "total_time": 30.1017, "epochs": 60}