{"arquitecture": "B", "trainable_params": 165649, "non_trainable_params": 0, "train_metrics": {"mse": 1111.8155431711007, "mae": 29.282344038375776, "r2_score": -2.0199808625553928e-05, "kendalltau": 0.07891230698270418, "pearsonr": 0.13132544520270475, "spearmanr": 0.11448398811663614}, "test_metrics": {"mse": 1142.4292153427666, "mae": 30.103310291256225, "r2": -1.2974241949681442e-06, "kendalltau": 0.07153128507512573, "pearsonr": 0.12054096137037996, "spearmanr": 0.10532739020602307}, "total_time": 15.5528, "epochs": 60}