{"arquitecture": "C", "trainable_params": 18625, "non_trainable_params": 0, "train_metrics": {"mse": 1213.6252241530012, "mae": 28.181918827639407, "r2_score": -0.09159270762551319, "kendalltau": 0.25068720775935394, "pearsonr": 0.3848979121263321, "spearmanr": 0.3699431235166653}, "test_metrics": {"mse": 1272.32111891606, "mae": 28.83011719584465, "r2": -0.11369943325068466, "kendalltau": 0.2105629667779881, "pearsonr": 0.32913367060999665, "spearmanr": 0.3138584686187815}, "total_time": 17.2278, "epochs": 60}