{"arquitecture": "D", "trainable_params": 18945, "non_trainable_params": 0, "train_metrics": {"mse": 816.0525776699803, "mae": 23.711656545896517, "r2_score": 0.2660031901979891, "kendalltau": 0.4114668302921468, "pearsonr": 0.5917650271460064, "spearmanr": 0.5835996288792581}, "test_metrics": {"mse": 1062.8757497179924, "mae": 27.228427893881285, "r2": 0.06963414936845069, "kendalltau": 0.23347002763036678, "pearsonr": 0.34150197163925705, "spearmanr": 0.34006164925066173}, "total_time": 21.1603, "epochs": 60}