{"arquitecture": "C", "trainable_params": 19649, "non_trainable_params": 0, "train_metrics": {"mse": 736.7329079156239, "mae": 22.314839563361478, "r2_score": 0.337347103748853, "kendalltau": 0.4327167777650291, "pearsonr": 0.6144227402319193, "spearmanr": 0.6105885668990346}, "test_metrics": {"mse": 790.1548453472544, "mae": 23.085415109992027, "r2": 0.30835463597961665, "kendalltau": 0.41405427469577033, "pearsonr": 0.5863607340200211, "spearmanr": 0.5930233894675546}, "total_time": 18.6669, "epochs": 60}