{"arquitecture": "B", "trainable_params": 132881, "non_trainable_params": 0, "train_metrics": {"mse": 1111.7966294907474, "mae": 29.301408492873993, "r2_score": -3.1879377968557776e-06, "kendalltau": 0.156165206126682, "pearsonr": 0.22557318724976608, "spearmanr": 0.21911280595753324}, "test_metrics": {"mse": 1142.4532861351488, "mae": 30.117647673402512, "r2": -2.2367284181923353e-05, "kendalltau": 0.17345483604404735, "pearsonr": 0.24201289285217933, "spearmanr": 0.24108763525383076}, "total_time": 12.479, "epochs": 60}