{"arquitecture": "D", "trainable_params": 19649, "non_trainable_params": 0, "train_metrics": {"mse": 802.7534638043545, "mae": 23.877872444842637, "r2_score": 0.27796505076637856, "kendalltau": 0.3781315681729514, "pearsonr": 0.5336475699965071, "spearmanr": 0.5397282081678081}, "test_metrics": {"mse": 832.1559449383857, "mae": 24.43404733695622, "r2": 0.27158986007901764, "kendalltau": 0.3615369924833241, "pearsonr": 0.5266743037638927, "spearmanr": 0.5207073180527909}, "total_time": 19.1044, "epochs": 60}