{"arquitecture": "C", "trainable_params": 18945, "non_trainable_params": 0, "train_metrics": {"mse": 801.5470371708569, "mae": 23.310412585877984, "r2_score": 0.27905016871646915, "kendalltau": 0.4130255996025769, "pearsonr": 0.5957131579538856, "spearmanr": 0.5859930475124255}, "test_metrics": {"mse": 1032.6828052148614, "mae": 26.30862067885963, "r2": 0.09606290597822353, "kendalltau": 0.2676075144642137, "pearsonr": 0.39242012390193426, "spearmanr": 0.3902142892943907}, "total_time": 20.4355, "epochs": 60}