{"arquitecture": "C", "trainable_params": 18625, "non_trainable_params": 0, "train_metrics": {"mse": 905.004204438094, "mae": 25.03207097526028, "r2_score": 0.18599583275428944, "kendalltau": 0.3626083643750323, "pearsonr": 0.5164871417460624, "spearmanr": 0.5191799821122004}, "test_metrics": {"mse": 1081.0265181631846, "mae": 27.371702266590937, "r2": 0.053746257365450356, "kendalltau": 0.22429517069014943, "pearsonr": 0.3309328822954438, "spearmanr": 0.32847541119557583}, "total_time": 16.3791, "epochs": 60}