{"arquitecture": "B", "trainable_params": 18193, "non_trainable_params": 0, "train_metrics": {"mse": 1111.8070048694317, "mae": 29.307063090396074, "r2_score": -1.2520050779452063e-05, "kendalltau": -0.009089725965436075, "pearsonr": -0.023903863732469628, "spearmanr": -0.011235894749595842}, "test_metrics": {"mse": 1142.4748854787397, "mae": 30.121812390429632, "r2": -4.127381364060767e-05, "kendalltau": -0.009965328372544468, "pearsonr": -0.0326841688101338, "spearmanr": -0.012418235138857576}, "total_time": 10.9542, "epochs": 60}