{"arquitecture": "A", "trainable_params": 91921, "non_trainable_params": 0, "train_metrics": {"mse": 998.088518728513, "mae": 27.665626350574485, "r2_score": 0.10227133803257071, "kendalltau": 0.26303234457175856, "pearsonr": 0.36141543366902645, "spearmanr": 0.34242690494516775}, "test_metrics": {"mse": 1033.9260505925522, "mae": 28.568289169243403, "r2": 0.09497465738127708, "kendalltau": 0.2752906304559607, "pearsonr": 0.34675579809286516, "spearmanr": 0.35485743724256386}, "total_time": 15.2037, "epochs": 60}