{"arquitecture": "D", "trainable_params": 18945, "non_trainable_params": 0, "train_metrics": {"mse": 761.0951496877361, "mae": 22.92566350917031, "r2_score": 0.3154345355765762, "kendalltau": 0.4146826122141096, "pearsonr": 0.5979407406303987, "spearmanr": 0.5870264412712887}, "test_metrics": {"mse": 1055.1178983684586, "mae": 26.966028190217912, "r2": 0.07642482078211044, "kendalltau": 0.23162502907626845, "pearsonr": 0.3398638056482755, "spearmanr": 0.3413739696510485}, "total_time": 16.4204, "epochs": 60}