{"arquitecture": "D", "trainable_params": 19649, "non_trainable_params": 0, "train_metrics": {"mse": 735.3776470807775, "mae": 22.506464120929696, "r2_score": 0.3385660903147274, "kendalltau": 0.43036156413847426, "pearsonr": 0.6117799567979012, "spearmanr": 0.6092629382859363}, "test_metrics": {"mse": 821.9035691311539, "mae": 23.57972103357315, "r2": 0.28056406081830476, "kendalltau": 0.396284123826927, "pearsonr": 0.5515316842778516, "spearmanr": 0.5628623495207321}, "total_time": 20.5555, "epochs": 60}