{"arquitecture": "B", "trainable_params": 526097, "non_trainable_params": 0, "train_metrics": {"mse": 1111.8089839422585, "mae": 29.284853119437006, "r2_score": -1.430012375647216e-05, "kendalltau": 0.011524426761963892, "pearsonr": 0.03621896296971252, "spearmanr": 0.014079715833904433}, "test_metrics": {"mse": 1142.4284410749294, "mae": 30.105212335075652, "r2": -6.19685188274488e-07, "kendalltau": 0.044516201596491535, "pearsonr": 0.04438021239286028, "spearmanr": 0.0542171929927957}, "total_time": 21.3128, "epochs": 60}