{"arquitecture": "D", "trainable_params": 18625, "non_trainable_params": 0, "train_metrics": {"mse": 1093.3341320680731, "mae": 27.2223373018651, "r2_score": 0.016602867333682436, "kendalltau": 0.2692470392296872, "pearsonr": 0.3984902393644666, "spearmanr": 0.3958432327996428}, "test_metrics": {"mse": 1153.7911166488761, "mae": 28.0042333815779, "r2": -0.009946697887283085, "kendalltau": 0.21603779944395385, "pearsonr": 0.3450610006131978, "spearmanr": 0.32243549071259964}, "total_time": 25.9684, "epochs": 60}