{"arquitecture": "B", "trainable_params": 132881, "non_trainable_params": 0, "train_metrics": {"mse": 802.8989838755897, "mae": 24.271653609506362, "r2_score": 0.2778341630380978, "kendalltau": 0.4163613775654783, "pearsonr": 0.5635806085170311, "spearmanr": 0.5892961608834386}, "test_metrics": {"mse": 844.1011923119149, "mae": 24.883117488452367, "r2": 0.26113383995001715, "kendalltau": 0.3871062659232741, "pearsonr": 0.5373182720833146, "spearmanr": 0.5542239750725497}, "total_time": 12.5351, "epochs": 60}