{"arquitecture": "B", "trainable_params": 132881, "non_trainable_params": 0, "train_metrics": {"mse": 1111.8134672025192, "mae": 29.283446995364017, "r2_score": -1.8332582961688715e-05, "kendalltau": -0.07173847994773175, "pearsonr": -0.0793183780327257, "spearmanr": -0.10037747377204499}, "test_metrics": {"mse": 1142.4296539355933, "mae": 30.10415016753333, "r2": -1.681337167269703e-06, "kendalltau": -0.05310108077399181, "pearsonr": -0.07185916345611446, "spearmanr": -0.0782886553043573}, "total_time": 17.3225, "epochs": 60}