{"arquitecture": "A", "trainable_params": 67345, "non_trainable_params": 0, "train_metrics": {"mse": 1111.8162994162715, "mae": 29.28260477631214, "r2_score": -2.088001178668364e-05, "kendalltau": -0.03709737451744694, "pearsonr": -0.058155628774937976, "spearmanr": -0.0453764338491143}, "test_metrics": {"mse": 1142.4305337509984, "mae": 30.10351385814803, "r2": -2.451465009878362e-06, "kendalltau": -0.028778779765545687, "pearsonr": -0.045156322520266134, "spearmanr": -0.03492363049742621}, "total_time": 25.4044, "epochs": 60}