{"arquitecture": "C", "trainable_params": 18945, "non_trainable_params": 0, "train_metrics": {"mse": 820.906567558884, "mae": 24.109056648425135, "r2_score": 0.2616372789923176, "kendalltau": 0.36442481145919875, "pearsonr": 0.5290660710446659, "spearmanr": 0.5231961242136584}, "test_metrics": {"mse": 1009.0683446566256, "mae": 26.802982889647996, "r2": 0.11673332553601035, "kendalltau": 0.24279027847837995, "pearsonr": 0.3587604201406161, "spearmanr": 0.3560208677482396}, "total_time": 17.8731, "epochs": 60}