{"arquitecture": "A", "trainable_params": 67345, "non_trainable_params": 0, "train_metrics": {"mse": 1111.7976217330108, "mae": 29.289886613392042, "r2_score": -4.080408056328366e-06, "kendalltau": 0.012140586309850203, "pearsonr": 0.02021430917362195, "spearmanr": 0.01479328005158303}, "test_metrics": {"mse": null, "mae": null, "r2_score": null, "kendalltau": null, "pearsonr": null, "spearmanr": null}, "total_time": 15.025, "epochs": 60}