{"arquitecture": "A", "trainable_params": 18193, "non_trainable_params": 0, "train_metrics": {"mse": 1111.8076055509052, "mae": 29.307340617383023, "r2_score": -1.306033249348637e-05, "kendalltau": -0.018393667495044744, "pearsonr": -0.01369979605439165, "spearmanr": -0.02297479087468374}, "test_metrics": {"mse": 1142.476045946785, "mae": 30.122017021690095, "r2": -4.2289604847312035e-05, "kendalltau": -0.0326991124202273, "pearsonr": -0.016165904971215662, "spearmanr": -0.04071492432311635}, "total_time": 12.7451, "epochs": 60}