{"arquitecture": "C", "trainable_params": 19649, "non_trainable_params": 0, "train_metrics": {"mse": 739.8215263333616, "mae": 22.849118913857772, "r2_score": 0.33456905227600786, "kendalltau": 0.409142955480003, "pearsonr": 0.587462946782781, "spearmanr": 0.5826768540890532}, "test_metrics": {"mse": 809.7601776966678, "mae": 23.805674928639615, "r2": 0.2911935221683215, "kendalltau": 0.3868405460228197, "pearsonr": 0.5425170403161129, "spearmanr": 0.5517649530136194}, "total_time": 19.193, "epochs": 60}