{"arquitecture": "A", "trainable_params": 91921, "non_trainable_params": 0, "train_metrics": {"mse": 1019.5603633153089, "mae": 27.957121425864226, "r2_score": 0.08295853165400136, "kendalltau": 0.2798723549350375, "pearsonr": 0.3571529799883381, "spearmanr": 0.34817691441025206}, "test_metrics": {"mse": 1054.576195924043, "mae": 28.856507475887025, "r2": 0.07689898858170652, "kendalltau": 0.2786726447040766, "pearsonr": 0.3391638289748877, "spearmanr": 0.34497155332608925}, "total_time": 12.7182, "epochs": 60}