{"arquitecture": "C", "trainable_params": 18625, "non_trainable_params": 0, "train_metrics": {"mse": 985.3422490075712, "mae": 27.073580307729966, "r2_score": 0.11373594407396082, "kendalltau": 0.2335177922847369, "pearsonr": 0.3750592350303403, "spearmanr": 0.3455231943694023}, "test_metrics": {"mse": 1026.5725849829698, "mae": 27.830630749464035, "r2": 0.10141135827389247, "kendalltau": 0.22573685730760087, "pearsonr": 0.35234216643615374, "spearmanr": 0.3344742537195134}, "total_time": 19.7834, "epochs": 60}