{"arquitecture": "D", "trainable_params": 18625, "non_trainable_params": 0, "train_metrics": {"mse": 1076.578173736648, "mae": 27.16857400586469, "r2_score": 0.03167397953524853, "kendalltau": 0.24732433844929658, "pearsonr": 0.38694292281145953, "spearmanr": 0.3657309682722324}, "test_metrics": {"mse": 1132.1185832462268, "mae": 27.714661591819354, "r2": 0.009023896728170722, "kendalltau": 0.2218084335085386, "pearsonr": 0.34356169040477447, "spearmanr": 0.32883930695337893}, "total_time": 19.5312, "epochs": 60}