{"arquitecture": "D", "trainable_params": 18625, "non_trainable_params": 0, "train_metrics": {"mse": 1053.952009937135, "mae": 26.29210422391695, "r2_score": 0.05202503595163599, "kendalltau": 0.34877350713124455, "pearsonr": 0.49405527420714895, "spearmanr": 0.5012606647313577}, "test_metrics": {"mse": 1207.0475836663452, "mae": 27.953442389411585, "r2": -0.05656362206819976, "kendalltau": 0.2206101871649802, "pearsonr": 0.33005188237683697, "spearmanr": 0.3240300069635863}, "total_time": 16.923, "epochs": 60}