{"arquitecture": "A", "trainable_params": 91921, "non_trainable_params": 0, "train_metrics": {"mse": 1025.20131813711, "mae": 28.059215218784594, "r2_score": 0.07788478646069374, "kendalltau": 0.27612191837862554, "pearsonr": 0.35810173084419394, "spearmanr": 0.34779816343650005}, "test_metrics": {"mse": 1052.6321413295811, "mae": 28.836949050426483, "r2": 0.07860067573274998, "kendalltau": 0.289558884796811, "pearsonr": 0.3669482930822824, "spearmanr": 0.36454808375296893}, "total_time": 14.4231, "epochs": 60}