{"arquitecture": "B", "trainable_params": 91921, "non_trainable_params": 0, "train_metrics": {"mse": 1018.5298104479596, "mae": 28.03439104071983, "r2_score": 0.08388546030745458, "kendalltau": 0.2452468824818132, "pearsonr": 0.33457959695294365, "spearmanr": 0.3290079430469486}, "test_metrics": {"mse": 1048.3372929212514, "mae": 28.73993045091629, "r2": 0.08236008062444067, "kendalltau": 0.26265981473901534, "pearsonr": 0.3363262022030878, "spearmanr": 0.3504886628779321}, "total_time": 11.4722, "epochs": 60}