{"arquitecture": "D", "trainable_params": 19649, "non_trainable_params": 0, "train_metrics": {"mse": 717.503431420567, "mae": 22.42435495085326, "r2_score": 0.3546430167669018, "kendalltau": 0.42095769501273417, "pearsonr": 0.6073434913273578, "spearmanr": 0.5971590868856335}, "test_metrics": {"mse": 762.6083050430873, "mae": 22.817698085946695, "r2": 0.33246691853836596, "kendalltau": 0.4089554607568627, "pearsonr": 0.5848014851481167, "spearmanr": 0.5867194166195988}, "total_time": 17.6611, "epochs": 60}