{"arquitecture": "B", "trainable_params": 132881, "non_trainable_params": 0, "train_metrics": {"mse": 1111.8052686775836, "mae": 29.28611225257826, "r2_score": -1.0958436598818011e-05, "kendalltau": 0.10261732889764226, "pearsonr": 0.15050772743472807, "spearmanr": 0.14795773873691284}, "test_metrics": {"mse": 1142.4275526936492, "mae": 30.106160908937454, "r2": 1.5794061203333598e-07, "kendalltau": 0.1552739185317264, "pearsonr": 0.2155470797274454, "spearmanr": 0.22181606422344913}, "total_time": 12.5715, "epochs": 60}