{"arquitecture": "A", "trainable_params": 165649, "non_trainable_params": 0, "train_metrics": {"mse": 1111.8045137502345, "mae": 29.306010593690047, "r2_score": -1.0279418749759017e-05, "kendalltau": 0.05384427802436967, "pearsonr": 0.07151800815391175, "spearmanr": 0.06777969508255412}, "test_metrics": {"mse": 1142.470338464259, "mae": 30.121037108557566, "r2": -3.729368050064963e-05, "kendalltau": 0.052533814269803976, "pearsonr": 0.07153952956674843, "spearmanr": 0.06601980906704097}, "total_time": 13.8495, "epochs": 60}