{"arquitecture": "B", "trainable_params": 132881, "non_trainable_params": 0, "train_metrics": {"mse": 1111.813633873988, "mae": 29.30971734725784, "r2_score": -1.8482495271143762e-05, "kendalltau": 0.05217059871762188, "pearsonr": 0.08637075853579666, "spearmanr": 0.07583208289867674}, "test_metrics": {"mse": 1142.4869350639372, "mae": 30.123766669205256, "r2": -5.182116368152023e-05, "kendalltau": 0.021416754383382808, "pearsonr": 0.04617149405698809, "spearmanr": 0.03130250373464167}, "total_time": 12.7681, "epochs": 60}