{"arquitecture": "C", "trainable_params": 18625, "non_trainable_params": 0, "train_metrics": {"mse": 1290.9296487024453, "mae": 28.489267267069216, "r2_score": -0.16112401302850743, "kendalltau": 0.29423085718204073, "pearsonr": 0.4355722036809823, "spearmanr": 0.42831997157915114}, "test_metrics": {"mse": 1366.884642822402, "mae": 29.00297158743654, "r2": -0.19647361770374383, "kendalltau": 0.24127116282106525, "pearsonr": 0.36834173346592924, "spearmanr": 0.3566415167676117}, "total_time": 18.2124, "epochs": 60}