{"arquitecture": "A", "trainable_params": 132881, "non_trainable_params": 0, "train_metrics": {"mse": 1111.793948892507, "mae": 29.298236036140878, "r2_score": -7.768792318341156e-07, "kendalltau": -0.05875863288008966, "pearsonr": -0.07511361148469518, "spearmanr": -0.07191825686497692}, "test_metrics": {"mse": 1142.4443174780215, "mae": 30.11531319788524, "r2": -1.4516759490268427e-05, "kendalltau": -0.07921845024959062, "pearsonr": -0.10081730500715219, "spearmanr": -0.09666069260575032}, "total_time": 13.7772, "epochs": 60}