{"arquitecture": "A", "trainable_params": 132881, "non_trainable_params": 0, "train_metrics": {"mse": 565.5134774732713, "mae": 19.473655838553217, "r2_score": 0.49135006772408363, "kendalltau": 0.5182920087751595, "pearsonr": 0.7124901673689504, "spearmanr": 0.7119679008998503}, "test_metrics": {"mse": 769.7954102398738, "mae": 22.429679595998355, "r2": 0.32617583772128944, "kendalltau": 0.4028990524597138, "pearsonr": 0.5712028822292913, "spearmanr": 0.5760207578810663}, "total_time": 14.5611, "epochs": 60}