{"arquitecture": "A", "trainable_params": 91921, "non_trainable_params": 0, "train_metrics": {"mse": 1042.1245778750658, "mae": 28.33343942294342, "r2_score": 0.06266319535368814, "kendalltau": 0.25564054376091394, "pearsonr": 0.3452131917642854, "spearmanr": 0.33074705775756397}, "test_metrics": {"mse": 1078.170571870287, "mae": 29.232880098479136, "r2": 0.056246149665048595, "kendalltau": 0.24732000400170936, "pearsonr": 0.3214068257338012, "spearmanr": 0.3180759471232196}, "total_time": 16.6528, "epochs": 60}