{"arquitecture": "A", "trainable_params": 132881, "non_trainable_params": 0, "train_metrics": {"mse": 1111.7974143384245, "mae": 29.301912160739196, "r2_score": -3.893867422943842e-06, "kendalltau": 0.05208577984520268, "pearsonr": 0.08333314781583914, "spearmanr": 0.0662511679497692}, "test_metrics": {"mse": 1142.4551057479655, "mae": 30.118019729852676, "r2": -2.3960043849857726e-05, "kendalltau": 0.024253492228007104, "pearsonr": 0.04059305152428396, "spearmanr": 0.029931372012168223}, "total_time": 14.071, "epochs": 60}