{"arquitecture": "C", "trainable_params": 18625, "non_trainable_params": 0, "train_metrics": {"mse": 1184.6667954891343, "mae": 29.122528824867842, "r2_score": -0.06554610862223997, "kendalltau": 0.11596165808040806, "pearsonr": 0.14801694232473903, "spearmanr": 0.17116748925295594}, "test_metrics": {"mse": 1213.6277310825649, "mae": 29.923302663224085, "r2": -0.06232341520469431, "kendalltau": 0.1324894122143337, "pearsonr": 0.17136913010914936, "spearmanr": 0.19426117229064974}, "total_time": 16.8247, "epochs": 60}