{"arquitecture": "D", "trainable_params": 18625, "non_trainable_params": 0, "train_metrics": {"mse": 1112.8170019924078, "mae": 27.290842526492003, "r2_score": -0.0009209598823041176, "kendalltau": 0.30288863454191933, "pearsonr": 0.4510539928166115, "spearmanr": 0.442824996675006}, "test_metrics": {"mse": 1203.7872348173198, "mae": 28.493962302803993, "r2": -0.05370974452787203, "kendalltau": 0.21545121022974323, "pearsonr": 0.33363998416927326, "spearmanr": 0.31980189912558665}, "total_time": 17.335, "epochs": 60}