{"arquitecture": "B", "trainable_params": 165649, "non_trainable_params": 0, "train_metrics": {"mse": 1111.7929432267786, "mae": 29.295864477746505, "r2_score": 1.2766473578285087e-07, "kendalltau": 0.036579916681469586, "pearsonr": 0.05914455870089192, "spearmanr": 0.05302216668068874}, "test_metrics": {"mse": 1142.4378270697125, "mae": 30.113527945109777, "r2": -8.835517587124642e-06, "kendalltau": 0.07144974205805697, "pearsonr": 0.11242650877533024, "spearmanr": 0.1064353451598514}, "total_time": 12.8599, "epochs": 60}