{"arquitecture": "A", "trainable_params": 91921, "non_trainable_params": 0, "train_metrics": {"mse": 1007.1249788639991, "mae": 27.76990914424679, "r2_score": 0.09414351258008846, "kendalltau": 0.2672234808917384, "pearsonr": 0.3543017912966891, "spearmanr": 0.3419505156927012}, "test_metrics": {"mse": 1038.5194695044408, "mae": 28.568573317357473, "r2": 0.09095390510200063, "kendalltau": 0.27469803306611584, "pearsonr": 0.34861245898031096, "spearmanr": 0.35117951273385023}, "total_time": 14.8495, "epochs": 60}