{"arquitecture": "B", "trainable_params": 91921, "non_trainable_params": 0, "train_metrics": {"mse": 1055.8331155318142, "mae": 28.52991856474121, "r2_score": 0.05033307939984433, "kendalltau": 0.2798016643886295, "pearsonr": 0.34846696840419056, "spearmanr": 0.341468271021411}, "test_metrics": {"mse": 1089.5443843459748, "mae": 29.41462587458747, "r2": 0.04629032301111036, "kendalltau": 0.27024395231710907, "pearsonr": 0.3264459039705241, "spearmanr": 0.3295764679584573}, "total_time": 13.7157, "epochs": 60}