{"arquitecture": "A", "trainable_params": 67345, "non_trainable_params": 0, "train_metrics": {"mse": 1111.7935016688268, "mae": 29.29390874509323, "r2_score": -3.746248140590325e-07, "kendalltau": 0.012140586309850203, "pearsonr": 0.02021430917362195, "spearmanr": 0.01479328005158303}, "test_metrics": {"mse": 1142.5419110526552, "mae": 30.113237461873464, "r2": -9.994323488449197e-05, "kendalltau": -0.036132935979988956, "pearsonr": -0.044625242290423854, "spearmanr": -0.04400704222657196}, "total_time": 16.7451, "epochs": 60}