{"arquitecture": "C", "trainable_params": 18945, "non_trainable_params": 0, "train_metrics": {"mse": 771.4541892685907, "mae": 23.088672338917586, "r2_score": 0.30611711876665726, "kendalltau": 0.4433476401724613, "pearsonr": 0.6227112418854966, "spearmanr": 0.6208799293932554}, "test_metrics": {"mse": 990.9759321387046, "mae": 26.50262314959296, "r2": 0.13257013690994435, "kendalltau": 0.27239548625542004, "pearsonr": 0.397209873673903, "spearmanr": 0.39941687374690527}, "total_time": 18.0845, "epochs": 60}