{"arquitecture": "C", "trainable_params": 18625, "non_trainable_params": 0, "train_metrics": {"mse": 1148.3755022327398, "mae": 27.31393952047842, "r2_score": -0.03290397966795178, "kendalltau": 0.3031706400253059, "pearsonr": 0.4513426447469798, "spearmanr": 0.4420646777813362}, "test_metrics": {"mse": 1268.9974181949526, "mae": 28.42318718135357, "r2": -0.11079010198646277, "kendalltau": 0.2051583242744065, "pearsonr": 0.325885279661922, "spearmanr": 0.30469561631431763}, "total_time": 17.9774, "epochs": 60}