{"arquitecture": "A", "trainable_params": 132881, "non_trainable_params": 0, "train_metrics": {"mse": 1111.7957560292139, "mae": 29.30055971816717, "r2_score": -2.402304619897322e-06, "kendalltau": 0.12248150752069867, "pearsonr": 0.17132045465705528, "spearmanr": 0.16970510868685193}, "test_metrics": {"mse": 1142.4507045971297, "mae": 30.117022914545878, "r2": -2.0107589372209134e-05, "kendalltau": 0.1788839702236351, "pearsonr": 0.24628882238913608, "spearmanr": 0.24585176238052964}, "total_time": 14.5565, "epochs": 60}