{"arquitecture": "B", "trainable_params": 67345, "non_trainable_params": 0, "train_metrics": {"mse": 1111.8403235343808, "mae": 29.248732169202892, "r2_score": -4.248845532695e-05, "kendalltau": 0.21723104534671386, "pearsonr": 0.3478218223541787, "spearmanr": 0.3197748461169113}, "test_metrics": {"mse": 1142.3720375561113, "mae": 30.076982378959656, "r2": 4.875194435327579e-05, "kendalltau": 0.23921343426604444, "pearsonr": 0.3480151172210444, "spearmanr": 0.35230121611796267}, "total_time": 11.6259, "epochs": 60}