{"arquitecture": "A", "trainable_params": 67345, "non_trainable_params": 0, "train_metrics": {"mse": 1111.7967815705847, "mae": 29.290448832934185, "r2_score": -3.3247256929769264e-06, "kendalltau": -0.012140586309850203, "pearsonr": -0.02021430917362195, "spearmanr": -0.01479328005158303}, "test_metrics": {"mse": 1142.4431555407032, "mae": 30.109575748443604, "r2": -1.3499682186779438e-05, "kendalltau": -0.04074903793337962, "pearsonr": -0.05055893926930965, "spearmanr": -0.049629087268733135}, "total_time": 14.5887, "epochs": 60}