{"arquitecture": "D", "trainable_params": 18625, "non_trainable_params": 0, "train_metrics": {"mse": 1129.1557916281004, "mae": 29.071286405542356, "r2_score": -0.015616850559919682, "kendalltau": 0.10007440816080894, "pearsonr": 0.11424357426826393, "spearmanr": 0.14867674849684231}, "test_metrics": {"mse": 1158.9464651124738, "mae": 29.911018009696686, "r2": -0.014459323337538743, "kendalltau": 0.10132666105432994, "pearsonr": 0.13520602486536776, "spearmanr": 0.15088181687472485}, "total_time": 17.3739, "epochs": 60}