{"arquitecture": "B", "trainable_params": 91921, "non_trainable_params": 0, "train_metrics": {"mse": 1032.5846590484593, "mae": 28.13253718623138, "r2_score": 0.07124385568870295, "kendalltau": 0.278173972117826, "pearsonr": 0.3601902621548245, "spearmanr": 0.3532470972638944}, "test_metrics": {"mse": 1062.2079884347354, "mae": 28.960812194006785, "r2": 0.07021866011157474, "kendalltau": 0.28961904678026545, "pearsonr": 0.3604930241205442, "spearmanr": 0.36558285439651617}, "total_time": 16.6918, "epochs": 60}