{"arquitecture": "D", "trainable_params": 18625, "non_trainable_params": 0, "train_metrics": {"mse": 961.435097553192, "mae": 26.722056694268154, "r2_score": 0.13523918219750286, "kendalltau": 0.3050042063865681, "pearsonr": 0.4391175100577419, "spearmanr": 0.4408760756665857}, "test_metrics": {"mse": 998.8500875068831, "mae": 27.409928956202098, "r2": 0.1256776612286955, "kendalltau": 0.29539780518532016, "pearsonr": 0.4259508198602729, "spearmanr": 0.4293516229808896}, "total_time": 19.6879, "epochs": 60}