{"arquitecture": "D", "trainable_params": 18625, "non_trainable_params": 0, "train_metrics": {"mse": 1421.2549981640411, "mae": 29.775953113890083, "r2_score": -0.2783448801131634, "kendalltau": 0.3019255766002888, "pearsonr": 0.43818712382882385, "spearmanr": 0.43851898091375224}, "test_metrics": {"mse": 1492.5555016093294, "mae": 30.45087894797325, "r2": -0.30647695108106365, "kendalltau": 0.20961038600277426, "pearsonr": 0.31290424058268257, "spearmanr": 0.31113738789283174}, "total_time": 17.9453, "epochs": 60}