{"arquitecture": "D", "trainable_params": 19649, "non_trainable_params": 0, "train_metrics": {"mse": 762.5799660588286, "mae": 23.084025693887043, "r2_score": 0.31409902055052785, "kendalltau": 0.405556140639021, "pearsonr": 0.57800583187343, "spearmanr": 0.5758817923544317}, "test_metrics": {"mse": 824.1707317357437, "mae": 24.05073452634471, "r2": 0.27857954789127737, "kendalltau": 0.3835566491398457, "pearsonr": 0.5362563350967992, "spearmanr": 0.5545716793335302}, "total_time": 18.7719, "epochs": 60}