{"arquitecture": "A", "trainable_params": 165649, "non_trainable_params": 0, "train_metrics": {"mse": 1111.7942338271562, "mae": 29.292752581386832, "r2_score": -1.0331631150606313e-06, "kendalltau": 0.013162122984553777, "pearsonr": 0.025031369067324324, "spearmanr": 0.016098316943021978}, "test_metrics": {"mse": 1142.4320266986736, "mae": 30.111179935080663, "r2": -3.7582852416839785e-06, "kendalltau": 0.04095201808583253, "pearsonr": 0.05519274457143689, "spearmanr": 0.049936862712591935}, "total_time": 17.5489, "epochs": 60}