{"arquitecture": "A", "trainable_params": 67345, "non_trainable_params": 0, "train_metrics": {"accuracy": 0.6623279742765273, "recall": 0.6623279742765273, "precision": 0.6623279742765273, "f1_score": 0.6623279742765273, "mcc": 0.2911851581598679}, "test_metrics": {"accuracy": 0.6214512934397696, "recall": 0.6214512934397696, "precision": 0.6214512934397696, "f1_score": 0.6214512934397696, "mcc": 0.20623825235224022}, "total_time": 166.5565, "epochs": 60}