{"arquitecture": "B", "trainable_params": 67345, "non_trainable_params": 0, "train_metrics": {"accuracy": 0.6339035369774919, "recall": 0.6339035369774919, "precision": 0.6339035369774919, "f1_score": 0.6339035369774919, "mcc": 0.21616235597253575}, "test_metrics": {"accuracy": 0.6097473140867895, "recall": 0.6097473140867895, "precision": 0.6097473140867895, "f1_score": 0.6097473140867895, "mcc": 0.166247925947997}, "total_time": 173.8638, "epochs": 60}