{"arquitecture": "C", "trainable_params": 18625, "non_trainable_params": 0, "train_metrics": {"accuracy": 0.6477684887459807, "recall": 0.6477684887459807, "precision": 0.6477684887459807, "f1_score": 0.6477684887459807, "mcc": 0.2506208831903956}, "test_metrics": {"accuracy": 0.6172498649540844, "recall": 0.6172498649540844, "precision": 0.6172498649540844, "f1_score": 0.6172498649540844, "mcc": 0.18659275384533516}, "total_time": 535.3445, "epochs": 60}