{"arquitecture": "C", "trainable_params": 18945, "non_trainable_params": 0, "train_metrics": {"mse": 931.3011717749952, "mae": 25.741638120593723, "r2_score": 0.16234307965857053, "kendalltau": 0.30708646126357225, "pearsonr": 0.45233130293515106, "spearmanr": 0.44498422034659074}, "test_metrics": {"mse": 997.6359104156594, "mae": 26.727630169263907, "r2": 0.12674046551470297, "kendalltau": 0.2623332251193456, "pearsonr": 0.3956918569947675, "spearmanr": 0.3843457434176614}, "total_time": 7.9837, "epochs": 20}