{"arquitecture": "B", "trainable_params": 91921, "non_trainable_params": 0, "train_metrics": {"mse": 1097.5470653437242, "mae": 28.923509969387172, "r2_score": 0.012813553178134152, "kendalltau": 0.26285383872430645, "pearsonr": 0.33064014491156707, "spearmanr": 0.3338599096523325}, "test_metrics": {"mse": 1126.7005152040383, "mae": 29.7445396397795, "r2": 0.013766488215640194, "kendalltau": 0.2895189155683764, "pearsonr": 0.347624318441717, "spearmanr": 0.36594093226300356}, "total_time": 5.635, "epochs": 20}