{"arquitecture": "D", "trainable_params": 17793, "non_trainable_params": 0, "train_metrics": {"mse": 937.2597206423012, "mae": 26.275433312539793, "r2_score": 0.15698367515532197, "kendalltau": 0.2643355043295458, "pearsonr": 0.39989547393477626, "spearmanr": 0.38561605937206667}, "test_metrics": {"mse": 965.1878346352033, "mae": 26.760463169642858, "r2": 0.15514320368315848, "kendalltau": 0.2497741996356055, "pearsonr": 0.3983180002732027, "spearmanr": 0.3666582307017885}, "total_time": 7.878, "epochs": 20}