{"arquitecture": "C", "trainable_params": 18625, "non_trainable_params": 0, "train_metrics": {"mse": 1294.2795965513385, "mae": 28.67716624212927, "r2_score": -0.16413711671983, "kendalltau": 0.2378734684096587, "pearsonr": 0.37325360200616675, "spearmanr": 0.349639546938597}, "test_metrics": {"mse": 1347.584574944421, "mae": 28.692370682954788, "r2": -0.17957971070350554, "kendalltau": 0.22250030796632553, "pearsonr": 0.33761711968354463, "spearmanr": 0.32829203269240576}, "total_time": 7.0995, "epochs": 20}