{"arquitecture": "A", "trainable_params": 67345, "non_trainable_params": 0, "train_metrics": {"mse": null, "mae": null, "r2_score": null, "kendalltau": null, "pearsonr": null, "spearmanr": null}, "test_metrics": {"mse": 1144.1446685920532, "mae": 30.027931758335658, "r2": -0.0015028832134227343, "kendalltau": -0.03305553467772852, "pearsonr": -0.04066944430450156, "spearmanr": -0.040259012198464506}, "total_time": 6.4729, "epochs": 20}