{"arquitecture": "B", "trainable_params": 67345, "non_trainable_params": 0, "train_metrics": {"mse": 1112.330156242795, "mae": 29.23286662597072, "r2_score": -0.0004830674757856368, "kendalltau": -0.09272411479325593, "pearsonr": -0.1271183982389673, "spearmanr": -0.12602921534094724}, "test_metrics": {"mse": 1142.8289336584226, "mae": 30.06593977979251, "r2": -0.0003511824139099673, "kendalltau": -0.12780796353765997, "pearsonr": -0.1720188803665456, "spearmanr": -0.1748300822604752}, "total_time": 6.7199, "epochs": 20}