{"arquitecture": "A", "trainable_params": 132881, "non_trainable_params": 0, "train_metrics": {"mse": 1112.2600946516307, "mae": 29.237090319409333, "r2_score": -0.0004200507219498384, "kendalltau": 0.16157417157493698, "pearsonr": 0.225993792193026, "spearmanr": 0.222410299757694}, "test_metrics": {"mse": 1142.7686314217215, "mae": 30.069128896508897, "r2": -0.00029839812396992293, "kendalltau": 0.21139881458976564, "pearsonr": 0.26890024766003445, "spearmanr": 0.2864517721020811}, "total_time": 9.6933, "epochs": 20}