{"arquitecture": "C", "trainable_params": 18625, "non_trainable_params": 0, "train_metrics": {"mse": 1275.5592792025368, "mae": 28.47267412648582, "r2_score": -0.14729916584694114, "kendalltau": 0.22617024084911638, "pearsonr": 0.36042851116750624, "spearmanr": 0.335577060216223}, "test_metrics": {"mse": 1314.3975460079948, "mae": 28.494692741760186, "r2": -0.1505301454889787, "kendalltau": 0.21885543310537578, "pearsonr": 0.3409669306618753, "spearmanr": 0.3220505651951417}, "total_time": 8.0257, "epochs": 20}