{"arquitecture": "D", "trainable_params": 18625, "non_trainable_params": 0, "train_metrics": {"mse": 1395.598973937466, "mae": 29.551701457150077, "r2_score": -0.25526862197759415, "kendalltau": 0.2327052110539991, "pearsonr": 0.3714470935431353, "spearmanr": 0.3447466982444029}, "test_metrics": {"mse": 1417.7626836057711, "mae": 29.109962521919183, "r2": -0.24100863668827244, "kendalltau": 0.22939899821208454, "pearsonr": 0.36321348229384715, "spearmanr": 0.3369314516930934}, "total_time": 7.4455, "epochs": 20}