{"arquitecture": "D", "trainable_params": 18945, "non_trainable_params": 0, "train_metrics": {"mse": 1041.0617200901734, "mae": 26.715314564720874, "r2_score": 0.06361918059867311, "kendalltau": 0.27808413262901316, "pearsonr": 0.41422010964524314, "spearmanr": 0.4045971075726016}, "test_metrics": {"mse": 1085.033157313584, "mae": 27.212104200252465, "r2": 0.0502391303637062, "kendalltau": 0.2570589357744775, "pearsonr": 0.3840329728578192, "spearmanr": 0.3770217563208716}, "total_time": 7.0368, "epochs": 20}