{"arquitecture": "D", "trainable_params": 19649, "non_trainable_params": 0, "train_metrics": {"mse": 1088.1875108466165, "mae": 27.99303597705452, "r2_score": 0.021231985188556957, "kendalltau": 0.20724361793307125, "pearsonr": 0.2850172943585762, "spearmanr": 0.3055520445023272}, "test_metrics": {"mse": 1100.2630038862176, "mae": 28.30410239526204, "r2": 0.03690800566235164, "kendalltau": 0.25311324593188134, "pearsonr": 0.33580032081704264, "spearmanr": 0.37035844235564097}, "total_time": 7.9865, "epochs": 20}