{"arquitecture": "D", "trainable_params": 18625, "non_trainable_params": 0, "train_metrics": {"mse": 977.3804095482775, "mae": 27.538263256096737, "r2_score": 0.1208972041731119, "kendalltau": 0.2678591298898827, "pearsonr": 0.38901333005696703, "spearmanr": 0.3893028042474636}, "test_metrics": {"mse": 997.3099442337945, "mae": 27.87543711066246, "r2": 0.12702579313098217, "kendalltau": 0.2836359394029432, "pearsonr": 0.39423273024156835, "spearmanr": 0.41485371835343055}, "total_time": 7.8551, "epochs": 20}