{"arquitecture": "A", "trainable_params": 67345, "non_trainable_params": 0, "train_metrics": {"mse": null, "mae": null, "r2_score": null, "kendalltau": null, "pearsonr": null, "spearmanr": null}, "test_metrics": {"mse": 1145.359087116071, "mae": 30.01268262522561, "r2": -0.0025658988325296672, "kendalltau": -0.04727525103989745, "pearsonr": -0.07824952517077602, "spearmanr": -0.057577495776616174}, "total_time": 6.4496, "epochs": 20}