{"arquitecture": "A", "trainable_params": 132881, "non_trainable_params": 0, "train_metrics": {"mse": 1112.4573611509352, "mae": 29.22577821905959, "r2_score": -0.0005974816683522732, "kendalltau": 0.10456387982189526, "pearsonr": 0.12456223513689899, "spearmanr": 0.1405593339167641}, "test_metrics": {"mse": 1142.9396035318107, "mae": 30.060580913509643, "r2": -0.0004480549513832255, "kendalltau": 0.12880643046160425, "pearsonr": 0.1357656167683985, "spearmanr": 0.17259409124652997}, "total_time": 6.8375, "epochs": 20}