{"arquitecture": "A", "trainable_params": 67345, "non_trainable_params": 0, "train_metrics": {"mse": 1112.254154050398, "mae": 29.237476160789917, "r2_score": -0.00041470746040950246, "kendalltau": -0.05967934989107395, "pearsonr": -0.0940084797737261, "spearmanr": -0.0740845634069037}, "test_metrics": {"mse": 1142.763619029079, "mae": 30.069421585117066, "r2": -0.00029401063187983745, "kendalltau": -0.08678298945001899, "pearsonr": -0.12792019614106998, "spearmanr": -0.1089509353777318}, "total_time": 8.4232, "epochs": 20}