{"arquitecture": "D", "trainable_params": 19649, "non_trainable_params": 0, "train_metrics": {"mse": 1128.3643424131883, "mae": 29.076811391009617, "r2_score": -0.01490498319406397, "kendalltau": -0.03417709978027132, "pearsonr": -0.01716911877522881, "spearmanr": -0.05011331648319994}, "test_metrics": {"mse": 1158.2747621225026, "mae": 29.92536569918905, "r2": -0.013871362304650248, "kendalltau": -0.027143640056205304, "pearsonr": -0.0247682303634004, "spearmanr": -0.04383713516086524}, "total_time": 10.869, "epochs": 20}