{"arquitecture": "C", "trainable_params": 20161, "non_trainable_params": 0, "train_metrics": {"mse": 1155.2169834019094, "mae": 28.944025031455457, "r2_score": -0.03905753581114646, "kendalltau": 0.1124686821639708, "pearsonr": 0.1395976606955019, "spearmanr": 0.16653443254770375}, "test_metrics": {"mse": 1180.8956667580792, "mae": 29.656554039035523, "r2": -0.03367209365910773, "kendalltau": 0.12733012693039733, "pearsonr": 0.15415568068983265, "spearmanr": 0.19055799383952648}, "total_time": 8.1624, "epochs": 20}