{"arquitecture": "B", "trainable_params": 132881, "non_trainable_params": 0, "train_metrics": {"mse": 1112.5059661109433, "mae": 29.223292042616738, "r2_score": -0.0006411992994985738, "kendalltau": 0.15048772332649615, "pearsonr": 0.23086595128002751, "spearmanr": 0.21690229401475744}, "test_metrics": {"mse": 1142.9824561459102, "mae": 30.05870407819748, "r2": -0.0004855650825337232, "kendalltau": 0.18343293797832808, "pearsonr": 0.25875797952913676, "spearmanr": 0.26030656672532754}, "total_time": 6.4296, "epochs": 20}