{"arquitecture": "D", "trainable_params": 18945, "non_trainable_params": 0, "train_metrics": {"mse": 1030.8584921378244, "mae": 26.30646439657764, "r2_score": 0.07279645296032644, "kendalltau": 0.3080541271379379, "pearsonr": 0.4519835885748266, "spearmanr": 0.445918519515493}, "test_metrics": {"mse": 1096.3166362930892, "mae": 27.0181421403374, "r2": 0.040362375228747305, "kendalltau": 0.2640127754335384, "pearsonr": 0.39559993254988135, "spearmanr": 0.38765952802421155}, "total_time": 7.5986, "epochs": 20}