{"arquitecture": "A", "trainable_params": 91921, "non_trainable_params": 0, "train_metrics": {"mse": 1033.3042494908896, "mae": 28.027007860336195, "r2_score": 0.07059662154771662, "kendalltau": 0.2678921138554352, "pearsonr": 0.3532027515768741, "spearmanr": 0.3500931736677488}, "test_metrics": {"mse": 1066.3103744393898, "mae": 28.88080142225538, "r2": 0.0666277231221366, "kendalltau": 0.27319115076752687, "pearsonr": 0.3410516807974624, "spearmanr": 0.35650108020483207}, "total_time": 6.6707, "epochs": 20}