{"arquitecture": "B", "trainable_params": 165649, "non_trainable_params": 0, "train_metrics": {"mse": 1112.189254717448, "mae": 29.241683359178076, "r2_score": -0.00035633388908928865, "kendalltau": 0.07663675115808473, "pearsonr": 0.12235298678258547, "spearmanr": 0.10757427865356918}, "test_metrics": {"mse": 1142.7084727642352, "mae": 30.07259710771697, "r2": -0.0002457395130646134, "kendalltau": 0.07491223756399447, "pearsonr": 0.1156340551800779, "spearmanr": 0.10562525792488715}, "total_time": 5.3571, "epochs": 20}