{"arquitecture": "C", "trainable_params": 18625, "non_trainable_params": 0, "train_metrics": {"mse": 1392.0033155320962, "mae": 29.350409544729743, "r2_score": -0.25203451443244673, "kendalltau": 0.2204932677195046, "pearsonr": 0.35672133275772905, "spearmanr": 0.3279094116151963}, "test_metrics": {"mse": 1433.5331236715476, "mae": 29.36986826679536, "r2": -0.25481295849213614, "kendalltau": 0.21517546316323394, "pearsonr": 0.3386183394368291, "spearmanr": 0.3212049786632381}, "total_time": 9.3851, "epochs": 20}