{"arquitecture": "C", "trainable_params": 19649, "non_trainable_params": 0, "train_metrics": {"mse": 1087.6371176218352, "mae": 28.854672057141293, "r2_score": 0.021727035240699077, "kendalltau": 0.09308673503690382, "pearsonr": 0.150423888095756, "spearmanr": 0.13901212149091838}, "test_metrics": {"mse": 1132.879690425166, "mae": 29.756240708487375, "r2": 0.00835767762575601, "kendalltau": 0.04885485981090051, "pearsonr": 0.10089226729394707, "spearmanr": 0.0722924807125408}, "total_time": 8.7898, "epochs": 20}