{"arquitecture": "D", "trainable_params": 18625, "non_trainable_params": 0, "train_metrics": {"mse": 1266.561812216473, "mae": 28.09749604823659, "r2_score": -0.13920641270237533, "kendalltau": 0.22619143733969774, "pearsonr": 0.35636167291289195, "spearmanr": 0.3361685091646224}, "test_metrics": {"mse": 1294.3667187579474, "mae": 27.864106579550675, "r2": -0.13299658369844147, "kendalltau": 0.23134426842673173, "pearsonr": 0.3496943685239097, "spearmanr": 0.3428612516456439}, "total_time": 10.0947, "epochs": 20}