{"arquitecture": "D", "trainable_params": 18625, "non_trainable_params": 0, "train_metrics": {"mse": 1437.2185853182082, "mae": 29.704264090242656, "r2_score": -0.2927032956917408, "kendalltau": 0.23985580107228777, "pearsonr": 0.38389228990775065, "spearmanr": 0.354110971127183}, "test_metrics": {"mse": 1476.7178574096874, "mae": 29.468788140586444, "r2": -0.2926138035572734, "kendalltau": 0.23696950858352075, "pearsonr": 0.3729369079970278, "spearmanr": 0.34846042306827835}, "total_time": 8.3419, "epochs": 20}