{"arquitecture": "D", "trainable_params": 19649, "non_trainable_params": 0, "train_metrics": {"mse": 1084.0501472610529, "mae": 28.062100627309345, "r2_score": 0.02495332834204045, "kendalltau": 0.20017739897697204, "pearsonr": 0.30759862938581056, "spearmanr": 0.29714302462131653}, "test_metrics": {"mse": 1116.1856436257997, "mae": 28.782977736421994, "r2": 0.022970459086896766, "kendalltau": 0.19730705325343362, "pearsonr": 0.3005454676076895, "spearmanr": 0.2936104471101581}, "total_time": 7.7559, "epochs": 20}