{"arquitecture": "A", "trainable_params": 67345, "non_trainable_params": 0, "train_metrics": {"mse": 1112.542794412129, "mae": 29.221465560452913, "r2_score": -0.0006743244391287373, "kendalltau": 0.000683708642625351, "pearsonr": -0.004957673479088241, "spearmanr": 0.000851171444912159}, "test_metrics": {"mse": 1143.0150832779132, "mae": 30.057326282773698, "r2": -0.0005141245537867434, "kendalltau": -0.012633040109150525, "pearsonr": -0.01588889336380769, "spearmanr": -0.015436668323210194}, "total_time": 6.8543, "epochs": 20}