{"arquitecture": "C", "trainable_params": 18625, "non_trainable_params": 0, "train_metrics": {"mse": 1187.5289081070798, "mae": 27.659179161586735, "r2_score": -0.06812042992009593, "kendalltau": 0.23858954115668926, "pearsonr": 0.38593914712942234, "spearmanr": 0.3537222457563235}, "test_metrics": {"mse": 1239.5820747436098, "mae": 27.828076573354856, "r2": -0.08504200204252399, "kendalltau": 0.22725597485927668, "pearsonr": 0.35790887046125386, "spearmanr": 0.33649125042614636}, "total_time": 9.2002, "epochs": 20}