{"arquitecture": "D", "trainable_params": 18625, "non_trainable_params": 0, "train_metrics": {"mse": 1112.137929784176, "mae": 29.345172074949303, "r2_score": -0.0003101697835945494, "kendalltau": -0.01067767799038409, "pearsonr": -0.04074493262804214, "spearmanr": -0.015645027076025365}, "test_metrics": {"mse": 1142.9095196277947, "mae": 30.151341097695486, "r2": -0.00042172164106224486, "kendalltau": -0.026048395448078434, "pearsonr": -0.05300638186151955, "spearmanr": -0.03982058981930679}, "total_time": 7.8565, "epochs": 20}