{"arquitecture": "A", "trainable_params": 91921, "non_trainable_params": 0, "train_metrics": {"mse": 1085.3952726426583, "mae": 28.820618353259796, "r2_score": 0.023743458088703262, "kendalltau": 0.23409904449006977, "pearsonr": 0.3049189177967069, "spearmanr": 0.29994750526705566}, "test_metrics": {"mse": 1115.4080460390421, "mae": 29.675491686378205, "r2": 0.023651112719689338, "kendalltau": 0.25011071816926633, "pearsonr": 0.3095032882245325, "spearmanr": 0.31902928261753905}, "total_time": 6.5938, "epochs": 20}