{"arquitecture": "A", "trainable_params": 165649, "non_trainable_params": 0, "train_metrics": {"mse": 1112.4067817722398, "mae": 29.228530458310622, "r2_score": -0.0005519881503854851, "kendalltau": 0.058962531918501565, "pearsonr": 0.07634900569780231, "spearmanr": 0.07286188364069375}, "test_metrics": {"mse": 1142.895470668049, "mae": 30.06266329543931, "r2": -0.00040942418071665543, "kendalltau": 0.06754808136112421, "pearsonr": 0.07100034503132002, "spearmanr": 0.08332972126398877}, "total_time": 7.1132, "epochs": 20}