{"arquitecture": "C", "trainable_params": 19649, "non_trainable_params": 0, "train_metrics": {"mse": 1024.5508508489493, "mae": 27.94468832860557, "r2_score": 0.07846984792297573, "kendalltau": 0.1977568060180998, "pearsonr": 0.3051085197874147, "spearmanr": 0.294170798629409}, "test_metrics": {"mse": 1052.3516208200906, "mae": 28.674204413379943, "r2": 0.07884622343905623, "kendalltau": 0.20154854449464885, "pearsonr": 0.3093397817733404, "spearmanr": 0.29786910273865996}, "total_time": 7.0329, "epochs": 20}