{"arquitecture": "B", "trainable_params": 67345, "non_trainable_params": 0, "train_metrics": {"mse": 1112.9131500478268, "mae": 29.206953542662784, "r2_score": -0.0010074400526722815, "kendalltau": -0.012140586309850203, "pearsonr": -0.02021430917362195, "spearmanr": -0.01479328005158303}, "test_metrics": {"mse": null, "mae": null, "r2_score": null, "kendalltau": null, "pearsonr": null, "spearmanr": null}, "total_time": 5.1123, "epochs": 20}