{"arquitecture": "C", "trainable_params": 19649, "non_trainable_params": 0, "train_metrics": {"mse": 1049.3152268219317, "mae": 28.003017991624304, "r2_score": 0.05619558097217936, "kendalltau": 0.1967509394096125, "pearsonr": 0.2689255690281843, "spearmanr": 0.2912348904665152}, "test_metrics": {"mse": 1060.5340442321672, "mae": 28.383010664156505, "r2": 0.07168391183299683, "kendalltau": 0.24030855487979655, "pearsonr": 0.31771232566946206, "spearmanr": 0.3532787489208026}, "total_time": 8.0024, "epochs": 20}