{"arquitecture": "C", "trainable_params": 18945, "non_trainable_params": 0, "train_metrics": {"mse": 1013.9023337723467, "mae": 26.632851846712295, "r2_score": 0.08804763467008092, "kendalltau": 0.2515125461745591, "pearsonr": 0.3892791474203575, "spearmanr": 0.36964279236356734}, "test_metrics": {"mse": 1068.7639312297567, "mae": 27.280736199447087, "r2": 0.06448005397929613, "kendalltau": 0.22883747691301112, "pearsonr": 0.35043690500525687, "spearmanr": 0.3362942691617674}, "total_time": 7.9074, "epochs": 20}