{"arquitecture": "B", "trainable_params": 165649, "non_trainable_params": 0, "train_metrics": {"mse": 1112.3695247554524, "mae": 29.230598183098223, "r2_score": -0.0005184774033906159, "kendalltau": 0.025379536229353458, "pearsonr": 0.03537151860353365, "spearmanr": 0.0359880384611191}, "test_metrics": {"mse": 1142.8629590155113, "mae": 30.064224187816894, "r2": -0.0003809657919757736, "kendalltau": 0.04996793932643443, "pearsonr": 0.07802607849157406, "spearmanr": 0.07323592748757013}, "total_time": 6.0651, "epochs": 20}