{"arquitecture": "D", "trainable_params": 18945, "non_trainable_params": 0, "train_metrics": {"mse": 1056.235841156506, "mae": 27.001016120125428, "r2_score": 0.04997084866638679, "kendalltau": 0.24907074495588982, "pearsonr": 0.385923119423991, "spearmanr": 0.3661969067532407}, "test_metrics": {"mse": 1101.7668448228674, "mae": 27.447824665478297, "r2": 0.035591650243939066, "kendalltau": 0.2390351047908265, "pearsonr": 0.3558959864947674, "spearmanr": 0.3517243235166627}, "total_time": 6.9385, "epochs": 20}