{"arquitecture": "A", "trainable_params": 67345, "non_trainable_params": 0, "train_metrics": {"mse": 1112.2616657105941, "mae": 29.237002473633048, "r2_score": -0.0004214638076975863, "kendalltau": 0.04790692944198819, "pearsonr": 0.05273091947010308, "spearmanr": 0.05854661346114483}, "test_metrics": {"mse": 1142.7700208814053, "mae": 30.069063425064087, "r2": -0.0002996143581730504, "kendalltau": 0.07469732064258869, "pearsonr": 0.09305183482291678, "spearmanr": 0.09125314395809168}, "total_time": 6.7961, "epochs": 20}