{"arquitecture": "D", "trainable_params": 18625, "non_trainable_params": 0, "train_metrics": {"mse": 1111.7761298892794, "mae": 29.344363667737817, "r2_score": 1.5250386511511671e-05, "kendalltau": 0.058352249994001855, "pearsonr": 0.05794310993860325, "spearmanr": 0.08667496878854013}, "test_metrics": {"mse": 1142.4239234826225, "mae": 30.144685536623, "r2": 3.3346938729250653e-06, "kendalltau": 0.06453063185684102, "pearsonr": 0.07885671409284357, "spearmanr": 0.0954416120141123}, "total_time": 8.5544, "epochs": 20}