{"arquitecture": "A", "trainable_params": 132881, "non_trainable_params": 0, "train_metrics": {"mse": 1112.4291329699493, "mae": 29.22731733892796, "r2_score": -0.0005720918891185534, "kendalltau": 0.11016185519694088, "pearsonr": 0.14195921999787314, "spearmanr": 0.13823541269675335}, "test_metrics": {"mse": 1142.914991530439, "mae": 30.061746426991053, "r2": -0.0004265113555319555, "kendalltau": 0.13984622275599046, "pearsonr": 0.18223320847618918, "spearmanr": 0.1770171417871586}, "total_time": 7.2027, "epochs": 20}