{"arquitecture": "D", "trainable_params": 19649, "non_trainable_params": 0, "train_metrics": {"mse": 1038.9291972688654, "mae": 28.073548639716574, "r2_score": 0.06553727385700103, "kendalltau": 0.198435600003785, "pearsonr": 0.27254140439965213, "spearmanr": 0.2942120595066479}, "test_metrics": {"mse": 1056.3507854272923, "mae": 28.53624322584697, "r2": 0.07534563912091552, "kendalltau": 0.23668373435095658, "pearsonr": 0.30265005572093223, "spearmanr": 0.3451829254329692}, "total_time": 11.7039, "epochs": 20}