{"arquitecture": "B", "trainable_params": 91921, "non_trainable_params": 0, "train_metrics": {"mse": 1088.3464463008715, "mae": 28.789487065396965, "r2_score": 0.021089031021656712, "kendalltau": 0.2720070798147892, "pearsonr": 0.36252510750092987, "spearmanr": 0.3534669218818101}, "test_metrics": {"mse": 1118.7801409293934, "mae": 29.626798391342163, "r2": 0.02069942064100172, "kendalltau": 0.278355857213844, "pearsonr": 0.36002200852077676, "spearmanr": 0.3614552823188993}, "total_time": 5.1549, "epochs": 20}