{"arquitecture": "D", "trainable_params": 18945, "non_trainable_params": 0, "train_metrics": {"mse": 964.6524502216616, "mae": 26.084785570991045, "r2_score": 0.1323453409680475, "kendalltau": 0.3018496149129071, "pearsonr": 0.44390845753207797, "spearmanr": 0.43750018998116297}, "test_metrics": {"mse": 1030.5666231022035, "mae": 27.053336737411364, "r2": 0.09791526131877648, "kendalltau": 0.2575552804941942, "pearsonr": 0.3811847608677281, "spearmanr": 0.37708459534486194}, "total_time": 7.0602, "epochs": 20}