{"arquitecture": "A", "trainable_params": 67345, "non_trainable_params": 0, "train_metrics": {"mse": 1113.8338258691267, "mae": 29.18593198959767, "r2_score": -0.0018355400234184582, "kendalltau": 0.004666592381683134, "pearsonr": -0.026269083904465043, "spearmanr": 0.005699534990260962}, "test_metrics": {"mse": null, "mae": null, "r2_score": null, "kendalltau": null, "pearsonr": null, "spearmanr": null}, "total_time": 6.7461, "epochs": 20}