{"arquitecture": "D", "trainable_params": 20161, "non_trainable_params": 0, "train_metrics": {"mse": 1108.335956051357, "mae": 28.95974593575689, "r2_score": 0.0031095076577881686, "kendalltau": 0.10587050441337088, "pearsonr": 0.12799300427407298, "spearmanr": 0.15680208442746343}, "test_metrics": {"mse": 1135.1640537172073, "mae": 29.68695079428809, "r2": 0.006358108440067678, "kendalltau": 0.1284458107192236, "pearsonr": 0.14155125367769675, "spearmanr": 0.19295939133453008}, "total_time": 8.9758, "epochs": 20}