{"arquitecture": "B", "trainable_params": 132881, "non_trainable_params": 0, "train_metrics": {"mse": 1112.647302621115, "mae": 29.216448002765485, "r2_score": -0.0007683241323992451, "kendalltau": 0.0510925557073961, "pearsonr": 0.0850688367001385, "spearmanr": 0.07492420785545706}, "test_metrics": {"mse": 1143.1080757669579, "mae": 30.053536308663233, "r2": -0.0005955235660375369, "kendalltau": 0.016801630695587946, "pearsonr": 0.04205592746838435, "spearmanr": 0.02445989279043609}, "total_time": 5.3541, "epochs": 20}