{"arquitecture": "C", "trainable_params": 18625, "non_trainable_params": 0, "train_metrics": {"mse": 1857.9527243173768, "mae": 33.49245606865707, "r2_score": -0.6711317502429552, "kendalltau": 0.2193016563142143, "pearsonr": 0.36201561888844935, "spearmanr": 0.32614155404654316}, "test_metrics": {"mse": 1900.5143671990913, "mae": 33.438132115772795, "r2": -0.6635751322257601, "kendalltau": 0.2094198698477315, "pearsonr": 0.3362520592672617, "spearmanr": 0.3105566879091546}, "total_time": 7.6194, "epochs": 20}