{"arquitecture": "C", "trainable_params": 18945, "non_trainable_params": 0, "train_metrics": {"mse": 948.3189541123099, "mae": 25.903634460991565, "r2_score": 0.14703647039430134, "kendalltau": 0.3157972973059572, "pearsonr": 0.46542224041091146, "spearmanr": 0.4595813776449798}, "test_metrics": {"mse": 1050.4615121455192, "mae": 27.30988284839051, "r2": 0.08050069016790029, "kendalltau": 0.24763339968288814, "pearsonr": 0.3674631931279944, "spearmanr": 0.36499248354334746}, "total_time": 7.3037, "epochs": 20}