{"arquitecture": "D", "trainable_params": 20161, "non_trainable_params": 0, "train_metrics": {"mse": 1228.543237130765, "mae": 28.3059280545247, "r2_score": -0.10501068366515476, "kendalltau": 0.26141355358006046, "pearsonr": 0.39661575465518767, "spearmanr": 0.38324757598670106}, "test_metrics": {"mse": 1282.8476709523807, "mae": 28.910736755600997, "r2": -0.12291362836435371, "kendalltau": 0.2394462185990767, "pearsonr": 0.36297311763006535, "spearmanr": 0.3557921847529295}, "total_time": 8.8895, "epochs": 20}