{"arquitecture": "B", "trainable_params": 132881, "non_trainable_params": 0, "train_metrics": {"mse": 1112.3326673492522, "mae": 29.232724987302117, "r2_score": -0.000485326085315263, "kendalltau": -0.09020390741410923, "pearsonr": -0.12625708299276298, "spearmanr": -0.1275144003357866}, "test_metrics": {"mse": 1142.8310982930716, "mae": 30.065832542521612, "r2": -0.0003530771811552924, "kendalltau": -0.07329462205413381, "pearsonr": -0.12185204035912593, "spearmanr": -0.1059838949412958}, "total_time": 5.629, "epochs": 20}