{"arquitecture": "A", "trainable_params": 132881, "non_trainable_params": 0, "train_metrics": {"mse": 1112.3554221899274, "mae": 29.231400743176803, "r2_score": -0.0005057928798823941, "kendalltau": 0.14692943009791096, "pearsonr": 0.1797809114887804, "spearmanr": 0.17950491913691258}, "test_metrics": {"mse": 1142.8507690738072, "mae": 30.06483152082988, "r2": -0.0003702955838298383, "kendalltau": 0.20496555597683558, "pearsonr": 0.2437668064328253, "spearmanr": 0.2506630184436992}, "total_time": 7.2952, "epochs": 20}