{"arquitecture": "B", "trainable_params": 91921, "non_trainable_params": 0, "train_metrics": {"mse": 1094.985193760893, "mae": 28.958897913398214, "r2_score": 0.015117823295495159, "kendalltau": 0.2779015606845525, "pearsonr": 0.345417921941306, "spearmanr": 0.3395790184259843}, "test_metrics": {"mse": 1126.5687432095365, "mae": 29.820929450648173, "r2": 0.013881832049372989, "kendalltau": 0.26479081082718103, "pearsonr": 0.31767031787696376, "spearmanr": 0.3231633426040187}, "total_time": 5.2536, "epochs": 20}