{"arquitecture": "A", "trainable_params": 91921, "non_trainable_params": 0, "train_metrics": {"mse": 1090.0173053995668, "mae": 28.864165375026122, "r2_score": 0.01958618024754033, "kendalltau": 0.242957152477672, "pearsonr": 0.3092759116810334, "spearmanr": 0.3163624900008089}, "test_metrics": {"mse": 1120.3969169562663, "mae": 29.712126599890844, "r2": 0.019284209875376934, "kendalltau": 0.25612207828550415, "pearsonr": 0.31916487716594766, "spearmanr": 0.32949083099321963}, "total_time": 6.7408, "epochs": 20}