{"arquitecture": "A", "trainable_params": 91921, "non_trainable_params": 0, "train_metrics": {"mse": 1093.8584388408508, "mae": 28.958925770366516, "r2_score": 0.016131280687053384, "kendalltau": 0.26969811100352364, "pearsonr": 0.31069270632690876, "spearmanr": 0.3394922080772021}, "test_metrics": {"mse": 1124.4954795186538, "mae": 29.80589017697743, "r2": 0.015696619655415578, "kendalltau": 0.28228862065065913, "pearsonr": 0.3409451876140132, "spearmanr": 0.35522196581156285}, "total_time": 7.4401, "epochs": 20}