{"arquitecture": "C", "trainable_params": 19649, "non_trainable_params": 0, "train_metrics": {"mse": 1071.6762406326534, "mae": 28.485564929894593, "r2_score": 0.03608301316696383, "kendalltau": 0.16150577542518588, "pearsonr": 0.22140746304943754, "spearmanr": 0.2392974291805788}, "test_metrics": {"mse": 1086.102126667796, "mae": 28.87905274970191, "r2": 0.04930343060501441, "kendalltau": 0.2128391334724464, "pearsonr": 0.2697882549227467, "spearmanr": 0.31197813616190323}, "total_time": 8.1036, "epochs": 20}