{"arquitecture": "D", "trainable_params": 18625, "non_trainable_params": 0, "train_metrics": {"mse": 1611.2976015831266, "mae": 31.26703821203251, "r2_score": -0.4492783082439289, "kendalltau": 0.19840334446724447, "pearsonr": 0.33866826697004015, "spearmanr": 0.29683115363692913}, "test_metrics": {"mse": 1657.3670088411168, "mae": 31.343354270926543, "r2": -0.45074122483107937, "kendalltau": 0.1762399773721258, "pearsonr": 0.3093982601982727, "spearmanr": 0.2646228295347247}, "total_time": 7.1002, "epochs": 20}