{"arquitecture": "C", "trainable_params": 18625, "non_trainable_params": 0, "train_metrics": {"mse": 1068.0569492803445, "mae": 26.851937474332512, "r2_score": 0.03933837731754797, "kendalltau": 0.2417422887340273, "pearsonr": 0.3760581703392141, "spearmanr": 0.3572954452033944}, "test_metrics": {"mse": 1133.4175061562812, "mae": 27.32363477775029, "r2": 0.007886911978600364, "kendalltau": 0.20798598510188332, "pearsonr": 0.33417116972114846, "spearmanr": 0.3096926492438292}, "total_time": 7.315, "epochs": 20}