{"arquitecture": "A", "trainable_params": 18193, "non_trainable_params": 0, "train_metrics": {"mse": 1112.120319053725, "mae": 29.246642363362476, "r2_score": -0.00029432984837085563, "kendalltau": -0.004953691687240369, "pearsonr": -0.0096604148060001, "spearmanr": -0.00613560765660597}, "test_metrics": {"mse": 1142.6510604783107, "mae": 30.076346261160715, "r2": -0.000195484880531005, "kendalltau": 0.006220882905211959, "pearsonr": -0.021478307934038723, "spearmanr": 0.007545584127446319}, "total_time": 6.3039, "epochs": 20}