{"arquitecture": "C", "trainable_params": 18625, "non_trainable_params": 0, "train_metrics": {"mse": 1344.2465085318684, "mae": 29.03951746473591, "r2_score": -0.20907975276184088, "kendalltau": 0.22777933096020442, "pearsonr": 0.36339900127804337, "spearmanr": 0.3375744324186304}, "test_metrics": {"mse": 1401.7979227922006, "mae": 29.29831371030637, "r2": -0.22703422031986098, "kendalltau": 0.20455669431111353, "pearsonr": 0.3254615257456647, "spearmanr": 0.30342428767868446}, "total_time": 7.0669, "epochs": 20}