{"arquitecture": "A", "trainable_params": 132881, "non_trainable_params": 0, "train_metrics": {"mse": 1112.315302244767, "mae": 29.233737317382463, "r2_score": -0.00046970707786075927, "kendalltau": -0.0728075374881377, "pearsonr": -0.0832180467668103, "spearmanr": -0.08903361084236545}, "test_metrics": {"mse": 1142.8160822162922, "mae": 30.066596933773585, "r2": -0.00033993317532998724, "kendalltau": -0.06079094153898771, "pearsonr": -0.08470552674817576, "spearmanr": -0.07418394111102426}, "total_time": 8.1549, "epochs": 20}