{"arquitecture": "B", "trainable_params": 132881, "non_trainable_params": 0, "train_metrics": {"mse": 1112.375011258141, "mae": 29.230276384440376, "r2_score": -0.0005234122269310859, "kendalltau": 0.13692904884679288, "pearsonr": 0.19914374741700616, "spearmanr": 0.19714827072329066}, "test_metrics": {"mse": 1142.8676814176492, "mae": 30.063980013132095, "r2": -0.00038509944699915977, "kendalltau": 0.18961857241800362, "pearsonr": 0.26046039486639755, "spearmanr": 0.269605708869482}, "total_time": 5.7953, "epochs": 20}