{"arquitecture": "B", "trainable_params": 132881, "non_trainable_params": 0, "train_metrics": {"mse": 1112.176490509429, "mae": 29.242581228253485, "r2_score": -0.0003448531484826489, "kendalltau": 0.10290315780846918, "pearsonr": 0.15405185628189125, "spearmanr": 0.1492321682167927}, "test_metrics": {"mse": 1142.6977001437212, "mae": 30.073275199958257, "r2": -0.00023630992710343968, "kendalltau": 0.1541005506168988, "pearsonr": 0.21672430700256362, "spearmanr": 0.22172800622268238}, "total_time": 5.718, "epochs": 20}