{"arquitecture": "C", "trainable_params": 18945, "non_trainable_params": 0, "train_metrics": {"mse": 917.2728379399085, "mae": 25.65855677428001, "r2_score": 0.17496083562619547, "kendalltau": 0.30288586978227827, "pearsonr": 0.44444272771208465, "spearmanr": 0.438973475125434}, "test_metrics": {"mse": 974.786407071315, "mae": 26.627460464835167, "r2": 0.14674129592325247, "kendalltau": 0.2665295941133139, "pearsonr": 0.4022776057500895, "spearmanr": 0.38999025269976595}, "total_time": 8.6549, "epochs": 20}