{"arquitecture": "A", "trainable_params": 91921, "non_trainable_params": 0, "train_metrics": {"mse": 1096.4017874996346, "mae": 28.995632719457177, "r2_score": 0.013843670975566713, "kendalltau": 0.27695369423244537, "pearsonr": 0.3407995324112204, "spearmanr": 0.3398633593058481}, "test_metrics": {"mse": 1127.036492207243, "mae": 29.83526154926845, "r2": 0.013472397838225736, "kendalltau": 0.28461417122480737, "pearsonr": 0.34443824462178485, "spearmanr": 0.34849717387085966}, "total_time": 6.7127, "epochs": 20}