{"arquitecture": "B", "trainable_params": 91921, "non_trainable_params": 0, "train_metrics": {"mse": 1085.9015159333203, "mae": 28.6684093667081, "r2_score": 0.023288118603849717, "kendalltau": 0.26572957859110097, "pearsonr": 0.35118318547750466, "spearmanr": 0.3392500127961021}, "test_metrics": {"mse": 1115.9959438170347, "mae": 29.50340720159667, "r2": 0.023136508810011835, "kendalltau": 0.273045264831403, "pearsonr": 0.344996892481457, "spearmanr": 0.34772180223571286}, "total_time": 5.2416, "epochs": 20}