{"arquitecture": "D", "trainable_params": 18945, "non_trainable_params": 0, "train_metrics": {"mse": 1064.6483495039865, "mae": 26.837966524510364, "r2_score": 0.04240423536419757, "kendalltau": 0.2833635061281667, "pearsonr": 0.42810755909997816, "spearmanr": 0.4135767798835174}, "test_metrics": {"mse": 1135.8144408461965, "mae": 27.67816425221307, "r2": 0.005788805796120289, "kendalltau": 0.24286046864076413, "pearsonr": 0.36153982258162176, "spearmanr": 0.3569704936146988}, "total_time": 8.8318, "epochs": 20}