{"arquitecture": "D", "trainable_params": 19649, "non_trainable_params": 0, "train_metrics": {"mse": 1077.3383099706632, "mae": 29.041182911070756, "r2_score": 0.0309902765655512, "kendalltau": 0.14503929076920608, "pearsonr": 0.20189366526468028, "spearmanr": 0.21453471741497435}, "test_metrics": {"mse": 1088.2518862502352, "mae": 29.405559407813207, "r2": 0.04742168393509549, "kendalltau": 0.20537892192761392, "pearsonr": 0.26095610352791837, "spearmanr": 0.3012848412216484}, "total_time": 8.0059, "epochs": 20}