{"arquitecture": "D", "trainable_params": 18625, "non_trainable_params": 0, "train_metrics": {"mse": 1224.573232132991, "mae": 28.05179907203919, "r2_score": -0.10143987084867656, "kendalltau": 0.23277433004502524, "pearsonr": 0.3735969449601133, "spearmanr": 0.3439866400012567}, "test_metrics": {"mse": 1273.9319822955563, "mae": 28.11130956241063, "r2": -0.11510946850524184, "kendalltau": 0.21930164199481805, "pearsonr": 0.3408649132835047, "spearmanr": 0.32356068712703767}, "total_time": 7.2394, "epochs": 20}