{"arquitecture": "A", "trainable_params": 67345, "non_trainable_params": 0, "train_metrics": {"mse": 1113.7818303439026, "mae": 29.186838530763705, "r2_score": -0.001788772755373813, "kendalltau": 0.0026376391722556843, "pearsonr": -0.03677030312346766, "spearmanr": 0.003220202803740898}, "test_metrics": {"mse": 1144.3210197261908, "mae": 30.032123131411417, "r2": -0.0016572484559878031, "kendalltau": -0.034263621553765264, "pearsonr": -0.045061600298646365, "spearmanr": -0.04172925121952083}, "total_time": 6.7954, "epochs": 20}