{"arquitecture": "B", "trainable_params": 91921, "non_trainable_params": 0, "train_metrics": {"mse": 1084.5252326835057, "mae": 28.81060971980919, "r2_score": 0.02452601373755814, "kendalltau": 0.24714847057336375, "pearsonr": 0.3353012688515222, "spearmanr": 0.3263867084416621}, "test_metrics": {"mse": 1113.7831561421824, "mae": 29.637312987021037, "r2": 0.025073425790126502, "kendalltau": 0.26616525684956627, "pearsonr": 0.34829227281346387, "spearmanr": 0.3491628281429945}, "total_time": 5.2905, "epochs": 20}