{"arquitecture": "C", "trainable_params": 18625, "non_trainable_params": 0, "train_metrics": {"mse": 1115.1941407023746, "mae": 29.157695985742023, "r2_score": -0.0030590723977432788, "kendalltau": 0.01677602453073035, "pearsonr": 0.014801082784081957, "spearmanr": 0.025724592963098144}, "test_metrics": {"mse": 1145.4923755673356, "mae": 30.00541800260544, "r2": -0.0026825700646782025, "kendalltau": 0.009876992584932041, "pearsonr": 0.0018431237812746276, "spearmanr": 0.014535911228656004}, "total_time": 7.9586, "epochs": 20}