{"arquitecture": "B", "trainable_params": 67345, "non_trainable_params": 0, "train_metrics": {"mse": 1112.4557314511942, "mae": 29.22571422929339, "r2_score": -0.0005960158382778413, "kendalltau": 0.20466884279552194, "pearsonr": 0.3279537666702847, "spearmanr": 0.3008106869110151}, "test_metrics": {"mse": 1142.9378726577245, "mae": 30.06052552802222, "r2": -0.0004465398672899301, "kendalltau": 0.21938649159031454, "pearsonr": 0.32084907725606654, "spearmanr": 0.32148958361297164}, "total_time": 8.5791, "epochs": 20}