{"arquitecture": "C", "trainable_params": 25793, "non_trainable_params": 0, "train_metrics": {"mse": 1109.9742076930354, "mae": 28.812633107186734, "r2_score": 0.001635985593709588, "kendalltau": 0.12520406963155548, "pearsonr": 0.1897050693781666, "spearmanr": 0.1860522484675586}, "test_metrics": {"mse": 1138.2175098294163, "mae": 29.604234989200318, "r2": 0.003685330089488792, "kendalltau": 0.14465941788227388, "pearsonr": 0.20416201454216049, "spearmanr": 0.21502135938773195}, "total_time": 12.7759, "epochs": 20}