{"arquitecture": "C", "trainable_params": 18945, "non_trainable_params": 0, "train_metrics": {"mse": 995.9718896942808, "mae": 26.510834519973834, "r2_score": 0.10417513565685699, "kendalltau": 0.25311979348103436, "pearsonr": 0.3857406409697354, "spearmanr": 0.37155919933951315}, "test_metrics": {"mse": 1041.6683647472048, "mae": 27.09718675485679, "r2": 0.08819758612317263, "kendalltau": 0.2444096657962434, "pearsonr": 0.3580637112642554, "spearmanr": 0.3597667843021907}, "total_time": 7.3384, "epochs": 20}