{"arquitecture": "B", "trainable_params": 91921, "non_trainable_params": 0, "train_metrics": {"mse": 1112.4693554497937, "mae": 29.22515906027597, "r2_score": -0.0006082699157508031, "kendalltau": 0.008622597624800781, "pearsonr": 0.013766922880098313, "spearmanr": 0.010506617899689102}, "test_metrics": {"mse": null, "mae": null, "r2_score": null, "kendalltau": null, "pearsonr": null, "spearmanr": null}, "total_time": 5.2462, "epochs": 20}