{"arquitecture": "C", "trainable_params": 18945, "non_trainable_params": 0, "train_metrics": {"mse": 978.3162364440946, "mae": 26.190783507062694, "r2_score": 0.12005547659960436, "kendalltau": 0.30585614322330734, "pearsonr": 0.45458552920280576, "spearmanr": 0.44441875022524885}, "test_metrics": {"mse": 1040.2370113293557, "mae": 26.910499261958257, "r2": 0.08945049112218584, "kendalltau": 0.27363885484622547, "pearsonr": 0.40345870484721286, "spearmanr": 0.3999598436223244}, "total_time": 9.1507, "epochs": 20}