{"arquitecture": "D", "trainable_params": 18625, "non_trainable_params": 0, "train_metrics": {"mse": 1252.4216186586823, "mae": 28.35830116363277, "r2_score": -0.12648804473761088, "kendalltau": 0.2614338284840948, "pearsonr": 0.3849110271960309, "spearmanr": 0.3830379899284573}, "test_metrics": {"mse": 1321.7638818815492, "mae": 28.88581841971193, "r2": -0.15697811209547585, "kendalltau": 0.20706348582483414, "pearsonr": 0.326224528912864, "spearmanr": 0.3057072970725151}, "total_time": 7.8278, "epochs": 20}