{"arquitecture": "D", "trainable_params": 25793, "non_trainable_params": 0, "train_metrics": {"mse": 1085.4667642459838, "mae": 28.798947620528804, "r2_score": 0.023679155113374706, "kendalltau": 0.13387433113681063, "pearsonr": 0.20374494077016406, "spearmanr": 0.19931591006547125}, "test_metrics": {"mse": 1112.6427519771405, "mae": 29.548536202737264, "r2": 0.026071654502517916, "kendalltau": 0.15381942588841419, "pearsonr": 0.21981697844947914, "spearmanr": 0.22593100069534117}, "total_time": 12.9843, "epochs": 20}