{"arquitecture": "A", "trainable_params": 67345, "non_trainable_params": 0, "train_metrics": {"mse": 1112.1772103248877, "mae": 29.242448844197494, "r2_score": -0.0003455005850141468, "kendalltau": 0.18432753198255514, "pearsonr": 0.29923791192224924, "spearmanr": 0.27041702977239845}, "test_metrics": {"mse": 1142.69822449707, "mae": 30.073173578296387, "r2": -0.00023676890873836065, "kendalltau": 0.19635288808557724, "pearsonr": 0.29273261919497673, "spearmanr": 0.2882527502374785}, "total_time": 10.0344, "epochs": 20}