{"arquitecture": "D", "trainable_params": 18945, "non_trainable_params": 0, "train_metrics": {"mse": 1014.436952640896, "mae": 26.54004403767602, "r2_score": 0.08756677283015435, "kendalltau": 0.269100107869957, "pearsonr": 0.4139342449086519, "spearmanr": 0.39424097499759836}, "test_metrics": {"mse": 1082.6655239004906, "mae": 27.28613787463733, "r2": 0.05231158829205851, "kendalltau": 0.2325926506005646, "pearsonr": 0.35927740769706035, "spearmanr": 0.3417501279025813}, "total_time": 7.3654, "epochs": 20}