{"arquitecture": "C", "trainable_params": 19649, "non_trainable_params": 0, "train_metrics": {"mse": 1145.255048935436, "mae": 29.04317525130473, "r2_score": -0.030097294378265138, "kendalltau": 0.0953397073889272, "pearsonr": 0.12906709031675712, "spearmanr": 0.1417829066549871}, "test_metrics": {"mse": 1175.0820926506913, "mae": 29.859802701643535, "r2": -0.028583304286441402, "kendalltau": 0.0715415014367166, "pearsonr": 0.09358418099549527, "spearmanr": 0.10616675714672631}, "total_time": 7.9916, "epochs": 20}