{"arquitecture": "C", "trainable_params": 17793, "non_trainable_params": 0, "train_metrics": {"mse": 943.8189690924985, "mae": 26.250096381823376, "r2_score": 0.1510839726497678, "kendalltau": 0.2682913539804327, "pearsonr": 0.3995940583413994, "spearmanr": 0.39070602226497686}, "test_metrics": {"mse": 968.2246396167, "mae": 26.679564950721605, "r2": 0.15248500054835012, "kendalltau": 0.25689850111759943, "pearsonr": 0.4023701032132797, "spearmanr": 0.3759877695026516}, "total_time": 6.7708, "epochs": 20}