{"arquitecture": "C", "trainable_params": 18945, "non_trainable_params": 0, "train_metrics": {"mse": 959.1292639101803, "mae": 26.144014888998992, "r2_score": 0.13731315951736767, "kendalltau": 0.2876953587278316, "pearsonr": 0.4258759119056577, "spearmanr": 0.4180693472351015}, "test_metrics": {"mse": 1016.8985955686692, "mae": 27.040374138525554, "r2": 0.10987928069363373, "kendalltau": 0.25130835604200247, "pearsonr": 0.38013905451483343, "spearmanr": 0.36921753827066345}, "total_time": 7.347, "epochs": 20}