{"arquitecture": "C", "trainable_params": 18625, "non_trainable_params": 0, "train_metrics": {"mse": 1145.6830506146225, "mae": 29.062236327540653, "r2_score": -0.03048225960686568, "kendalltau": 0.036387796124596986, "pearsonr": 0.033306860286865865, "spearmanr": 0.053154829251559566}, "test_metrics": {"mse": 1175.1540333844298, "mae": 29.867729668106353, "r2": -0.028646276089079326, "kendalltau": 0.049790451852901256, "pearsonr": 0.052291793450472794, "spearmanr": 0.07256920287403404}, "total_time": 8.6577, "epochs": 20}