{"arquitecture": "A", "trainable_params": 91921, "non_trainable_params": 0, "train_metrics": {"mse": 1090.1102318343148, "mae": 28.924037873088714, "r2_score": 0.01950259775724772, "kendalltau": 0.24372236484617926, "pearsonr": 0.294520560343991, "spearmanr": 0.3095841804058706}, "test_metrics": {"mse": 1124.4217017418373, "mae": 29.82036060520581, "r2": 0.015761199474932597, "kendalltau": 0.22744471287345158, "pearsonr": 0.25882531715256796, "spearmanr": 0.2887723732065408}, "total_time": 6.7397, "epochs": 20}