{"arquitecture": "C", "trainable_params": 18625, "non_trainable_params": 0, "train_metrics": {"mse": 1505.857852112825, "mae": 30.41000897693771, "r2_score": -0.3544407428036014, "kendalltau": 0.23372315697909343, "pearsonr": 0.37264604508648935, "spearmanr": 0.34650880812229584}, "test_metrics": {"mse": 1539.0750768560151, "mae": 30.248644748968736, "r2": -0.3471968792635294, "kendalltau": 0.22452579550941174, "pearsonr": 0.3558951082372245, "spearmanr": 0.33009603738219107}, "total_time": 7.1987, "epochs": 20}