{"arquitecture": "D", "trainable_params": 19649, "non_trainable_params": 0, "train_metrics": {"mse": 1110.0030050806436, "mae": 28.664537985853283, "r2_score": 0.0016100838427522968, "kendalltau": 0.09026251107480145, "pearsonr": 0.14440482084260986, "spearmanr": 0.13501280347802314}, "test_metrics": {"mse": 1151.4058259635906, "mae": 29.579835287162236, "r2": -0.007858784038455413, "kendalltau": 0.04662381536368918, "pearsonr": 0.09493075256567333, "spearmanr": 0.06937676835142007}, "total_time": 8.3269, "epochs": 20}