{"arquitecture": "A", "trainable_params": 67345, "non_trainable_params": 0, "train_metrics": {"mse": 1114.222510424656, "mae": 29.177173820849866, "r2_score": -0.0021851415461444645, "kendalltau": 0.00996546320537389, "pearsonr": -0.003297548898347728, "spearmanr": 0.012152669803674616}, "test_metrics": {"mse": 1144.4906189815026, "mae": 30.018493154219218, "r2": -0.0018057035839522673, "kendalltau": -0.030987705947930953, "pearsonr": 0.01569973256306889, "spearmanr": -0.03781189722630503}, "total_time": 9.2106, "epochs": 20}