{"arquitecture": "A", "trainable_params": 132881, "non_trainable_params": 0, "train_metrics": {"mse": 1112.1166799913788, "mae": 29.246911114171798, "r2_score": -0.0002910567012406329, "kendalltau": 0.049097806167207284, "pearsonr": 0.08235745703514728, "spearmanr": 0.06316261947340159}, "test_metrics": {"mse": 1142.6480723010231, "mae": 30.076549261808395, "r2": -0.0001928692426216294, "kendalltau": 0.01973286413968412, "pearsonr": 0.03357793223300562, "spearmanr": 0.02485523359062207}, "total_time": 6.9142, "epochs": 20}