{"arquitecture": "B", "trainable_params": 18193, "non_trainable_params": 0, "train_metrics": {"mse": 1112.3419439068568, "mae": 29.232224936916705, "r2_score": -0.0004936698659419037, "kendalltau": -0.029963484716183982, "pearsonr": -0.014966564761649193, "spearmanr": -0.04375882482253999}, "test_metrics": {"mse": 1142.8389493798006, "mae": 30.065462474312103, "r2": -0.0003599494641903789, "kendalltau": -0.016347764989936273, "pearsonr": -0.015689893433133584, "spearmanr": -0.02374948179112459}, "total_time": 4.9176, "epochs": 20}