{"arquitecture": "C", "trainable_params": 20161, "non_trainable_params": 0, "train_metrics": {"mse": 1093.1119957237306, "mae": 27.190317449756876, "r2_score": 0.01680266741096903, "kendalltau": 0.2768584225214833, "pearsonr": 0.41918642527272415, "spearmanr": 0.40488382051569477}, "test_metrics": {"mse": 1144.2938250197956, "mae": 27.78232420448746, "r2": -0.0016334441438141667, "kendalltau": 0.2589941788230698, "pearsonr": 0.3893035884833796, "spearmanr": 0.38442451534166794}, "total_time": 9.6171, "epochs": 20}