{"arquitecture": "D", "trainable_params": 18625, "non_trainable_params": 0, "train_metrics": {"mse": 1525.923368625688, "mae": 30.56340668588349, "r2_score": -0.3724886302933057, "kendalltau": 0.217613309760083, "pearsonr": 0.35957461709631716, "spearmanr": 0.3241529794575147}, "test_metrics": {"mse": 1562.9048136179943, "mae": 30.491648569703102, "r2": -0.36805573630186816, "kendalltau": 0.22670670412634866, "pearsonr": 0.34785005198785157, "spearmanr": 0.3360260792478832}, "total_time": 8.3641, "epochs": 20}