{"arquitecture": "A", "trainable_params": 91921, "non_trainable_params": 0, "train_metrics": {"mse": 1111.19335631608, "mae": 29.115460813530557, "r2_score": 0.0005394248763299636, "kendalltau": 0.10835829015728857, "pearsonr": 0.11675571960880589, "spearmanr": 0.13775613264031863}, "test_metrics": {"mse": 1140.6365903529427, "mae": 29.95180732011795, "r2": 0.0015678390190472236, "kendalltau": 0.12725272238486765, "pearsonr": 0.16574448820673499, "spearmanr": 0.1607630578127973}, "total_time": 6.6795, "epochs": 20}