{"arquitecture": "D", "trainable_params": 18945, "non_trainable_params": 0, "train_metrics": {"mse": 1043.3342236751369, "mae": 26.6692549042179, "r2_score": 0.061575181930855094, "kendalltau": 0.2697428527919812, "pearsonr": 0.4127614771990818, "spearmanr": 0.39447867531029207}, "test_metrics": {"mse": 1109.2763082814715, "mae": 27.469601986663683, "r2": 0.029018399927234872, "kendalltau": 0.23279820750468969, "pearsonr": 0.35541430892609793, "spearmanr": 0.3425599112895272}, "total_time": 7.318, "epochs": 20}