{"arquitecture": "B", "trainable_params": 91921, "non_trainable_params": 0, "train_metrics": {"mse": 1087.4995987941588, "mae": 28.828991089670666, "r2_score": 0.021850726266944176, "kendalltau": 0.2657756241123572, "pearsonr": 0.34365325812376496, "spearmanr": 0.3408152770579194}, "test_metrics": {"mse": 1116.9478207844347, "mae": 29.63264278003148, "r2": 0.022303303400342145, "kendalltau": 0.2851749446305374, "pearsonr": 0.353881286076279, "spearmanr": 0.36533710981577033}, "total_time": 5.3829, "epochs": 20}