{"arquitecture": "C", "trainable_params": 18625, "non_trainable_params": 0, "train_metrics": {"mse": 1105.3695949169203, "mae": 29.284450300918806, "r2_score": 0.005777595069035635, "kendalltau": 0.13212847549928328, "pearsonr": 0.19504215068161135, "spearmanr": 0.19677564612771273}, "test_metrics": {"mse": 1138.0271397182617, "mae": 30.107761170182908, "r2": 0.0038519665476508536, "kendalltau": 0.09417287166590045, "pearsonr": 0.1502702862645071, "spearmanr": 0.13984587163474624}, "total_time": 8.7694, "epochs": 20}