{"arquitecture": "D", "trainable_params": 18625, "non_trainable_params": 0, "train_metrics": {"mse": 1324.342070912146, "mae": 28.81969194882449, "r2_score": -0.19117674735072687, "kendalltau": 0.23605937941138405, "pearsonr": 0.3736107838634635, "spearmanr": 0.34803229924351975}, "test_metrics": {"mse": 1379.495295589041, "mae": 28.86314798252923, "r2": -0.20751208639716, "kendalltau": 0.22226243993693645, "pearsonr": 0.33807311307048143, "spearmanr": 0.3273224712114739}, "total_time": 7.2158, "epochs": 20}