{"arquitecture": "C", "trainable_params": 19649, "non_trainable_params": 0, "train_metrics": {"mse": 966.804657107892, "mae": 27.064426586467036, "r2_score": 0.13040954291807683, "kendalltau": 0.26506119313314547, "pearsonr": 0.3758099485980845, "spearmanr": 0.3884077040211893}, "test_metrics": {"mse": 993.657980710747, "mae": 27.51766808118139, "r2": 0.13022246230938517, "kendalltau": 0.2745814084553844, "pearsonr": 0.3747629690753785, "spearmanr": 0.3989958531203532}, "total_time": 11.0075, "epochs": 20}