{"arquitecture": "C", "trainable_params": 18945, "non_trainable_params": 0, "train_metrics": {"mse": 1026.961452364263, "mae": 26.630292328194948, "r2_score": 0.07630163735620543, "kendalltau": 0.2737139692230684, "pearsonr": 0.41179656970875067, "spearmanr": 0.40021554594305825}, "test_metrics": {"mse": 1080.7604804406449, "mae": 27.378352450472967, "r2": 0.05397912786992509, "kendalltau": 0.2475581959374765, "pearsonr": 0.37065315916192154, "spearmanr": 0.3645216705187868}, "total_time": 7.9814, "epochs": 20}