{"arquitecture": "A", "trainable_params": 91921, "non_trainable_params": 0, "train_metrics": {"mse": 1091.0012763605027, "mae": 28.93376025085303, "r2_score": 0.018701149593845168, "kendalltau": 0.2576371622830622, "pearsonr": 0.3243294039066673, "spearmanr": 0.31547510802937406}, "test_metrics": {"mse": 1121.8288355994391, "mae": 29.784485195364272, "r2": 0.018030810118308316, "kendalltau": 0.26421613766989, "pearsonr": 0.31641431599709374, "spearmanr": 0.3224291716215099}, "total_time": 6.6225, "epochs": 20}