{"arquitecture": "D", "trainable_params": 18945, "non_trainable_params": 0, "train_metrics": {"mse": 975.4165847843244, "mae": 25.94968898950324, "r2_score": 0.12266356231129383, "kendalltau": 0.30944848758357146, "pearsonr": 0.4584858087220683, "spearmanr": 0.44919976207320483}, "test_metrics": {"mse": 1067.9433400893458, "mae": 27.034460645701206, "r2": 0.06519834111170253, "kendalltau": 0.2503858567649533, "pearsonr": 0.37187237102619264, "spearmanr": 0.36918105943727575}, "total_time": 8.6249, "epochs": 20}