{"arquitecture": "B", "trainable_params": 67345, "non_trainable_params": 0, "train_metrics": {"mse": 1112.2845057270101, "mae": 29.235578547030787, "r2_score": -0.0004420072134094788, "kendalltau": 0.13154529735893233, "pearsonr": 0.15699463472987757, "spearmanr": 0.1862369456180124}, "test_metrics": {"mse": 1142.7895570631135, "mae": 30.067986701216018, "r2": -0.0003167149424303517, "kendalltau": 0.14115883530590803, "pearsonr": 0.1688709904024618, "spearmanr": 0.1986434604578861}, "total_time": 5.1925, "epochs": 20}