{"arquitecture": "C", "trainable_params": 18625, "non_trainable_params": 0, "train_metrics": {"mse": 988.4850203566327, "mae": 27.07926114704576, "r2_score": 0.11090918485859913, "kendalltau": 0.2906007269410969, "pearsonr": 0.41058095929462457, "spearmanr": 0.4214237909323872}, "test_metrics": {"mse": 1016.5701552936864, "mae": 27.53596773956503, "r2": 0.11016677395509633, "kendalltau": 0.3066984213291726, "pearsonr": 0.41339998714169973, "spearmanr": 0.446694009062015}, "total_time": 8.273, "epochs": 20}