{"arquitecture": "D", "trainable_params": 18625, "non_trainable_params": 0, "train_metrics": {"mse": 1116.4726545760843, "mae": 29.00251771115184, "r2_score": -0.004209029067532732, "kendalltau": 0.11329670246111516, "pearsonr": 0.17680310923709716, "spearmanr": 0.16830085977645945}, "test_metrics": {"mse": 1147.4649956797082, "mae": 29.87202646476882, "r2": -0.004409261438818035, "kendalltau": 0.09314246163377256, "pearsonr": 0.1479115480428148, "spearmanr": 0.13840784757164376}, "total_time": 9.1362, "epochs": 20}