{"arquitecture": "B", "trainable_params": 91921, "non_trainable_params": 0, "train_metrics": {"mse": 1091.5756471671154, "mae": 28.921271430527327, "r2_score": 0.018184532955122235, "kendalltau": 0.27597441022672725, "pearsonr": 0.34550075669040586, "spearmanr": 0.34011065266491924}, "test_metrics": {"mse": 1123.5710312918584, "mae": 29.78939581343106, "r2": 0.01650581589600686, "kendalltau": 0.2644991056075317, "pearsonr": 0.3171962037841983, "spearmanr": 0.3257499277638411}, "total_time": 5.3167, "epochs": 20}