{"arquitecture": "B", "trainable_params": 67345, "non_trainable_params": 0, "train_metrics": {"mse": 1112.1454440187733, "mae": 29.244771050744905, "r2_score": -0.0003169284464226152, "kendalltau": 0.0876771265432728, "pearsonr": 0.11558214493781745, "spearmanr": 0.12794614962974135}, "test_metrics": {"mse": 1142.6719608936585, "mae": 30.07493319255965, "r2": -0.00021377961790625122, "kendalltau": 0.04968312491544273, "pearsonr": 0.06893131552804917, "spearmanr": 0.07302339381485853}, "total_time": 5.9172, "epochs": 20}