{"arquitecture": "B", "trainable_params": 132881, "non_trainable_params": 0, "train_metrics": {"mse": 1112.2802783051436, "mae": 29.23461387418799, "r2_score": -0.00043820486752088605, "kendalltau": 0.10454208223321693, "pearsonr": 0.1341789218667724, "spearmanr": 0.14843036346841273}, "test_metrics": {"mse": 1142.7808950414526, "mae": 30.067157089710236, "r2": -0.00030913282462141645, "kendalltau": 0.1229217799478239, "pearsonr": 0.15363647343841225, "spearmanr": 0.1749084956577136}, "total_time": 5.4369, "epochs": 20}