{"r2_value": 0.43744656639367485, "mae": 19.68775731858251, "mse": 638.9395922362763, "kendalltau": 0.46165707912206855, "pearsonr": 0.6634347963002846, "spearmanr": 0.6527229185825253}