{"r2_value": 0.427324508087787, "mae": 20.293490934277465, "mse": 650.4360713619938, "kendalltau": 0.45816152322976084, "pearsonr": 0.6540212964860387, "spearmanr": 0.6501627065796728}