{"r2_value": 0.4118296588346618, "mae": 20.313919370733565, "mse": 668.03488433179, "kendalltau": 0.4541714553959371, "pearsonr": 0.6452682270540312, "spearmanr": 0.6380007049237771}