{"r2_value": 0.46392975760660526, "mae": 19.560859503902737, "mse": 608.8603884062869, "kendalltau": 0.4983941059447722, "pearsonr": 0.6811846091177536, "spearmanr": 0.6889417836807726}