{"r2_value": 0.43092451923423913, "mae": 19.280742015681774, "mse": 646.3472337217814, "kendalltau": 0.4774593276561693, "pearsonr": 0.6672506493812049, "spearmanr": 0.6681374637925349}