{"r2_value": 0.39445603613506997, "mae": 21.294234686543078, "mse": 687.7675794682885, "kendalltau": 0.43471897279197896, "pearsonr": 0.6284935663844546, "spearmanr": 0.6240492717774403}