{"r2_value": 0.3999699506555402, "mae": 20.639159837336543, "mse": 681.504959626561, "kendalltau": 0.4420641609562332, "pearsonr": 0.6327901294705419, "spearmanr": 0.6247541181960595}