{"r2_value": 0.3664087188301143, "mae": 21.971636554260193, "mse": 719.6232938086451, "kendalltau": 0.42027391708978157, "pearsonr": 0.6063013229519, "spearmanr": 0.6030998594313314}