{"r2_value": 0.46587034126193605, "mae": 18.946611964321573, "mse": 606.6563031490184, "kendalltau": 0.49729737843891103, "pearsonr": 0.6842507405213072, "spearmanr": 0.6866764804492149}