{"r2_value": 0.43163241225200855, "mae": 19.81224160038164, "mse": 645.5432196511163, "kendalltau": 0.4593881263613161, "pearsonr": 0.6615669118473996, "spearmanr": 0.6510017189730389}