{"r2_value": 0.39698345288995984, "mae": 21.029138261287777, "mse": 684.8969781452673, "kendalltau": 0.44589549191420863, "pearsonr": 0.6307075704133438, "spearmanr": 0.6253954229180552}