{"r2_value": 0.4359837991022084, "mae": 19.906291834002676, "mse": 640.6009809700622, "kendalltau": 0.4607070275491591, "pearsonr": 0.6616909364134734, "spearmanr": 0.6508571609439261}