{"r2_value": 0.39010193873476906, "mae": 21.383402694954903, "mse": 692.7128967507214, "kendalltau": 0.4331316040334957, "pearsonr": 0.6260404192210571, "spearmanr": 0.6206892058620279}