{"arquitecture": "D", "trainable_params": 18945, "non_trainable_params": 0, "train_metrics": {"mse": 690.3379387114117, "mae": 21.399782744604984, "r2_score": 0.3790769632194103, "kendalltau": 0.5102059793987518, "pearsonr": 0.7016035800516176, "spearmanr": 0.7013840242421817}, "test_metrics": {"mse": 1085.704816899475, "mae": 27.01657399442047, "r2": 0.04965120732366313, "kendalltau": 0.23902006404174417, "pearsonr": 0.35815578761428574, "spearmanr": 0.3553687783622912}, "total_time": 27.6858, "epochs": 90}