{"arquitecture": "A", "trainable_params": 67345, "non_trainable_params": 0, "train_metrics": {"mse": 1111.808813106439, "mae": 29.284911983374947, "r2_score": -1.4146465830533472e-05, "kendalltau": 0.012140586309850203, "pearsonr": 0.02021430917362195, "spearmanr": 0.01479328005158303}, "test_metrics": {"mse": null, "mae": null, "r2_score": null, "kendalltau": null, "pearsonr": null, "spearmanr": null}, "total_time": 27.9735, "epochs": 90}