{"arquitecture": "A", "trainable_params": 18193, "non_trainable_params": 0, "train_metrics": {"mse": 1111.850754334294, "mae": 29.275080997216868, "r2_score": -5.187041681997684e-05, "kendalltau": -0.01641010668559608, "pearsonr": -0.00037529395485906406, "spearmanr": -0.02008977977533286}, "test_metrics": {"mse": 1142.4475242972242, "mae": 30.09783004437174, "r2": -1.7323780984845882e-05, "kendalltau": -0.02374370404679752, "pearsonr": -0.029239651233411237, "spearmanr": -0.028968662182699775}, "total_time": 17.8423, "epochs": 90}