{"arquitecture": "B", "trainable_params": 132881, "non_trainable_params": 0, "train_metrics": {"mse": 524.8313288291093, "mae": 18.57826992808032, "r2_score": 0.5279415425111187, "kendalltau": 0.5371439541679975, "pearsonr": 0.7351108378991935, "spearmanr": 0.7311416829471928}, "test_metrics": {"mse": 734.2271295921668, "mae": 21.825253049044736, "r2": 0.35730978135401004, "kendalltau": 0.41373340538201414, "pearsonr": 0.5980256894506067, "spearmanr": 0.5887570176440187}, "total_time": 22.0365, "epochs": 90}