{"arquitecture": "C", "trainable_params": 19649, "non_trainable_params": 0, "train_metrics": {"mse": 723.2076670526876, "mae": 21.632442061676542, "r2_score": 0.3495123537791198, "kendalltau": 0.48629910278263805, "pearsonr": 0.6755597689434517, "spearmanr": 0.675273259312322}, "test_metrics": {"mse": 865.2541342858814, "mae": 23.846703861906594, "r2": 0.24261805872329267, "kendalltau": 0.4069500275458863, "pearsonr": 0.577705082225168, "spearmanr": 0.5817067260705426}, "total_time": 25.7281, "epochs": 90}