{"arquitecture": "A", "trainable_params": 91921, "non_trainable_params": 0, "train_metrics": {"mse": 1022.4492642548611, "mae": 28.074877806974406, "r2_score": 0.08036011565546408, "kendalltau": 0.2776229510130213, "pearsonr": 0.3583773567200814, "spearmanr": 0.3515889193669869}, "test_metrics": {"mse": 1056.3954950257237, "mae": 28.963514766522817, "r2": 0.07530650351773038, "kendalltau": 0.28387806035478963, "pearsonr": 0.34330837382396273, "spearmanr": 0.3587474916550208}, "total_time": 22.2044, "epochs": 90}