{"arquitecture": "A", "trainable_params": 91921, "non_trainable_params": 0, "train_metrics": {"mse": 1028.5409240349222, "mae": 28.107125742005184, "r2_score": 0.07488098481596517, "kendalltau": 0.27345495637526435, "pearsonr": 0.35112883217539037, "spearmanr": 0.34557794514814516}, "test_metrics": {"mse": 1066.4070124446973, "mae": 29.060509707246506, "r2": 0.06654313308418047, "kendalltau": 0.2668023236070333, "pearsonr": 0.32612064405729807, "spearmanr": 0.3355360779187418}, "total_time": 21.5963, "epochs": 90}