{"arquitecture": "B", "trainable_params": 165649, "non_trainable_params": 0, "train_metrics": {"mse": 1111.7929824268085, "mae": 29.29572330838245, "r2_score": 9.240634946117154e-08, "kendalltau": 0.041478066689369104, "pearsonr": 0.06381059479138985, "spearmanr": 0.05935496610317465}, "test_metrics": {"mse": 1142.4376021493415, "mae": 30.113422398056304, "r2": -8.638638288260836e-06, "kendalltau": 0.06767624416173357, "pearsonr": 0.10707049750085754, "spearmanr": 0.10085578973862382}, "total_time": 16.6591, "epochs": 90}