{"arquitecture": "D", "trainable_params": 18625, "non_trainable_params": 0, "train_metrics": {"mse": 865.3412429534138, "mae": 25.053045332175, "r2_score": 0.22167060175039777, "kendalltau": 0.3474842075519707, "pearsonr": 0.48751122628324167, "spearmanr": 0.4999374572096627}, "test_metrics": {"mse": 895.1719953456713, "mae": 25.572761618665286, "r2": 0.2164300905987464, "kendalltau": 0.33772247310297854, "pearsonr": 0.48512924487031694, "spearmanr": 0.4913332317208928}, "total_time": 36.4207, "epochs": 90}