{"arquitecture": "C", "trainable_params": 18625, "non_trainable_params": 0, "train_metrics": {"mse": 629.4299353085024, "mae": 20.767846806189727, "r2_score": 0.433860541401091, "kendalltau": 0.4887155027089112, "pearsonr": 0.6748911424304598, "spearmanr": 0.6757582845203061}, "test_metrics": {"mse": 1074.4411262858478, "mae": 27.3897047915629, "r2": 0.05951064113027538, "kendalltau": 0.2064596065280845, "pearsonr": 0.3090851200734198, "spearmanr": 0.305900616144859}, "total_time": 22.8673, "epochs": 90}