{"arquitecture": "B", "trainable_params": 91921, "non_trainable_params": 0, "train_metrics": {"mse": 1037.829414016633, "mae": 28.268853526756832, "r2_score": 0.06652647163751291, "kendalltau": 0.2601159699803127, "pearsonr": 0.33845929698459964, "spearmanr": 0.32379461770360435}, "test_metrics": {"mse": 1067.723249212355, "mae": 29.09123700431415, "r2": 0.06539099301484552, "kendalltau": 0.2692446564259515, "pearsonr": 0.33790529655672985, "spearmanr": 0.33411808272981613}, "total_time": 21.2527, "epochs": 90}