{"arquitecture": "B", "trainable_params": 132881, "non_trainable_params": 0, "train_metrics": {"mse": 1111.8171771936697, "mae": 29.28228496808992, "r2_score": -2.166952685911383e-05, "kendalltau": 0.15678725077895264, "pearsonr": 0.228802133298138, "spearmanr": 0.2243365278931204}, "test_metrics": {"mse": 1142.4306246664162, "mae": 30.103270326341903, "r2": -2.531045901532636e-06, "kendalltau": 0.1933306284027671, "pearsonr": 0.26644021938975765, "spearmanr": 0.27220770401543093}, "total_time": 15.965, "epochs": 90}