{"arquitecture": "C", "trainable_params": 20161, "non_trainable_params": 0, "train_metrics": {"mse": 508.4306886893788, "mae": 18.44353260758278, "r2_score": 0.5426930644971706, "kendalltau": 0.5492176595204398, "pearsonr": 0.7456888023351192, "spearmanr": 0.7471673012131695}, "test_metrics": {"mse": 735.4520643186304, "mae": 21.676217637423957, "r2": 0.35623756059908473, "kendalltau": 0.4260969011276841, "pearsonr": 0.5976698006778902, "spearmanr": 0.6069232264161356}, "total_time": 32.1089, "epochs": 90}