{"arquitecture": "B", "trainable_params": 91921, "non_trainable_params": 0, "train_metrics": {"mse": 972.2700169269948, "mae": 26.72398303969161, "r2_score": 0.12549373628819593, "kendalltau": 0.2568786950238918, "pearsonr": 0.3545997493518888, "spearmanr": 0.3440399893709703}, "test_metrics": {"mse": 998.8980980222835, "mae": 27.390474140644073, "r2": 0.1256356362375226, "kendalltau": 0.26586315271605937, "pearsonr": 0.354555624004127, "spearmanr": 0.35720928736055324}, "total_time": 20.6869, "epochs": 90}