{"arquitecture": "D", "trainable_params": 18945, "non_trainable_params": 0, "train_metrics": {"mse": 703.1779206436098, "mae": 21.578859828202106, "r2_score": 0.367528067922666, "kendalltau": 0.5134269243805689, "pearsonr": 0.706929596251229, "spearmanr": 0.7059487586853721}, "test_metrics": {"mse": 1110.6003593366486, "mae": 27.312028574757278, "r2": 0.027859419786276596, "kendalltau": 0.2261151013291106, "pearsonr": 0.3405716129926175, "spearmanr": 0.33605384086634066}, "total_time": 36.1442, "epochs": 90}