{"arquitecture": "A", "trainable_params": 132881, "non_trainable_params": 0, "train_metrics": {"mse": 1111.807000152123, "mae": 29.28554591520829, "r2_score": -1.2515807805923984e-05, "kendalltau": 0.10754526175881338, "pearsonr": 0.13029766828527975, "spearmanr": 0.13104368560257443}, "test_metrics": {"mse": 1142.4280574123193, "mae": 30.105735540390015, "r2": -2.83854221461155e-07, "kendalltau": 0.16594325333536966, "pearsonr": 0.20077144335220376, "spearmanr": 0.2021056844311983}, "total_time": 16.7412, "epochs": 90}