{"arquitecture": "A", "trainable_params": 67345, "non_trainable_params": 0, "train_metrics": {"mse": 1111.8036038042994, "mae": 29.28687198907351, "r2_score": -9.46096975296129e-06, "kendalltau": -0.014623340562600716, "pearsonr": -0.025693153575294555, "spearmanr": -0.017943156022409028}, "test_metrics": {"mse": 1142.4277546899455, "mae": 30.106737639222825, "r2": -1.8872581941664635e-08, "kendalltau": -0.048648244918371886, "pearsonr": -0.0730897926190638, "spearmanr": -0.06083505487782109}, "total_time": 17.9217, "epochs": 90}