{"arquitecture": "C", "trainable_params": 18625, "non_trainable_params": 0, "train_metrics": {"mse": 993.7560518094651, "mae": 25.275406203354414, "r2_score": 0.10616816647741623, "kendalltau": 0.4678470969383056, "pearsonr": 0.6606057523461356, "spearmanr": 0.6598997748339404}, "test_metrics": {"mse": 1310.4471029836172, "mae": 29.62681292636054, "r2": -0.1470722085798699, "kendalltau": 0.12731242060732742, "pearsonr": 0.18998731663115398, "spearmanr": 0.19258751917537636}, "total_time": 22.4244, "epochs": 90}