{"arquitecture": "B", "trainable_params": 132881, "non_trainable_params": 0, "train_metrics": {"mse": 1111.7932406735213, "mae": 29.29591002402664, "r2_score": -1.3987312419416753e-07, "kendalltau": -0.08344050245752163, "pearsonr": -0.1123858426956191, "spearmanr": -0.11869197516638368}, "test_metrics": {"mse": 1142.4383632560657, "mae": 30.113565551383154, "r2": -9.304856992686794e-06, "kendalltau": -0.066940720191692, "pearsonr": -0.10591963197399508, "spearmanr": -0.09787977344720936}, "total_time": 16.2659, "epochs": 90}