{"arquitecture": "C", "trainable_params": 18625, "non_trainable_params": 0, "train_metrics": {"mse": 1135.5543785636723, "mae": 29.06409936250255, "r2_score": -0.02137204639712964, "kendalltau": 0.1286318246896747, "pearsonr": 0.15999066312594676, "spearmanr": 0.19048460410569065}, "test_metrics": {"mse": 1165.2079620022353, "mae": 29.892604444708144, "r2": -0.019940192462283957, "kendalltau": 0.14021545827484566, "pearsonr": 0.19199997874707317, "spearmanr": 0.2073620892260722}, "total_time": 39.2089, "epochs": 90}