{"arquitecture": "A", "trainable_params": 91921, "non_trainable_params": 0, "train_metrics": {"mse": 974.9654049985716, "mae": 27.151783173936813, "r2_score": 0.1230693750400953, "kendalltau": 0.2750402804892803, "pearsonr": 0.36702875583960576, "spearmanr": 0.35910898422863485}, "test_metrics": {"mse": 1014.7718008726343, "mae": 28.05264293721744, "r2": 0.11174092553501813, "kendalltau": 0.26970275524351184, "pearsonr": 0.34734427602986234, "spearmanr": 0.35227687046659834}, "total_time": 24.7266, "epochs": 90}