{"arquitecture": "D", "trainable_params": 19649, "non_trainable_params": 0, "train_metrics": {"mse": 600.0245825589128, "mae": 20.03817506878498, "r2_score": 0.46030912535254087, "kendalltau": 0.49307921500902674, "pearsonr": 0.6826273529711996, "spearmanr": 0.6841628053156323}, "test_metrics": {"mse": 768.8038310081886, "mae": 22.660591321598208, "r2": 0.32704379566990216, "kendalltau": 0.403821551736763, "pearsonr": 0.572531373092259, "spearmanr": 0.5787069363799652}, "total_time": 26.3941, "epochs": 90}