{"arquitecture": "A", "trainable_params": 91921, "non_trainable_params": 0, "train_metrics": {"mse": 1048.3878770979918, "mae": 28.463943046836434, "r2_score": 0.057029683770906114, "kendalltau": 0.25428287198573657, "pearsonr": 0.3216406727585416, "spearmanr": 0.31025179914473133}, "test_metrics": {"mse": 1076.5106380482364, "mae": 29.150208694594248, "r2": 0.05769913769563806, "kendalltau": 0.2706488672818224, "pearsonr": 0.33127127223142794, "spearmanr": 0.3301058706463113}, "total_time": 17.6939, "epochs": 90}