{"arquitecture": "D", "trainable_params": 18625, "non_trainable_params": 0, "train_metrics": {"mse": 722.1932377929982, "mae": 21.50049515895264, "r2_score": 0.3504247800868804, "kendalltau": 0.5528339651309263, "pearsonr": 0.7459164374740762, "spearmanr": 0.7502364262431588}, "test_metrics": {"mse": 1230.6241151251375, "mae": 28.61896239460579, "r2": -0.07720084118945691, "kendalltau": 0.17769391645008376, "pearsonr": 0.26053288874427233, "spearmanr": 0.26287524899976095}, "total_time": 22.6122, "epochs": 90}