{"arquitecture": "D", "trainable_params": 17793, "non_trainable_params": 0, "train_metrics": {"mse": 949.3210159028388, "mae": 25.14560427375819, "r2_score": 0.14613516798119852, "kendalltau": 0.34668979994844384, "pearsonr": 0.5145034100068768, "spearmanr": 0.4995267404381896}, "test_metrics": {"mse": 1015.9841312119032, "mae": 26.100972977067745, "r2": 0.11067973776435014, "kendalltau": 0.3054299848232299, "pearsonr": 0.4623370330651234, "spearmanr": 0.4455385234538814}, "total_time": 23.8726, "epochs": 90}