{"arquitecture": "D", "trainable_params": 20161, "non_trainable_params": 0, "train_metrics": {"mse": 745.0045299041308, "mae": 22.47392913757642, "r2_score": 0.3299072103919969, "kendalltau": 0.43085092659493923, "pearsonr": 0.6112237690752811, "spearmanr": 0.608236226000469}, "test_metrics": {"mse": 802.9843679126186, "mae": 23.06607411801815, "r2": 0.2971245842281409, "kendalltau": 0.41951406661265384, "pearsonr": 0.5742432575585272, "spearmanr": 0.5957227397199221}, "total_time": 38.0907, "epochs": 90}