{"arquitecture": "B", "trainable_params": 18193, "non_trainable_params": 0, "train_metrics": {"mse": 1111.7982134508493, "mae": 29.28953067785019, "r2_score": -4.612627447331263e-06, "kendalltau": -0.019657621867358695, "pearsonr": -0.0050163670100193385, "spearmanr": -0.024421439172371478}, "test_metrics": {"mse": 1142.4285336801056, "mae": 30.10874675001417, "r2": -7.007451743312743e-07, "kendalltau": -0.026080477015544307, "pearsonr": -0.014549639924280421, "spearmanr": -0.03228572189808738}, "total_time": 17.6216, "epochs": 90}