{"arquitecture": "C", "trainable_params": 25793, "non_trainable_params": 0, "train_metrics": {"mse": 786.1584168498644, "mae": 22.894878773754325, "r2_score": 0.2928914315614606, "kendalltau": 0.43666152977386824, "pearsonr": 0.6179142451746994, "spearmanr": 0.6175140004273023}, "test_metrics": {"mse": 916.3290167205466, "mae": 24.870474451820233, "r2": 0.197910738554551, "kendalltau": 0.3518657908233901, "pearsonr": 0.5079518174056646, "spearmanr": 0.5091055308219825}, "total_time": 42.7517, "epochs": 90}