{"arquitecture": "D", "trainable_params": 18625, "non_trainable_params": 0, "train_metrics": {"mse": 801.9010201411934, "mae": 23.28288689342739, "r2_score": 0.27873177946305483, "kendalltau": 0.3890938401496937, "pearsonr": 0.5313885201701919, "spearmanr": 0.552860676708667}, "test_metrics": {"mse": 1034.87062810423, "mae": 26.67824509527002, "r2": 0.09414784139608512, "kendalltau": 0.23268289509505852, "pearsonr": 0.3484779907380272, "spearmanr": 0.3431661456223925}, "total_time": 27.1238, "epochs": 90}