{"arquitecture": "D", "trainable_params": 19649, "non_trainable_params": 0, "train_metrics": {"mse": 736.1737648382165, "mae": 22.88496818264002, "r2_score": 0.3378500238379136, "kendalltau": 0.42649274381410573, "pearsonr": 0.597354843496633, "spearmanr": 0.6028624895962482}, "test_metrics": {"mse": 786.4700381785195, "mae": 23.6321942327278, "r2": 0.31158005414995593, "kendalltau": 0.39507786293690556, "pearsonr": 0.5691069802932226, "spearmanr": 0.5655269411806473}, "total_time": 32.0796, "epochs": 90}