{"arquitecture": "A", "trainable_params": 67345, "non_trainable_params": 0, "train_metrics": {"mse": null, "mae": null, "r2_score": null, "kendalltau": null, "pearsonr": null, "spearmanr": null}, "test_metrics": {"mse": 1142.4104009647906, "mae": 30.110870582716807, "r2": 1.5171344402209463e-05, "kendalltau": 0.003078206511123011, "pearsonr": 0.006823479715205305, "spearmanr": 0.0037490107084605776}, "total_time": 19.5627, "epochs": 90}