{"arquitecture": "C", "trainable_params": 20161, "non_trainable_params": 0, "train_metrics": {"mse": 706.9145070587325, "mae": 22.082269634339955, "r2_score": 0.36416720296947813, "kendalltau": 0.43858580248403534, "pearsonr": 0.6225651364254728, "spearmanr": 0.6169341589839108}, "test_metrics": {"mse": 755.3357867158551, "mae": 22.659916784614325, "r2": 0.3388327639361409, "kendalltau": 0.4279168317666452, "pearsonr": 0.5944880142126566, "spearmanr": 0.6064962914303629}, "total_time": 53.4625, "epochs": 90}