{"arquitecture": "A", "trainable_params": 67345, "non_trainable_params": 0, "train_metrics": {"mse": 1111.8063905310112, "mae": 29.28562617359006, "r2_score": -1.1967485352926133e-05, "kendalltau": 0.31818352466961675, "pearsonr": 0.33104185318666113, "spearmanr": 0.419153035716799}, "test_metrics": {"mse": 1142.4275553336959, "mae": 30.105793518679484, "r2": 1.5562970279159316e-07, "kendalltau": 0.339849294149189, "pearsonr": 0.360523897844591, "spearmanr": 0.4553293230991348}, "total_time": 15.5784, "epochs": 90}