{"arquitecture": "A", "trainable_params": 67345, "non_trainable_params": 0, "train_metrics": {"mse": 1111.7951241348928, "mae": 29.291789325588113, "r2_score": -1.8339485745588746e-06, "kendalltau": -0.012140586309850203, "pearsonr": -0.02021430917362195, "spearmanr": -0.01479328005158303}, "test_metrics": {"mse": 1142.4309827698642, "mae": 30.110457803521836, "r2": -2.8445041952984695e-06, "kendalltau": -0.0215038939214759, "pearsonr": -0.026832648343673684, "spearmanr": -0.02616243693708911}, "total_time": 17.0736, "epochs": 90}