{"arquitecture": "C", "trainable_params": 18945, "non_trainable_params": 0, "train_metrics": {"mse": 667.6264095333296, "mae": 20.914253541417757, "r2_score": 0.39950480134968713, "kendalltau": 0.5434964502365712, "pearsonr": 0.7440833191950444, "spearmanr": 0.7375440825665571}, "test_metrics": {"mse": 1104.0859614609449, "mae": 26.983549708234413, "r2": 0.03356166045042719, "kendalltau": 0.25215565157364006, "pearsonr": 0.3758260309809239, "spearmanr": 0.36862778739875723}, "total_time": 27.0125, "epochs": 90}