{"arquitecture": "B", "trainable_params": 132881, "non_trainable_params": 0, "train_metrics": {"mse": 1111.7934991109098, "mae": 29.297878652511457, "r2_score": -3.723241008835032e-07, "kendalltau": 0.14040317099861374, "pearsonr": 0.20129925476739965, "spearmanr": 0.20140510969866124}, "test_metrics": {"mse": 1142.4430744285266, "mae": 30.115047548498428, "r2": -1.3428682355209887e-05, "kendalltau": 0.19035132833559681, "pearsonr": 0.2634643413932577, "spearmanr": 0.2700435413239245}, "total_time": 15.7391, "epochs": 90}