{"arquitecture": "D", "trainable_params": 19649, "non_trainable_params": 0, "train_metrics": {"mse": 704.5164205132595, "mae": 22.257113163638994, "r2_score": 0.36632415697240783, "kendalltau": 0.4477629613192098, "pearsonr": 0.6360843944623382, "spearmanr": 0.6298819783496975}, "test_metrics": {"mse": 807.7774657201016, "mae": 23.787008369607584, "r2": 0.29292904724274793, "kendalltau": 0.3937893720988531, "pearsonr": 0.5545578707141893, "spearmanr": 0.5617652835888268}, "total_time": 40.2293, "epochs": 90}