{"arquitecture": "D", "trainable_params": 18625, "non_trainable_params": 0, "train_metrics": {"mse": 835.446601774733, "mae": 23.685500733871788, "r2_score": 0.24855927517139076, "kendalltau": 0.389538966451902, "pearsonr": 0.5403198284590145, "spearmanr": 0.5556538011371566}, "test_metrics": {"mse": 1079.5771018135172, "mae": 26.620832316577435, "r2": 0.05501497337052941, "kendalltau": 0.2364882046128864, "pearsonr": 0.34821480201790167, "spearmanr": 0.34707267581870527}, "total_time": 22.192, "epochs": 90}