{"arquitecture": "D", "trainable_params": 18945, "non_trainable_params": 0, "train_metrics": {"mse": 624.5354766906721, "mae": 20.506942146100627, "r2_score": 0.4382628521216243, "kendalltau": 0.548361505618263, "pearsonr": 0.7435803714175264, "spearmanr": 0.7438260827067009}, "test_metrics": {"mse": 1092.2352647499708, "mae": 27.247565534431487, "r2": 0.04393491765288671, "kendalltau": 0.21166595504402516, "pearsonr": 0.31530023257226214, "spearmanr": 0.3120836770263033}, "total_time": 22.4922, "epochs": 90}