{"arquitecture": "D", "trainable_params": 18625, "non_trainable_params": 0, "train_metrics": {"mse": 700.7185242895741, "mae": 21.591081654871406, "r2_score": 0.3697401669066005, "kendalltau": 0.5309591868509804, "pearsonr": 0.7246293404410794, "spearmanr": 0.7290408555242219}, "test_metrics": {"mse": 1156.6363341573287, "mae": 27.977069682308606, "r2": -0.012437198971897656, "kendalltau": 0.1866381485710388, "pearsonr": 0.2720132363571916, "spearmanr": 0.27515830534649505}, "total_time": 25.5541, "epochs": 90}