{"arquitecture": "D", "trainable_params": 18945, "non_trainable_params": 0, "train_metrics": {"mse": 670.5547597035135, "mae": 21.15523260703436, "r2_score": 0.39687090282192905, "kendalltau": 0.5154761902471309, "pearsonr": 0.7077226121501167, "spearmanr": 0.7061131066422496}, "test_metrics": {"mse": 1063.2537737913287, "mae": 26.992279104356253, "r2": 0.0693032539757934, "kendalltau": 0.2393860556027474, "pearsonr": 0.3476254078210723, "spearmanr": 0.35425023873016354}, "total_time": 27.3013, "epochs": 90}