{"arquitecture": "C", "trainable_params": 18945, "non_trainable_params": 0, "train_metrics": {"mse": 667.5058411340053, "mae": 21.21403470501311, "r2_score": 0.3996132463480715, "kendalltau": 0.4965646553298372, "pearsonr": 0.6965538389869469, "spearmanr": 0.6893106821173044}, "test_metrics": {"mse": 1062.117106528643, "mae": 27.031602601021795, "r2": 0.07029821166959194, "kendalltau": 0.23457301589640384, "pearsonr": 0.34420294999787776, "spearmanr": 0.3456253345179722}, "total_time": 30.291, "epochs": 90}