{"arquitecture": "C", "trainable_params": 18945, "non_trainable_params": 0, "train_metrics": {"mse": 592.6983772797834, "mae": 19.966746359535698, "r2_score": 0.466898665597839, "kendalltau": 0.5371236792639632, "pearsonr": 0.7326434550218536, "spearmanr": 0.7305340012634088}, "test_metrics": {"mse": 1091.3718330132654, "mae": 27.034986129828862, "r2": 0.044690704396911585, "kendalltau": 0.23108857569233227, "pearsonr": 0.3347066692556075, "spearmanr": 0.3438540464951311}, "total_time": 25.9224, "epochs": 90}