{"arquitecture": "A", "trainable_params": 67345, "non_trainable_params": 0, "train_metrics": {"mse": 1111.8328405703987, "mae": 29.315455541250067, "r2_score": -3.575791878929202e-05, "kendalltau": 0.08904468514380177, "pearsonr": 0.1200128278170552, "spearmanr": 0.13209861348318952}, "test_metrics": {"mse": 1142.5178612955985, "mae": 30.12799443091665, "r2": -7.889178772568783e-05, "kendalltau": 0.04968795229105732, "pearsonr": 0.06568035732786535, "spearmanr": 0.07387989382812099}, "total_time": 16.2931, "epochs": 90}