{"arquitecture": "D", "trainable_params": 18945, "non_trainable_params": 0, "train_metrics": {"mse": 838.4273370175205, "mae": 23.605345526028046, "r2_score": 0.24587825899799998, "kendalltau": 0.4380909105082883, "pearsonr": 0.6201916001660902, "spearmanr": 0.6157959626519042}, "test_metrics": {"mse": 1110.4974207250107, "mae": 27.05373322551272, "r2": 0.027949524926980773, "kendalltau": 0.24193295578068752, "pearsonr": 0.3599563788970696, "spearmanr": 0.3528518306186948}, "total_time": 27.1525, "epochs": 90}