{"arquitecture": "D", "trainable_params": 18625, "non_trainable_params": 0, "train_metrics": {"mse": 923.2421859992572, "mae": 24.846832670481824, "r2_score": 0.16959171781191207, "kendalltau": 0.41513787596833507, "pearsonr": 0.5886091036064441, "spearmanr": 0.5901002540614516}, "test_metrics": {"mse": 1192.4626179697807, "mae": 28.291540606745652, "r2": -0.04379698022853362, "kendalltau": 0.19602858958143612, "pearsonr": 0.2755185077612918, "spearmanr": 0.28704562516089116}, "total_time": 24.6662, "epochs": 90}