{"arquitecture": "A", "trainable_params": 91921, "non_trainable_params": 0, "train_metrics": {"mse": 979.3118957975356, "mae": 27.25628820431181, "r2_score": 0.11915993284535042, "kendalltau": 0.282447189430569, "pearsonr": 0.36724656363096303, "spearmanr": 0.36116517293942185}, "test_metrics": {"mse": 1008.2056393102579, "mae": 27.960732268435613, "r2": 0.11748847644958682, "kendalltau": 0.2833269631023239, "pearsonr": 0.36649986741240553, "spearmanr": 0.3606327582186962}, "total_time": 22.2437, "epochs": 90}