{"arquitecture": "C", "trainable_params": 18625, "non_trainable_params": 0, "train_metrics": {"mse": 1155.7646541311794, "mae": 27.451340952462818, "r2_score": -0.039550137120309525, "kendalltau": 0.3091333049844924, "pearsonr": 0.45091474723980834, "spearmanr": 0.4473900180970557}, "test_metrics": {"mse": 1271.2892299130124, "mae": 28.75749200795378, "r2": -0.11279619099463312, "kendalltau": 0.18983681454254628, "pearsonr": 0.30834092723541184, "spearmanr": 0.282150954857609}, "total_time": 25.8715, "epochs": 90}