{"arquitecture": "C", "trainable_params": 19649, "non_trainable_params": 0, "train_metrics": {"mse": 641.9282348915532, "mae": 21.006760887805214, "r2_score": 0.42261897158937356, "kendalltau": 0.4745064813270353, "pearsonr": 0.663635514646413, "spearmanr": 0.6641698649229038}, "test_metrics": {"mse": 808.3042112101938, "mae": 23.46538785558992, "r2": 0.2924679716973835, "kendalltau": 0.3838474369554373, "pearsonr": 0.5441490914804744, "spearmanr": 0.5513346395856966}, "total_time": 49.1484, "epochs": 90}