{"arquitecture": "B", "trainable_params": 67345, "non_trainable_params": 0, "train_metrics": {"mse": 1111.7962736793584, "mae": 29.300894157004276, "r2_score": -2.867903975856123e-06, "kendalltau": -0.09852622989856652, "pearsonr": -0.14372989751532372, "spearmanr": -0.1331244439583494}, "test_metrics": {"mse": 1142.451932142365, "mae": 30.11727069531168, "r2": -2.1182095180982685e-05, "kendalltau": -0.10267866112486274, "pearsonr": -0.16149769026776423, "spearmanr": -0.14081285485516243}, "total_time": 17.5404, "epochs": 90}