{"arquitecture": "C", "trainable_params": 18945, "non_trainable_params": 0, "train_metrics": {"mse": 656.4471174849937, "mae": 20.87967005498304, "r2_score": 0.40955999255164666, "kendalltau": 0.5351284443896759, "pearsonr": 0.7303553124849907, "spearmanr": 0.7300514055026027}, "test_metrics": {"mse": 1094.2250938460422, "mae": 27.193950648153468, "r2": 0.042193162758141, "kendalltau": 0.23219156395836932, "pearsonr": 0.33781630136438784, "spearmanr": 0.3424922590282021}, "total_time": 26.9243, "epochs": 90}