{"arquitecture": "D", "trainable_params": 18625, "non_trainable_params": 0, "train_metrics": {"mse": 1025.4245521908363, "mae": 26.030524319584373, "r2_score": 0.07768399905096335, "kendalltau": 0.29220652487546955, "pearsonr": 0.4461406912505716, "spearmanr": 0.42760106372556467}, "test_metrics": {"mse": 1148.1188448052847, "mae": 27.492166775677884, "r2": -0.004981594468396411, "kendalltau": 0.22340776649429236, "pearsonr": 0.33839176795478854, "spearmanr": 0.33116705359474186}, "total_time": 24.3676, "epochs": 90}