{"arquitecture": "B", "trainable_params": 91921, "non_trainable_params": 0, "train_metrics": {"mse": 997.3249380527052, "mae": 27.55362192850583, "r2_score": 0.1029581390983424, "kendalltau": 0.2556330191666948, "pearsonr": 0.3336120344389609, "spearmanr": 0.33154184936425946}, "test_metrics": {"mse": 1026.8850452429772, "mae": 28.335520178079605, "r2": 0.10113785278120668, "kendalltau": 0.27394410502077077, "pearsonr": 0.33413312216682467, "spearmanr": 0.3536768580925985}, "total_time": 16.2247, "epochs": 90}