{"arquitecture": "C", "trainable_params": 19649, "non_trainable_params": 0, "train_metrics": {"mse": 731.7979916136283, "mae": 22.4539495756205, "r2_score": 0.3417858040500602, "kendalltau": 0.42485564271672976, "pearsonr": 0.6035276739859075, "spearmanr": 0.6024052403224757}, "test_metrics": {"mse": 841.8809835764831, "mae": 23.640525236725807, "r2": 0.2630772527988545, "kendalltau": 0.3717647018593041, "pearsonr": 0.5246574269150845, "spearmanr": 0.5362558097450838}, "total_time": 53.7285, "epochs": 90}