{"arquitecture": "A", "trainable_params": 67345, "non_trainable_params": 0, "train_metrics": {"mse": 1111.7609241337454, "mae": 29.31580644044196, "r2_score": 2.892717200053685e-05, "kendalltau": 0.01963100219807232, "pearsonr": 0.02641812839061295, "spearmanr": 0.023933840268356224}, "test_metrics": {"mse": 1142.7178387373156, "mae": 30.132960404668534, "r2": -0.0002539378198884723, "kendalltau": -0.071122779674243, "pearsonr": -0.03852485335151938, "spearmanr": -0.08685160804463404}, "total_time": 19.7344, "epochs": 90}