{"arquitecture": "B", "trainable_params": 91921, "non_trainable_params": 0, "train_metrics": {"mse": 1012.027537527892, "mae": 27.8754365098368, "r2_score": 0.08973391628981131, "kendalltau": 0.24153449316541717, "pearsonr": 0.34291911704677397, "spearmanr": 0.32341813791125246}, "test_metrics": {"mse": 1042.813469873024, "mae": 28.59705427289009, "r2": 0.08719524252400046, "kendalltau": 0.24711714692954878, "pearsonr": 0.34209111110838025, "spearmanr": 0.3263484105155201}, "total_time": 16.7704, "epochs": 90}