{"arquitecture": "C", "trainable_params": 18945, "non_trainable_params": 0, "train_metrics": {"mse": 599.3903126085185, "mae": 20.313977892173998, "r2_score": 0.4608796181527376, "kendalltau": 0.5371439541679975, "pearsonr": 0.7339166251486731, "spearmanr": 0.7341514362637299}, "test_metrics": {"mse": 1038.1941603927958, "mae": 26.956555986244762, "r2": 0.09123865756573324, "kendalltau": 0.22721808959514767, "pearsonr": 0.33822714740614573, "spearmanr": 0.33371249703805295}, "total_time": 28.0198, "epochs": 90}