{"arquitecture": "D", "trainable_params": 18945, "non_trainable_params": 0, "train_metrics": {"mse": 753.2539852787052, "mae": 22.144075083127714, "r2_score": 0.322487254750376, "kendalltau": 0.5301721519398297, "pearsonr": 0.7292648381204679, "spearmanr": 0.7223865997036247}, "test_metrics": {"mse": 1148.8518496089748, "mae": 27.02770951180719, "r2": -0.005623214749867156, "kendalltau": 0.2601523165024087, "pearsonr": 0.3740739061367034, "spearmanr": 0.37619765000757616}, "total_time": 26.7549, "epochs": 90}