{"arquitecture": "D", "trainable_params": 19649, "non_trainable_params": 0, "train_metrics": {"mse": 673.1474199034187, "mae": 21.22908327113275, "r2_score": 0.39453893994636946, "kendalltau": 0.46375617425610643, "pearsonr": 0.6508322038782864, "spearmanr": 0.6494122561645889}, "test_metrics": {"mse": 825.0875960224988, "mae": 23.132420035212167, "r2": 0.27777699009250645, "kendalltau": 0.3869508448494234, "pearsonr": 0.5436011261772056, "spearmanr": 0.556169590710332}, "total_time": 43.1512, "epochs": 90}