{"arquitecture": "D", "trainable_params": 20161, "non_trainable_params": 0, "train_metrics": {"mse": 505.1417322249905, "mae": 18.37968450858868, "r2_score": 0.5456513096133511, "kendalltau": 0.5566379412198437, "pearsonr": 0.7543529910450976, "spearmanr": 0.7564162322098397}, "test_metrics": {"mse": 783.2868017281951, "mae": 22.403766453465714, "r2": 0.31436643297989275, "kendalltau": 0.4049947301651842, "pearsonr": 0.5670042880283325, "spearmanr": 0.5814509654870377}, "total_time": 26.2675, "epochs": 90}