{"arquitecture": "C", "trainable_params": 18625, "non_trainable_params": 0, "train_metrics": {"mse": 812.1192601105028, "mae": 23.38865902892935, "r2_score": 0.26954100457367314, "kendalltau": 0.42788526108664526, "pearsonr": 0.6004765593816331, "spearmanr": 0.6053394548127736}, "test_metrics": {"mse": 1116.078396990259, "mae": 27.85628313890525, "r2": 0.02306433516538342, "kendalltau": 0.2032230812258142, "pearsonr": 0.2995128396777942, "spearmanr": 0.30502626152789863}, "total_time": 24.9229, "epochs": 90}