{"arquitecture": "C", "trainable_params": 18625, "non_trainable_params": 0, "train_metrics": {"mse": 855.287925711286, "mae": 23.2530649410032, "r2_score": 0.23071303723258008, "kendalltau": 0.44810947786088734, "pearsonr": 0.6257183383342829, "spearmanr": 0.627925009611277}, "test_metrics": {"mse": 951.3853862571221, "mae": 24.332274661399424, "r2": 0.16722488550671943, "kendalltau": 0.41269559369533376, "pearsonr": 0.5752510387561725, "spearmanr": 0.592180789311675}, "total_time": 45.3898, "epochs": 90}