{"arquitecture": "A", "trainable_params": 132881, "non_trainable_params": 0, "train_metrics": {"mse": 1111.7980978697, "mae": 29.289566461865327, "r2_score": -4.508668220770673e-06, "kendalltau": 0.06327425091673086, "pearsonr": 0.09004672394579634, "spearmanr": 0.07925208031422393}, "test_metrics": {"mse": 1142.4285103452992, "mae": 30.108772890908376, "r2": -6.803195442550702e-07, "kendalltau": 0.033840537788519566, "pearsonr": 0.06605407272408366, "spearmanr": 0.042398077269650516}, "total_time": 23.4104, "epochs": 90}