{"arquitecture": "C", "trainable_params": 18625, "non_trainable_params": 0, "train_metrics": {"mse": 945.51620180825, "mae": 24.836781890498443, "r2_score": 0.14955740018012353, "kendalltau": 0.42026466192937895, "pearsonr": 0.5887310766086278, "spearmanr": 0.5944749334640393}, "test_metrics": {"mse": 1200.8126209523368, "mae": 28.106946967009986, "r2": -0.051105979074074215, "kendalltau": 0.21214224543163204, "pearsonr": 0.3231488712104982, "spearmanr": 0.3162332548534382}, "total_time": 26.7467, "epochs": 90}