{"arquitecture": "B", "trainable_params": 132881, "non_trainable_params": 0, "train_metrics": {"mse": 1111.7962150460362, "mae": 29.303321942465907, "r2_score": -2.81516635514123e-06, "kendalltau": 0.11357382811340698, "pearsonr": 0.17148077621399788, "spearmanr": 0.16852600492944225}, "test_metrics": {"mse": 1142.4554321951111, "mae": 30.119019440242223, "r2": -2.424579246751435e-05, "kendalltau": 0.1632800879339613, "pearsonr": 0.235156157902922, "spearmanr": 0.2406950698810157}, "total_time": 15.9415, "epochs": 90}