{"arquitecture": "A", "trainable_params": 132881, "non_trainable_params": 0, "train_metrics": {"mse": 351.47824922790323, "mae": 14.218450089286195, "r2_score": 0.6838636128266624, "kendalltau": 0.6429946201984887, "pearsonr": 0.8343758551138506, "spearmanr": 0.8334102841035861}, "test_metrics": {"mse": 801.6486489887711, "mae": 21.660640398306505, "r2": 0.2982937775916359, "kendalltau": 0.40486939058949817, "pearsonr": 0.5845004119614323, "spearmanr": 0.5785321749897357}, "total_time": 18.827, "epochs": 90}