{"arquitecture": "C", "trainable_params": 18625, "non_trainable_params": 0, "train_metrics": {"mse": 936.424360683334, "mae": 25.65066689289946, "r2_score": 0.15773503794945576, "kendalltau": 0.2985442755592911, "pearsonr": 0.4448763995972627, "spearmanr": 0.4354475462305127}, "test_metrics": {"mse": 1056.3184854661226, "mae": 27.244181971464837, "r2": 0.07537391221008616, "kendalltau": 0.2182287352269456, "pearsonr": 0.33436079384325534, "spearmanr": 0.32544447310255825}, "total_time": 24.6598, "epochs": 90}