{"arquitecture": "A", "trainable_params": 91921, "non_trainable_params": 0, "train_metrics": {"mse": 970.4536447209825, "mae": 26.951312606103002, "r2_score": 0.12712746852691104, "kendalltau": 0.25768884479449017, "pearsonr": 0.3638834112035365, "spearmanr": 0.34008161086985506}, "test_metrics": {"mse": 993.8980243336608, "mae": 27.623396686145238, "r2": 0.1300123451912928, "kendalltau": 0.27280631217261464, "pearsonr": 0.3706218101862294, "spearmanr": 0.35853258409326555}, "total_time": 18.5249, "epochs": 90}