{"arquitecture": "B", "trainable_params": 91921, "non_trainable_params": 0, "train_metrics": {"mse": 1063.538966143798, "mae": 28.655736358043622, "r2_score": 0.04340206794203316, "kendalltau": 0.23703322462446416, "pearsonr": 0.29210374582481324, "spearmanr": 0.2908268177283858}, "test_metrics": {"mse": 1099.9704439708582, "mae": 29.46860009431839, "r2": 0.03716409180843816, "kendalltau": 0.22216924518647332, "pearsonr": 0.26500850746613636, "spearmanr": 0.2717807215966744}, "total_time": 19.6581, "epochs": 90}