{"arquitecture": "C", "trainable_params": 18625, "non_trainable_params": 0, "train_metrics": {"mse": 735.4762376195694, "mae": 22.63936927684932, "r2_score": 0.3384774132577214, "kendalltau": 0.4751423760444756, "pearsonr": 0.6650808315457846, "spearmanr": 0.662690064358882}, "test_metrics": {"mse": 1072.43243743488, "mae": 27.38829098854746, "r2": 0.061268904513347655, "kendalltau": 0.21306975829170866, "pearsonr": 0.31228015904033424, "spearmanr": 0.31715236629672505}, "total_time": 26.5371, "epochs": 90}