{"arquitecture": "D", "trainable_params": 18625, "non_trainable_params": 0, "train_metrics": {"mse": 1121.3140851969724, "mae": 29.100115792953325, "r2_score": -0.008563643865461712, "kendalltau": 0.13612346966034797, "pearsonr": 0.19273201139083487, "spearmanr": 0.2003649163731914}, "test_metrics": {"mse": 1151.3302187581662, "mae": 29.95050129720143, "r2": -0.007792602867225273, "kendalltau": 0.1631832009289834, "pearsonr": 0.23511882231354744, "spearmanr": 0.2391420713591827}, "total_time": 40.6557, "epochs": 90}