{"arquitecture": "B", "trainable_params": 165649, "non_trainable_params": 0, "train_metrics": {"mse": 1111.7936428094517, "mae": 29.292709721281746, "r2_score": -5.015734585445131e-07, "kendalltau": 0.09054538386242021, "pearsonr": 0.133743591789804, "spearmanr": 0.1285011385659795}, "test_metrics": {"mse": 1142.4313420806197, "mae": 30.111145079135895, "r2": -3.1590192803854222e-06, "kendalltau": 0.08086966872796458, "pearsonr": 0.12210806544124155, "spearmanr": 0.11552522973638024}, "total_time": 22.1894, "epochs": 90}