{"arquitecture": "C", "trainable_params": 19649, "non_trainable_params": 0, "train_metrics": {"mse": 787.0412286180946, "mae": 23.634363048552554, "r2_score": 0.29209738833524246, "kendalltau": 0.40505756231708595, "pearsonr": 0.5658724659295536, "spearmanr": 0.5751059417173158}, "test_metrics": {"mse": 832.6648503842449, "mae": 24.227160348956073, "r2": 0.2711444004397763, "kendalltau": 0.3760011795174919, "pearsonr": 0.5434813126391409, "spearmanr": 0.5397889428364109}, "total_time": 27.4485, "epochs": 90}