{"arquitecture": "C", "trainable_params": 18625, "non_trainable_params": 0, "train_metrics": {"mse": 1111.8613723810408, "mae": 29.27092549172014, "r2_score": -6.142079709170467e-05, "kendalltau": 0.09169022743701044, "pearsonr": 0.12102842991484553, "spearmanr": 0.13646522150462798}, "test_metrics": {"mse": 1142.4504753773538, "mae": 30.09463423916272, "r2": -1.9906946679970616e-05, "kendalltau": 0.07651224995756024, "pearsonr": 0.10996967651726394, "spearmanr": 0.11234094600384428}, "total_time": 24.5226, "epochs": 90}