{"arquitecture": "D", "trainable_params": 18625, "non_trainable_params": 0, "train_metrics": {"mse": 1040.6860288353455, "mae": 25.74198327719623, "r2_score": 0.06395709532385108, "kendalltau": 0.4065234389206254, "pearsonr": 0.5865412534578207, "spearmanr": 0.5789126147830304}, "test_metrics": {"mse": 1257.7233636242486, "mae": 28.49212148040533, "r2": -0.10092159630880237, "kendalltau": 0.21738421756802367, "pearsonr": 0.3402261218445596, "spearmanr": 0.32122457913832136}, "total_time": 22.239, "epochs": 90}