{"arquitecture": "B", "trainable_params": 91921, "non_trainable_params": 0, "train_metrics": {"mse": 999.9485345012804, "mae": 27.638263415696805, "r2_score": 0.10059835067764955, "kendalltau": 0.2751338328502409, "pearsonr": 0.3581028255016085, "spearmanr": 0.3497010528563373}, "test_metrics": {"mse": 1029.177634361635, "mae": 28.285003474780492, "r2": 0.0991310832918334, "kendalltau": 0.2806147141891686, "pearsonr": 0.35978037747422253, "spearmanr": 0.35492603872559586}, "total_time": 24.3385, "epochs": 90}