{"arquitecture": "A", "trainable_params": 91921, "non_trainable_params": 0, "train_metrics": {"mse": 990.8987983947069, "mae": 27.454909708580942, "r2_score": 0.10873811717497606, "kendalltau": 0.24827773326075145, "pearsonr": 0.3484764042377933, "spearmanr": 0.32965487961167317}, "test_metrics": {"mse": 1023.7852045523751, "mae": 28.189663516623632, "r2": 0.10385123289332177, "kendalltau": 0.25829226383185083, "pearsonr": 0.34111827986358106, "spearmanr": 0.34138733275330124}, "total_time": 17.5215, "epochs": 90}