{"arquitecture": "C", "trainable_params": 18625, "non_trainable_params": 0, "train_metrics": {"mse": 860.2348777002986, "mae": 24.509026541100443, "r2_score": 0.22626351145748058, "kendalltau": 0.3663813396985114, "pearsonr": 0.5194982523843538, "spearmanr": 0.5248164878128074}, "test_metrics": {"mse": 901.1413536788359, "mae": 25.24230777791568, "r2": 0.2112049387925896, "kendalltau": 0.36154200606635156, "pearsonr": 0.5157188519207323, "spearmanr": 0.5231169397798388}, "total_time": 48.5612, "epochs": 90}