{"arquitecture": "C", "trainable_params": 18945, "non_trainable_params": 0, "train_metrics": {"mse": 684.4447233669019, "mae": 21.62292112101203, "r2_score": 0.3843776036201759, "kendalltau": 0.4704920503282384, "pearsonr": 0.6575073384804342, "spearmanr": 0.6592882314415156}, "test_metrics": {"mse": 1053.626170422139, "mae": 27.214320997042314, "r2": 0.07773057335013811, "kendalltau": 0.20787568627527964, "pearsonr": 0.3224664569317288, "spearmanr": 0.30522478045700024}, "total_time": 28.4022, "epochs": 90}