{"arquitecture": "B", "trainable_params": 91921, "non_trainable_params": 0, "train_metrics": {"mse": 1000.7822513481419, "mae": 27.668381343565812, "r2_score": 0.0998484657773141, "kendalltau": 0.26879733555815705, "pearsonr": 0.3612585396394066, "spearmanr": 0.35038542234791775}, "test_metrics": {"mse": 1030.7568846313968, "mae": 28.42273707474981, "r2": 0.09774871990554224, "kendalltau": 0.27508342356356147, "pearsonr": 0.35994685713167973, "spearmanr": 0.3596762427623222}, "total_time": 23.3244, "epochs": 90}