{"arquitecture": "D", "trainable_params": 19649, "non_trainable_params": 0, "train_metrics": {"mse": 656.5183133412756, "mae": 21.16276541259541, "r2_score": 0.4094959555853873, "kendalltau": 0.4670145505619233, "pearsonr": 0.6546576181908682, "spearmanr": 0.6550757927248401}, "test_metrics": {"mse": 796.0580498329984, "mae": 22.98738890753261, "r2": 0.30318739054731814, "kendalltau": 0.39580483247588455, "pearsonr": 0.5576794877897057, "spearmanr": 0.5648452382894331}, "total_time": 38.6769, "epochs": 90}