{"arquitecture": "A", "trainable_params": 67345, "non_trainable_params": 0, "train_metrics": {"mse": 1111.8400542485108, "mae": 29.31698966494241, "r2_score": -4.2246246706012514e-05, "kendalltau": -0.004345746564584302, "pearsonr": -0.018283747871929847, "spearmanr": -0.0057240537847114935}, "test_metrics": {"mse": 1142.5277052128254, "mae": 30.129120498895645, "r2": -8.750845286908948e-05, "kendalltau": 0.026702867540748465, "pearsonr": 0.011977125697134036, "spearmanr": 0.03284179304749146}, "total_time": 15.8012, "epochs": 90}