{"arquitecture": "A", "trainable_params": 165649, "non_trainable_params": 0, "train_metrics": {"mse": 1111.7934829776646, "mae": 29.297380132387563, "r2_score": -3.5781308671545276e-07, "kendalltau": 0.007472002162347316, "pearsonr": 0.022294839573284625, "spearmanr": 0.009379543570583179}, "test_metrics": {"mse": 1142.4420162007452, "mae": 30.114675721951894, "r2": -1.2502385005719319e-05, "kendalltau": 0.04125821057963946, "pearsonr": 0.051404577023953194, "spearmanr": 0.052461584695470034}, "total_time": 17.1782, "epochs": 90}