{"arquitecture": "B", "trainable_params": 132881, "non_trainable_params": 0, "train_metrics": {"mse": 1111.7966429170451, "mae": 29.290360784462163, "r2_score": -3.20001405262893e-06, "kendalltau": 0.045188956747650666, "pearsonr": 0.0701678845404266, "spearmanr": 0.06642259214994439}, "test_metrics": {"mse": 1142.429046246911, "mae": 30.109373884541647, "r2": -1.1494097074127296e-06, "kendalltau": 0.010357070327266243, "pearsonr": 0.03029228850950512, "spearmanr": 0.015421208502826373}, "total_time": 19.6271, "epochs": 90}