{"arquitecture": "A", "trainable_params": 91921, "non_trainable_params": 0, "train_metrics": {"mse": 1035.0066732601094, "mae": 28.22684698620728, "r2_score": 0.0690653799957246, "kendalltau": 0.27220048369633754, "pearsonr": 0.34095814014080494, "spearmanr": 0.33205312173729584}, "test_metrics": {"mse": 1059.3708559418403, "mae": 28.9570888706616, "r2": 0.07270208414849255, "kendalltau": 0.2965501308893787, "pearsonr": 0.36103153757660417, "spearmanr": 0.361371438893672}, "total_time": 22.3621, "epochs": 90}