{"arquitecture": "C", "trainable_params": 19649, "non_trainable_params": 0, "train_metrics": {"mse": 813.4171531912402, "mae": 23.544735663356022, "r2_score": 0.26837361731604625, "kendalltau": 0.39989170060789836, "pearsonr": 0.570959970413129, "spearmanr": 0.5701500177586699}, "test_metrics": {"mse": 889.6222898057065, "mae": 24.655362144644773, "r2": 0.22128790819107924, "kendalltau": 0.36961888832355927, "pearsonr": 0.5253354450872616, "spearmanr": 0.5371350472291679}, "total_time": 36.4108, "epochs": 90}