{"arquitecture": "B", "trainable_params": 91921, "non_trainable_params": 0, "train_metrics": {"mse": 971.6397391308534, "mae": 27.087606184444912, "r2_score": 0.12606063835347436, "kendalltau": 0.2501622757402117, "pearsonr": 0.36447373744213035, "spearmanr": 0.3391952636786127}, "test_metrics": {"mse": 1007.761499247469, "mae": 27.876474576336996, "r2": 0.11787724507792918, "kendalltau": 0.2566461717487458, "pearsonr": 0.35262903989773386, "spearmanr": 0.34805809889304934}, "total_time": 20.5682, "epochs": 90}