{"arquitecture": "D", "trainable_params": 19649, "non_trainable_params": 0, "train_metrics": {"mse": 803.1785915700397, "mae": 23.86214989689105, "r2_score": 0.27758267047335616, "kendalltau": 0.39377734298162353, "pearsonr": 0.5619949137518622, "spearmanr": 0.5633365213939628}, "test_metrics": {"mse": 888.6199146051175, "mae": 25.26577162636178, "r2": 0.22216531616317325, "kendalltau": 0.3523270404619147, "pearsonr": 0.5004006923338032, "spearmanr": 0.5119955002881033}, "total_time": 28.9732, "epochs": 90}