{"arquitecture": "D", "trainable_params": 25793, "non_trainable_params": 0, "train_metrics": {"mse": 917.470345062197, "mae": 24.207138959359416, "r2_score": 0.1747831882519456, "kendalltau": 0.4324268395903347, "pearsonr": 0.6063655546651913, "spearmanr": 0.6099166879751359}, "test_metrics": {"mse": 1051.202193769285, "mae": 25.96558463799634, "r2": 0.07985235014403114, "kendalltau": 0.3504970826568986, "pearsonr": 0.4988497740984447, "spearmanr": 0.504311788349745}, "total_time": 42.6783, "epochs": 90}