{"arquitecture": "C", "trainable_params": 19649, "non_trainable_params": 0, "train_metrics": {"mse": 668.9253979893858, "mae": 21.48695736778245, "r2_score": 0.39833642885898657, "kendalltau": 0.4482836577182732, "pearsonr": 0.6378094383775301, "spearmanr": 0.6310101843947175}, "test_metrics": {"mse": 737.9412728034102, "mae": 22.376815381326846, "r2": 0.35405868449813327, "kendalltau": 0.42151949982363024, "pearsonr": 0.597093137597419, "spearmanr": 0.6034885686571071}, "total_time": 45.3404, "epochs": 90}