{"arquitecture": "A", "trainable_params": 67345, "non_trainable_params": 0, "train_metrics": {"mse": 1111.8439969254846, "mae": 29.305024221446768, "r2_score": -4.5792479387518625e-05, "kendalltau": 0.0018873983343511158, "pearsonr": -0.044646156304543445, "spearmanr": 0.002292600461440089}, "test_metrics": {"mse": null, "mae": null, "r2_score": null, "kendalltau": null, "pearsonr": null, "spearmanr": null}, "total_time": 18.5497, "epochs": 90}