{"arquitecture": "C", "trainable_params": 18625, "non_trainable_params": 0, "train_metrics": {"mse": 1336.127672214488, "mae": 28.77303852585299, "r2_score": -0.20177728216211976, "kendalltau": 0.3361929291779441, "pearsonr": 0.48426726687134525, "spearmanr": 0.48679832035957593}, "test_metrics": {"mse": 1464.4862191558693, "mae": 29.830512131963456, "r2": -0.2819070972168096, "kendalltau": 0.19829974269286696, "pearsonr": 0.3225509556813597, "spearmanr": 0.298246562316058}, "total_time": 27.0756, "epochs": 90}