{"arquitecture": "A", "trainable_params": 67345, "non_trainable_params": 0, "train_metrics": {"mse": 1111.7943011974507, "mae": 29.298795469073145, "r2_score": -1.0937591878867892e-06, "kendalltau": -0.012140586309850203, "pearsonr": -0.02021430917362195, "spearmanr": -0.01479328005158303}, "test_metrics": {"mse": 1142.4457775351473, "mae": 30.115724980831146, "r2": -1.579478967439485e-05, "kendalltau": 0.01305242621303566, "pearsonr": 0.02262332347027902, "spearmanr": 0.01589681701576608}, "total_time": 18.7086, "epochs": 90}