{"arquitecture": "B", "trainable_params": 67345, "non_trainable_params": 0, "train_metrics": {"mse": 1111.8923703626792, "mae": 29.26865884571797, "r2_score": -8.930186781608285e-05, "kendalltau": 0.011138355569820374, "pearsonr": -0.001079573331983945, "spearmanr": 0.015654812441812414}, "test_metrics": {"mse": 1142.4742249142162, "mae": 30.092978055988038, "r2": -4.069560242925263e-05, "kendalltau": 0.00786270415609026, "pearsonr": 0.004715824389685574, "spearmanr": 0.010195488096685199}, "total_time": 14.7364, "epochs": 90}