{"arquitecture": "D", "trainable_params": 18945, "non_trainable_params": 0, "train_metrics": {"mse": 686.8766002174998, "mae": 21.177401289864555, "r2_score": 0.38219025699691445, "kendalltau": 0.5349330680417088, "pearsonr": 0.7286239835169153, "spearmanr": 0.729987467139321}, "test_metrics": {"mse": 1071.5832332274829, "mae": 26.840080529983556, "r2": 0.06201223748992979, "kendalltau": 0.2512481930456732, "pearsonr": 0.3679923653060281, "spearmanr": 0.3686470153225987}, "total_time": 25.7095, "epochs": 90}