{"arquitecture": "A", "trainable_params": 132881, "non_trainable_params": 0, "train_metrics": {"mse": 1111.8165995399127, "mae": 29.310649212608503, "r2_score": -2.1149957377453177e-05, "kendalltau": -0.014984236326699934, "pearsonr": -0.01624788558022912, "spearmanr": -0.018260976653318675}, "test_metrics": {"mse": 1142.4916476206095, "mae": 30.12445237806865, "r2": -5.594620068438694e-05, "kendalltau": 0.0012815897946569527, "pearsonr": -0.002730157577513536, "spearmanr": 0.001560874439925029}, "total_time": 16.987, "epochs": 90}