{"arquitecture": "D", "trainable_params": 18625, "non_trainable_params": 0, "train_metrics": {"mse": 648.9156625107044, "mae": 21.03828033846266, "r2_score": 0.416334144212413, "kendalltau": 0.4653717154730236, "pearsonr": 0.6492772186183337, "spearmanr": 0.6487773700697199}, "test_metrics": {"mse": 731.2822231377739, "mae": 22.148106440901756, "r2": 0.3598875430530596, "kendalltau": 0.4321182143436409, "pearsonr": 0.6006232941950754, "spearmanr": 0.61468243193834}, "total_time": 35.1249, "epochs": 90}