{"arquitecture": "B", "trainable_params": 67345, "non_trainable_params": 0, "train_metrics": {"mse": 726.1491967320053, "mae": 22.480214847110002, "r2_score": 0.346866600969023, "kendalltau": 0.4225461967932627, "pearsonr": 0.5980667168778433, "spearmanr": 0.5974739785773985}, "test_metrics": {"mse": 780.6992690072744, "mae": 23.21944016643933, "r2": 0.31663137512536466, "kendalltau": 0.4010288321164762, "pearsonr": 0.5674310746870109, "spearmanr": 0.5757615560512159}, "total_time": 14.514, "epochs": 90}