{"arquitecture": "D", "trainable_params": 18625, "non_trainable_params": 0, "train_metrics": {"mse": 919.2967586507141, "mae": 25.137764765007635, "r2_score": 0.17314042431242316, "kendalltau": 0.3825409867093835, "pearsonr": 0.547177505707209, "spearmanr": 0.5494770911542953}, "test_metrics": {"mse": 1123.5469225038364, "mae": 27.871060905711992, "r2": 0.016526919014674957, "kendalltau": 0.1940783057837615, "pearsonr": 0.30655293931028693, "spearmanr": 0.2912388224300073}, "total_time": 26.4771, "epochs": 90}