{"arquitecture": "C", "trainable_params": 18945, "non_trainable_params": 0, "train_metrics": {"mse": 605.8954745919734, "mae": 19.742444271959148, "r2_score": 0.45502856360826893, "kendalltau": 0.5725116810827886, "pearsonr": 0.7674446230293137, "spearmanr": 0.7692339238565393}, "test_metrics": {"mse": 1147.5277073550876, "mae": 27.703754787865496, "r2": -0.004464154780042806, "kendalltau": 0.21328534236188862, "pearsonr": 0.3115844968122415, "spearmanr": 0.31572745618350173}, "total_time": 22.6969, "epochs": 90}