{"arquitecture": "C", "trainable_params": 18945, "non_trainable_params": 0, "train_metrics": {"mse": 530.2602012751355, "mae": 18.759507725260484, "r2_score": 0.5230585543737825, "kendalltau": 0.5838518035438071, "pearsonr": 0.7727713674327191, "spearmanr": 0.7822185120595675}, "test_metrics": {"mse": 1017.5524073241767, "mae": 26.541303610296122, "r2": 0.10930698037515618, "kendalltau": 0.2540457723749854, "pearsonr": 0.3714376535897048, "spearmanr": 0.3739335598897856}, "total_time": 25.8442, "epochs": 90}