{"arquitecture": "D", "trainable_params": 18945, "non_trainable_params": 0, "train_metrics": {"mse": 621.4003310975618, "mae": 20.274546454409595, "r2_score": 0.44108275236650585, "kendalltau": 0.5736774880647625, "pearsonr": 0.7728920106594659, "spearmanr": 0.7697829664128124}, "test_metrics": {"mse": 1118.3380923358932, "mae": 26.96289642514395, "r2": 0.02108635854585217, "kendalltau": 0.2494683710709316, "pearsonr": 0.3537036747952539, "spearmanr": 0.36801591398714273}, "total_time": 24.073, "epochs": 90}