{"arquitecture": "C", "trainable_params": 17793, "non_trainable_params": 0, "train_metrics": {"mse": 945.8026076217126, "mae": 25.270023447751658, "r2_score": 0.14929979306124086, "kendalltau": 0.3385936621329179, "pearsonr": 0.5010624672434846, "spearmanr": 0.48822521874043884}, "test_metrics": {"mse": 1009.0023038542679, "mae": 26.21781706597124, "r2": 0.11679113295825916, "kendalltau": 0.3004694191072033, "pearsonr": 0.454231620131412, "spearmanr": 0.43796720285096313}, "total_time": 23.0942, "epochs": 90}