{"arquitecture": "D", "trainable_params": 18625, "non_trainable_params": 0, "train_metrics": {"mse": 1111.776926463638, "mae": 29.297919405311305, "r2_score": 1.4533909345804119e-05, "kendalltau": 0.12816041496072478, "pearsonr": 0.20265137760656654, "spearmanr": 0.18892014799569196}, "test_metrics": {"mse": 1142.4268479535538, "mae": 30.115021488496236, "r2": 7.748199776225206e-07, "kendalltau": 0.12999209734280673, "pearsonr": 0.21520049749736314, "spearmanr": 0.1947830924898004}, "total_time": 23.4456, "epochs": 90}