{"arquitecture": "A", "trainable_params": 132881, "non_trainable_params": 0, "train_metrics": {"mse": 1111.7990671930293, "mae": 29.303051871395155, "r2_score": -5.380524092268857e-06, "kendalltau": 0.08026491319523629, "pearsonr": 0.09970025144126615, "spearmanr": 0.09778482911124574}, "test_metrics": {"mse": 1142.459000052431, "mae": 30.11885862691062, "r2": -2.736884105636328e-05, "kendalltau": 0.1608707850366044, "pearsonr": 0.19196518403256443, "spearmanr": 0.19612289671213592}, "total_time": 16.9711, "epochs": 90}