{"arquitecture": "B", "trainable_params": 67345, "non_trainable_params": 0, "train_metrics": {"mse": 1111.799309978509, "mae": 29.28848786488739, "r2_score": -5.59889699180971e-06, "kendalltau": 0.07572022246228602, "pearsonr": 0.10052714086219902, "spearmanr": 0.1121362306966043}, "test_metrics": {"mse": 1142.427569345932, "mae": 30.107960828713008, "r2": 1.4336438769468884e-07, "kendalltau": 0.04451942896195031, "pearsonr": 0.05558635160356895, "spearmanr": 0.06648498719610134}, "total_time": 14.8777, "epochs": 90}