{"arquitecture": "A", "trainable_params": 132881, "non_trainable_params": 0, "train_metrics": {"mse": 1111.79995733716, "mae": 29.304095451314808, "r2_score": -6.181162396812212e-06, "kendalltau": 0.15259411113934868, "pearsonr": 0.23282558353188573, "spearmanr": 0.22498128282814545}, "test_metrics": {"mse": 1142.4618188976945, "mae": 30.119620710611343, "r2": -2.9836257753101947e-05, "kendalltau": 0.19644465534927827, "pearsonr": 0.2707078596345363, "spearmanr": 0.2835446431508637}, "total_time": 17.1308, "epochs": 90}