{"arquitecture": "C", "trainable_params": 18945, "non_trainable_params": 0, "train_metrics": {"mse": 895.740260317194, "mae": 25.657146054857254, "r2_score": 0.19432826820880322, "kendalltau": 0.30842790119365276, "pearsonr": 0.45611280831331424, "spearmanr": 0.4493336467447424}, "test_metrics": {"mse": 997.2598985772014, "mae": 27.3720656058618, "r2": 0.12706959954003694, "kendalltau": 0.2427752377292976, "pearsonr": 0.3584942954787019, "spearmanr": 0.35421102377572594}, "total_time": 12.1422, "epochs": 40}