{"arquitecture": "D", "trainable_params": 18945, "non_trainable_params": 0, "train_metrics": {"mse": 948.8543785081835, "mae": 25.890403291949706, "r2_score": 0.14655488402448258, "kendalltau": 0.27826292041913403, "pearsonr": 0.4212808695204654, "spearmanr": 0.4065203701174326}, "test_metrics": {"mse": 1028.8498879591727, "mae": 27.012249476143293, "r2": 0.0994179691866327, "kendalltau": 0.23633779712206315, "pearsonr": 0.35636211610071206, "spearmanr": 0.34746751977496904}, "total_time": 17.7546, "epochs": 40}