{"arquitecture": "A", "trainable_params": 91921, "non_trainable_params": 0, "train_metrics": {"mse": 1024.9509453146984, "mae": 28.06795655922093, "r2_score": 0.07810998378000866, "kendalltau": 0.2681565992031913, "pearsonr": 0.35176236587717996, "spearmanr": 0.34146678239076433}, "test_metrics": {"mse": 1059.7505401880724, "mae": 29.000802482877457, "r2": 0.07236973555853665, "kendalltau": 0.26494890090483403, "pearsonr": 0.3352932136118831, "spearmanr": 0.3358504352940179}, "total_time": 10.4072, "epochs": 40}