{"arquitecture": "C", "trainable_params": 19649, "non_trainable_params": 0, "train_metrics": {"mse": 931.4205313837451, "mae": 26.10142695361658, "r2_score": 0.16223572190437796, "kendalltau": 0.2867571836229704, "pearsonr": 0.4202340883684395, "spearmanr": 0.41410486330293966}, "test_metrics": {"mse": 944.8098721271646, "mae": 26.347855237977846, "r2": 0.17298062299389128, "kendalltau": 0.2824878288896591, "pearsonr": 0.439144950648243, "spearmanr": 0.411916033605586}, "total_time": 16.1005, "epochs": 40}