{"arquitecture": "B", "trainable_params": 67345, "non_trainable_params": 0, "train_metrics": {"mse": 1111.7873799154097, "mae": 29.2938997461329, "r2_score": 5.131573685313029e-06, "kendalltau": 0.19811972755315346, "pearsonr": 0.3198246554991887, "spearmanr": 0.2920566964530173}, "test_metrics": {"mse": 1142.4277342944272, "mae": 30.112022195543563, "r2": -1.0197953592694375e-09, "kendalltau": 0.21622566436313373, "pearsonr": 0.3164681819852299, "spearmanr": 0.3188350266128463}, "total_time": 7.0667, "epochs": 40}