{"arquitecture": "B", "trainable_params": 132881, "non_trainable_params": 0, "train_metrics": {"mse": 1117.1493699244927, "mae": 28.747224851565363, "r2_score": -0.004817699293529598, "kendalltau": 0.10273114267361412, "pearsonr": 0.1608039617517658, "spearmanr": 0.15322540343634547}, "test_metrics": {"mse": 1134.1203039469212, "mae": 29.269734374114446, "r2": 0.0072717327683452515, "kendalltau": 0.12458503144039941, "pearsonr": 0.18514867058639334, "spearmanr": 0.18564597172996863}, "total_time": 14.3736, "epochs": 40}