{"arquitecture": "D", "trainable_params": 25793, "non_trainable_params": 0, "train_metrics": {"mse": 992.4329682591593, "mae": 26.139552937220476, "r2_score": 0.10735821125100031, "kendalltau": 0.32058586100424663, "pearsonr": 0.47504155881883886, "spearmanr": 0.46476617138078186}, "test_metrics": {"mse": 1040.4486545404764, "mae": 26.866444958107813, "r2": 0.08926523370503525, "kendalltau": 0.3059814789562485, "pearsonr": 0.4411691301686049, "spearmanr": 0.4455722911917166}, "total_time": 20.6616, "epochs": 40}