{"arquitecture": "C", "trainable_params": 18945, "non_trainable_params": 0, "train_metrics": {"mse": 850.1218831850017, "mae": 24.309173725506174, "r2_score": 0.23535962354007134, "kendalltau": 0.35265062173453626, "pearsonr": 0.5112294485768469, "spearmanr": 0.5054485840845572}, "test_metrics": {"mse": 981.1252295724016, "mae": 26.068516687024385, "r2": 0.1411927414569467, "kendalltau": 0.27445606887969837, "pearsonr": 0.4003075688440501, "spearmanr": 0.39932111785199154}, "total_time": 13.2981, "epochs": 40}