{"arquitecture": "C", "trainable_params": 18945, "non_trainable_params": 0, "train_metrics": {"mse": 864.522417607308, "mae": 24.187468379322222, "r2_score": 0.22240709252105717, "kendalltau": 0.3904448860276176, "pearsonr": 0.5680736421838288, "spearmanr": 0.5565097820640185}, "test_metrics": {"mse": 1054.8927929092722, "mae": 26.631089477001556, "r2": 0.07662186209392252, "kendalltau": 0.2693221598595986, "pearsonr": 0.3912063503064659, "spearmanr": 0.3952457990174974}, "total_time": 12.7442, "epochs": 40}