{"arquitecture": "D", "trainable_params": 18625, "non_trainable_params": 0, "train_metrics": {"mse": 1301.56206785927, "mae": 28.60428459008611, "r2_score": -0.1706873205348325, "kendalltau": 0.23611968921068932, "pearsonr": 0.3831166717648283, "spearmanr": 0.3494613593953174}, "test_metrics": {"mse": 1345.1076138711428, "mae": 28.630958590124333, "r2": -0.17741155511567386, "kendalltau": 0.23244224310974135, "pearsonr": 0.36929534819953025, "spearmanr": 0.3456849452527971}, "total_time": 16.4683, "epochs": 40}