{"arquitecture": "D", "trainable_params": 18625, "non_trainable_params": 0, "train_metrics": {"mse": 1116.200337108029, "mae": 29.142644028506137, "r2_score": -0.003964093681902758, "kendalltau": 0.04897559144752434, "pearsonr": 0.05603766943446208, "spearmanr": 0.07374461225994976}, "test_metrics": {"mse": 1146.4470193549964, "mae": 29.992329550640925, "r2": -0.0035181973520566068, "kendalltau": 0.03384766982763003, "pearsonr": 0.03823717872736925, "spearmanr": 0.05070289741396109}, "total_time": 14.4037, "epochs": 40}