{"arquitecture": "B", "trainable_params": 67345, "non_trainable_params": 0, "train_metrics": {"mse": 1111.8092586062546, "mae": 29.308032956632374, "r2_score": -1.4547169721934594e-05, "kendalltau": 0.01997156689195444, "pearsonr": 0.0050341529631130495, "spearmanr": 0.02822786068322896}, "test_metrics": {"mse": 1142.479088510866, "mae": 30.122525517429626, "r2": -4.495284908800912e-05, "kendalltau": 0.02417394070645224, "pearsonr": 0.025076851538553498, "spearmanr": 0.034320283252292895}, "total_time": 7.1967, "epochs": 40}