{"arquitecture": "C", "trainable_params": 18625, "non_trainable_params": 0, "train_metrics": {"mse": 1109.0865401340895, "mae": 27.382329673274047, "r2_score": 0.0024343963508833832, "kendalltau": 0.24715568811119284, "pearsonr": 0.3805806123308059, "spearmanr": 0.36399667604057284}, "test_metrics": {"mse": 1171.196800692902, "mae": 28.188406167285784, "r2": -0.025182395988157635, "kendalltau": 0.21207984011035702, "pearsonr": 0.32703275971959245, "spearmanr": 0.31427256683508703}, "total_time": 14.897, "epochs": 40}