{"arquitecture": "B", "trainable_params": 132881, "non_trainable_params": 0, "train_metrics": {"mse": 1111.7928192120376, "mae": 29.29791554313576, "r2_score": 2.392095389547322e-07, "kendalltau": 0.15619834624534024, "pearsonr": 0.2362186076085848, "spearmanr": 0.23002602935813715}, "test_metrics": {"mse": 1142.4423422838356, "mae": 30.11506927864892, "r2": -1.2787814955173005e-05, "kendalltau": 0.2012797240741148, "pearsonr": 0.28562350544760234, "spearmanr": 0.29490384183107954}, "total_time": 7.6332, "epochs": 40}