{"arquitecture": "D", "trainable_params": 18945, "non_trainable_params": 0, "train_metrics": {"mse": 851.1291409978385, "mae": 24.524723816283185, "r2_score": 0.2344536475754082, "kendalltau": 0.37284719091236795, "pearsonr": 0.5443142531602442, "spearmanr": 0.5326569766721302}, "test_metrics": {"mse": 1013.6659520517678, "mae": 26.685887172285998, "r2": 0.11270890695633518, "kendalltau": 0.2642885225000477, "pearsonr": 0.3840631215724731, "spearmanr": 0.38845627312700803}, "total_time": 11.3873, "epochs": 40}