{"arquitecture": "C", "trainable_params": 18625, "non_trainable_params": 0, "train_metrics": {"mse": 1210.8902101288943, "mae": 27.99370633112066, "r2_score": -0.08913270489604419, "kendalltau": 0.24612996228436523, "pearsonr": 0.3735387355358619, "spearmanr": 0.3626775072855764}, "test_metrics": {"mse": 1266.824059599721, "mae": 28.496299956526077, "r2": -0.10888769841886203, "kendalltau": 0.2139120402403188, "pearsonr": 0.33401761569381766, "spearmanr": 0.32050093634467164}, "total_time": 12.7006, "epochs": 40}