{"arquitecture": "A", "trainable_params": 132881, "non_trainable_params": 0, "train_metrics": {"mse": 874.5714899336501, "mae": 25.447688913961642, "r2_score": 0.21336847511963308, "kendalltau": 0.3845918699366024, "pearsonr": 0.5065681522821125, "spearmanr": 0.548770471268968}, "test_metrics": {"mse": 903.3665730447877, "mae": 25.82050039299897, "r2": 0.2092571399940989, "kendalltau": 0.3681398813304641, "pearsonr": 0.5003520489903021, "spearmanr": 0.5293341909374449}, "total_time": 15.7522, "epochs": 40}