{"arquitecture": "C", "trainable_params": 18625, "non_trainable_params": 0, "train_metrics": {"mse": 1102.8709945063529, "mae": 27.057898012401385, "r2_score": 0.008024956060851518, "kendalltau": 0.27826476359222807, "pearsonr": 0.4118787513235986, "spearmanr": 0.4055053963204435}, "test_metrics": {"mse": 1186.8012639446981, "mae": 27.84081577828952, "r2": -0.03884143349160807, "kendalltau": 0.22587444934379342, "pearsonr": 0.33457807053472527, "spearmanr": 0.3305733236687478}, "total_time": 11.411, "epochs": 40}