{"arquitecture": "D", "trainable_params": 18945, "non_trainable_params": 0, "train_metrics": {"mse": 886.5977867585451, "mae": 24.86262505587463, "r2_score": 0.20255144721634677, "kendalltau": 0.33650811177702317, "pearsonr": 0.4910354655878842, "spearmanr": 0.4847275888571599}, "test_metrics": {"mse": 998.51224425024, "mae": 26.496705711952277, "r2": 0.12597338519166135, "kendalltau": 0.26299000449594045, "pearsonr": 0.3893950363444983, "spearmanr": 0.38504997759837467}, "total_time": 12.6618, "epochs": 40}