{"arquitecture": "D", "trainable_params": 18625, "non_trainable_params": 0, "train_metrics": {"mse": 792.2041042339805, "mae": 23.047838297256618, "r2_score": 0.2874536504987848, "kendalltau": 0.4297477874981624, "pearsonr": 0.5923007971383379, "spearmanr": 0.6041265590684705}, "test_metrics": {"mse": 856.3608148638068, "mae": 23.740423348333156, "r2": 0.25040263814497177, "kendalltau": 0.40861955069402417, "pearsonr": 0.5659490228590629, "spearmanr": 0.5854809214365644}, "total_time": 26.9743, "epochs": 40}