{"arquitecture": "D", "trainable_params": 20161, "non_trainable_params": 0, "train_metrics": {"mse": 799.0832260245231, "mae": 23.35797984169795, "r2_score": 0.281266238576241, "kendalltau": 0.39816133018577343, "pearsonr": 0.5705393216914451, "spearmanr": 0.5689691502471361}, "test_metrics": {"mse": 889.4939907903674, "mae": 24.460941872426442, "r2": 0.22140021202581506, "kendalltau": 0.35451797624490644, "pearsonr": 0.5153557419421203, "spearmanr": 0.5136643255827255}, "total_time": 13.9776, "epochs": 40}