{"arquitecture": "C", "trainable_params": 18945, "non_trainable_params": 0, "train_metrics": {"mse": 965.4687057685663, "mae": 25.90678794444492, "r2_score": 0.13161116159798547, "kendalltau": 0.3044193897965111, "pearsonr": 0.4456750189628461, "spearmanr": 0.44185156175148144}, "test_metrics": {"mse": 1055.247223672799, "mae": 27.136804112366267, "r2": 0.07631161860696178, "kendalltau": 0.24477064377421923, "pearsonr": 0.36119972700052855, "spearmanr": 0.35892794631275476}, "total_time": 17.2825, "epochs": 40}