{"arquitecture": "D", "trainable_params": 19649, "non_trainable_params": 0, "train_metrics": {"mse": 831.5662283931922, "mae": 23.95662682772025, "r2_score": 0.2520494690153019, "kendalltau": 0.3967513027688406, "pearsonr": 0.5600442781427623, "spearmanr": 0.5641774978023012}, "test_metrics": {"mse": 897.8676669060567, "mae": 24.854836619326047, "r2": 0.214070491402917, "kendalltau": 0.354728546732059, "pearsonr": 0.5138229390194841, "spearmanr": 0.5110830623107916}, "total_time": 17.7153, "epochs": 40}