{"arquitecture": "D", "trainable_params": 17793, "non_trainable_params": 0, "train_metrics": {"mse": 967.0762098766342, "mae": 25.915061301509407, "r2_score": 0.1301652953396687, "kendalltau": 0.30243719580881245, "pearsonr": 0.4455971277979598, "spearmanr": 0.43927325938901174}, "test_metrics": {"mse": 1008.9974583032305, "mae": 26.590040513447352, "r2": 0.11679537440907217, "kendalltau": 0.28077819707730167, "pearsonr": 0.42651140614549865, "spearmanr": 0.4111450313977894}, "total_time": 11.2468, "epochs": 40}