{"arquitecture": "C", "trainable_params": 18625, "non_trainable_params": 0, "train_metrics": {"mse": 1255.6113718478107, "mae": 28.06578353445401, "r2_score": -0.1293570616722315, "kendalltau": 0.2554978895347718, "pearsonr": 0.4012706459528934, "spearmanr": 0.37566966620153924}, "test_metrics": {"mse": 1330.15629130092, "mae": 28.469778016209602, "r2": -0.16432423052029876, "kendalltau": 0.22884249049603858, "pearsonr": 0.3557653516324605, "spearmanr": 0.3382721760330377}, "total_time": 15.0052, "epochs": 40}