{"arquitecture": "C", "trainable_params": 25793, "non_trainable_params": 0, "train_metrics": {"mse": 1049.3223389670495, "mae": 27.292600427192042, "r2_score": 0.056189183967905176, "kendalltau": 0.2275314241790574, "pearsonr": 0.3490017353170471, "spearmanr": 0.3353587015565192}, "test_metrics": {"mse": 1078.3000248997228, "mae": 27.9115858482463, "r2": 0.05613283568843386, "kendalltau": 0.24324150095084965, "pearsonr": 0.344302389908513, "spearmanr": 0.35552611366449244}, "total_time": 19.9252, "epochs": 40}