{"arquitecture": "C", "trainable_params": 19649, "non_trainable_params": 0, "train_metrics": {"mse": 912.463517928714, "mae": 25.650813921265993, "r2_score": 0.17928656860238779, "kendalltau": 0.2989737348902, "pearsonr": 0.4438284705777659, "spearmanr": 0.433889595925799}, "test_metrics": {"mse": 937.3078191018916, "mae": 25.845858786787307, "r2": 0.1795473867442101, "kendalltau": 0.31539197429875554, "pearsonr": 0.45310611702134135, "spearmanr": 0.4581316540553274}, "total_time": 16.3789, "epochs": 40}