{"arquitecture": "C", "trainable_params": 18625, "non_trainable_params": 0, "train_metrics": {"mse": 1102.580743503307, "mae": 29.04523624878514, "r2_score": 0.008286021727583304, "kendalltau": 0.16752473535791096, "pearsonr": 0.2506508081667999, "spearmanr": 0.2476635268976251}, "test_metrics": {"mse": 1134.9660107674479, "mae": 29.913282645600184, "r2": 0.006531461155531604, "kendalltau": 0.13190486266046353, "pearsonr": 0.20713857435719393, "spearmanr": 0.1952722044862631}, "total_time": 21.7629, "epochs": 40}