{"arquitecture": "C", "trainable_params": 19649, "non_trainable_params": 0, "train_metrics": {"mse": 740.2976448254375, "mae": 22.763129239563966, "r2_score": 0.33414080847918126, "kendalltau": 0.409013011776874, "pearsonr": 0.5847059140262971, "spearmanr": 0.5801848804047539}, "test_metrics": {"mse": 773.657276288658, "mae": 23.4521815996351, "r2": 0.3227954347979417, "kendalltau": 0.405014784497294, "pearsonr": 0.5710455492635479, "spearmanr": 0.5800821041461748}, "total_time": 19.5817, "epochs": 40}