{"arquitecture": "B", "trainable_params": 91921, "non_trainable_params": 0, "train_metrics": {"mse": 1083.53272374475, "mae": 28.923280693116286, "r2_score": 0.02541872385781363, "kendalltau": 0.2725458129793794, "pearsonr": 0.3422659551004306, "spearmanr": 0.3329925403771585}, "test_metrics": {"mse": 1112.1077788649136, "mae": 29.699727003063476, "r2": 0.026539931923236226, "kendalltau": 0.2973575069019676, "pearsonr": 0.36220378846676426, "spearmanr": 0.3632147002289529}, "total_time": 10.5997, "epochs": 40}