{"arquitecture": "C", "trainable_params": 19649, "non_trainable_params": 0, "train_metrics": {"mse": 905.4471507841583, "mae": 24.79347308575679, "r2_score": 0.1855974255758538, "kendalltau": 0.35786127207135854, "pearsonr": 0.5148275535941648, "spearmanr": 0.5135774366736224}, "test_metrics": {"mse": 972.6146769989633, "mae": 25.307200603187084, "r2": 0.148642273997728, "kendalltau": 0.3438089628982921, "pearsonr": 0.48284660850944405, "spearmanr": 0.49228896380871945}, "total_time": 19.91, "epochs": 40}