{"arquitecture": "A", "trainable_params": 91921, "non_trainable_params": 0, "train_metrics": {"mse": 1072.9996052987512, "mae": 28.74667366798441, "r2_score": 0.0348927155443598, "kendalltau": 0.2791423513324258, "pearsonr": 0.3494127303855208, "spearmanr": 0.34128963648394034}, "test_metrics": {"mse": 1105.1055641371722, "mae": 29.6099682365145, "r2": 0.032669172771198296, "kendalltau": 0.2721114658627681, "pearsonr": 0.33357539937935865, "spearmanr": 0.3324989880680243}, "total_time": 10.3363, "epochs": 40}