{"arquitecture": "C", "trainable_params": 18625, "non_trainable_params": 0, "train_metrics": {"mse": 1206.8488598207002, "mae": 29.192024877392086, "r2_score": -0.08549772068708994, "kendalltau": -0.026407509569698322, "pearsonr": -0.049984514375222756, "spearmanr": -0.03794004745932922}, "test_metrics": {"mse": 1235.5632310645171, "mae": 29.98592264311654, "r2": -0.0815241920642209, "kendalltau": -0.03687623676062707, "pearsonr": -0.0695716388563583, "spearmanr": -0.05441814278353323}, "total_time": 15.7099, "epochs": 40}