{"arquitecture": "D", "trainable_params": 20161, "non_trainable_params": 0, "train_metrics": {"mse": 767.6642288247923, "mae": 23.2741661980256, "r2_score": 0.30952599087997934, "kendalltau": 0.3921885277745698, "pearsonr": 0.5658897649032513, "spearmanr": 0.5596448240317182}, "test_metrics": {"mse": 810.2971841175031, "mae": 23.980391647666693, "r2": 0.29072346493383516, "kendalltau": 0.38516600929165434, "pearsonr": 0.5459362444140266, "spearmanr": 0.55448779386622}, "total_time": 24.9388, "epochs": 40}