{"arquitecture": "D", "trainable_params": 18625, "non_trainable_params": 0, "train_metrics": {"mse": 1245.8558807010563, "mae": 28.19042954095646, "r2_score": -0.12058250525796899, "kendalltau": 0.26531739419321565, "pearsonr": 0.40212169393406244, "spearmanr": 0.3880953861134058}, "test_metrics": {"mse": 1309.3704035376704, "mae": 28.499721171600477, "r2": -0.14612974244855703, "kendalltau": 0.23185064031250333, "pearsonr": 0.34498136525124234, "spearmanr": 0.34176201501384995}, "total_time": 12.7032, "epochs": 40}