{"arquitecture": "B", "trainable_params": 91921, "non_trainable_params": 0, "train_metrics": {"mse": 1049.5010408755072, "mae": 28.440510959360463, "r2_score": 0.05602845090449404, "kendalltau": 0.2636380873196475, "pearsonr": 0.3554425838682568, "spearmanr": 0.34528607466809375}, "test_metrics": {"mse": 1083.9732418601445, "mae": 29.271619477442332, "r2": 0.05116690498148102, "kendalltau": 0.2571583872256475, "pearsonr": 0.3393030136892422, "spearmanr": 0.3360518486830958}, "total_time": 9.1621, "epochs": 40}