{"arquitecture": "C", "trainable_params": 20161, "non_trainable_params": 0, "train_metrics": {"mse": 867.461871502404, "mae": 24.499309643881922, "r2_score": 0.21976320677080208, "kendalltau": 0.36724763105270536, "pearsonr": 0.5323920502733616, "spearmanr": 0.5262913123213793}, "test_metrics": {"mse": 956.9195571225818, "mae": 25.617705624018395, "r2": 0.16238066586378397, "kendalltau": 0.31893657749915644, "pearsonr": 0.4677866491792877, "spearmanr": 0.46719855860273074}, "total_time": 15.623, "epochs": 40}