{"arquitecture": "D", "trainable_params": 18625, "non_trainable_params": 0, "train_metrics": {"mse": 1149.0125376007645, "mae": 29.060136783174375, "r2_score": -0.033476959817339, "kendalltau": 0.11046224495603253, "pearsonr": 0.1352646244421778, "spearmanr": 0.16378200021212394}, "test_metrics": {"mse": 1178.4065266541945, "mae": 29.864318106855666, "r2": -0.031493277413929155, "kendalltau": 0.13002655263079865, "pearsonr": 0.1685398762675228, "spearmanr": 0.18965519858469757}, "total_time": 18.8384, "epochs": 40}