{"arquitecture": "A", "trainable_params": 18193, "non_trainable_params": 0, "train_metrics": {"mse": 1111.7943453636492, "mae": 29.292683051270465, "r2_score": -1.1334843839083675e-06, "kendalltau": -0.02117059562809626, "pearsonr": -0.01625172834981779, "spearmanr": -0.026356855320355393}, "test_metrics": {"mse": 1142.4319493847345, "mae": 30.11112760220255, "r2": -3.6906101170686156e-06, "kendalltau": -0.03063318381903387, "pearsonr": -0.022723902048597817, "spearmanr": -0.03797143714858622}, "total_time": 12.3899, "epochs": 40}