{"arquitecture": "A", "trainable_params": 67345, "non_trainable_params": 0, "train_metrics": {"mse": null, "mae": null, "r2_score": null, "kendalltau": null, "pearsonr": null, "spearmanr": null}, "test_metrics": {"mse": 1142.5182965426418, "mae": 30.117839647190912, "r2": -7.927277203734207e-05, "kendalltau": -0.012893250283608396, "pearsonr": -0.015945706892477658, "spearmanr": -0.01570295339362259}, "total_time": 10.3087, "epochs": 40}