{"arquitecture": "C", "trainable_params": 18625, "non_trainable_params": 0, "train_metrics": {"mse": 1434.4187590072167, "mae": 29.829662465889413, "r2_score": -0.29018499768435624, "kendalltau": 0.24906798019624876, "pearsonr": 0.38129655776818777, "spearmanr": 0.3665257154140988}, "test_metrics": {"mse": 1488.7451966619853, "mae": 30.189414105245046, "r2": -0.3031416810794272, "kendalltau": 0.2061560272968673, "pearsonr": 0.32576020899183983, "spearmanr": 0.3030959197853676}, "total_time": 14.688, "epochs": 40}