{"arquitecture": "A", "trainable_params": 67345, "non_trainable_params": 0, "train_metrics": {"mse": 1111.7930935239174, "mae": 29.29591114341842, "r2_score": -7.519716183068681e-09, "kendalltau": 0.01161799168605436, "pearsonr": 0.014249371550690578, "spearmanr": 0.014148457043586925}, "test_metrics": {"mse": 1142.438222728312, "mae": 30.113566096339905, "r2": -9.18184898979213e-06, "kendalltau": 0.029089279432232735, "pearsonr": 0.03928983161810453, "spearmanr": 0.035382902568784624}, "total_time": 8.4855, "epochs": 40}