{"arquitecture": "A", "trainable_params": 91921, "non_trainable_params": 0, "train_metrics": {"mse": 1027.378068981553, "mae": 28.14215690134358, "r2_score": 0.07592691239807281, "kendalltau": 0.26133983875309214, "pearsonr": 0.33763951046968343, "spearmanr": 0.33355656673181544}, "test_metrics": {"mse": 1063.2250844324078, "mae": 29.053972308124816, "r2": 0.0693283666005039, "kendalltau": 0.25621198202663414, "pearsonr": 0.31894866855332155, "spearmanr": 0.32610863416188385}, "total_time": 11.0487, "epochs": 40}