{"arquitecture": "A", "trainable_params": 91921, "non_trainable_params": 0, "train_metrics": {"mse": 1073.814656799809, "mae": 28.777491763540866, "r2_score": 0.03415961915085419, "kendalltau": 0.2774467250074931, "pearsonr": 0.34580290311897993, "spearmanr": 0.3389173285834249}, "test_metrics": {"mse": 1107.0134684502107, "mae": 29.658381700515747, "r2": 0.030999129005880754, "kendalltau": 0.27022793388855954, "pearsonr": 0.32261055165949226, "spearmanr": 0.3295890019885026}, "total_time": 10.4928, "epochs": 40}