{"arquitecture": "D", "trainable_params": 18945, "non_trainable_params": 0, "train_metrics": {"mse": 915.9035959529255, "mae": 25.658344744951204, "r2_score": 0.17619239751055604, "kendalltau": 0.3046702010361177, "pearsonr": 0.4519256354246141, "spearmanr": 0.44333017454113943}, "test_metrics": {"mse": 1007.9000872949902, "mae": 26.838845940572874, "r2": 0.11775593495607006, "kendalltau": 0.2446152227003685, "pearsonr": 0.3733884237857682, "spearmanr": 0.35996022305531855}, "total_time": 12.5494, "epochs": 40}