{"arquitecture": "D", "trainable_params": 19649, "non_trainable_params": 0, "train_metrics": {"mse": 863.3695131906619, "mae": 24.75673752734968, "r2_score": 0.223444070023464, "kendalltau": 0.34076676321077903, "pearsonr": 0.49075871567592766, "spearmanr": 0.49218825132309446}, "test_metrics": {"mse": 902.632813432543, "mae": 25.169770385537827, "r2": 0.20989942098130399, "kendalltau": 0.3337416881791902, "pearsonr": 0.47709314177454815, "spearmanr": 0.485473194513282}, "total_time": 25.1374, "epochs": 40}