{"arquitecture": "A", "trainable_params": 132881, "non_trainable_params": 0, "train_metrics": {"mse": 1111.7930785066899, "mae": 29.295208550686468, "r2_score": 5.98749816393962e-09, "kendalltau": 0.048766640369760576, "pearsonr": 0.07314100468562751, "spearmanr": 0.06670963556908628}, "test_metrics": {"mse": 1142.4366006267426, "mae": 30.11303543618747, "r2": -7.761976623221756e-06, "kendalltau": 0.012082765555644411, "pearsonr": 0.026251114371447004, "spearmanr": 0.016757537373108245}, "total_time": 13.1972, "epochs": 40}