{"arquitecture": "A", "trainable_params": 91921, "non_trainable_params": 0, "train_metrics": {"mse": 1044.7177038275374, "mae": 28.345906892651403, "r2_score": 0.06033081355794245, "kendalltau": 0.2785906036297076, "pearsonr": 0.35805936537275074, "spearmanr": 0.34859635142097456}, "test_metrics": {"mse": 1076.0583624758635, "mae": 29.220879163060868, "r2": 0.0580950275705574, "kendalltau": 0.2841726101424565, "pearsonr": 0.35114964836843987, "spearmanr": 0.3551005772085651}, "total_time": 9.7236, "epochs": 40}