{"arquitecture": "C", "trainable_params": 18945, "non_trainable_params": 0, "train_metrics": {"mse": 816.7536122691575, "mae": 24.132789816794755, "r2_score": 0.2653726460719892, "kendalltau": 0.3721560010021068, "pearsonr": 0.5435881564066939, "spearmanr": 0.5336167807580471}, "test_metrics": {"mse": 998.1443736634404, "mae": 26.768136094723427, "r2": 0.12629539294421466, "kendalltau": 0.24261981665544693, "pearsonr": 0.37131787786937587, "spearmanr": 0.35527006111685083}, "total_time": 12.129, "epochs": 40}