{"arquitecture": "B", "trainable_params": 91921, "non_trainable_params": 0, "train_metrics": {"mse": 1065.106168022559, "mae": 28.64338477734118, "r2_score": 0.041992451440838297, "kendalltau": 0.2495564871953409, "pearsonr": 0.32314991954079564, "spearmanr": 0.3131319750770192}, "test_metrics": {"mse": 1092.7161414850818, "mae": 29.384252262966974, "r2": 0.04351399235392395, "kendalltau": 0.27736047105997075, "pearsonr": 0.3402210750313012, "spearmanr": 0.35067390591833386}, "total_time": 9.4644, "epochs": 40}