{"arquitecture": "D", "trainable_params": 19649, "non_trainable_params": 0, "train_metrics": {"mse": 840.8667494778903, "mae": 24.55033128874447, "r2_score": 0.24368413448605364, "kendalltau": 0.35469155646031464, "pearsonr": 0.5079067981601927, "spearmanr": 0.5106277957230188}, "test_metrics": {"mse": 885.2381803192302, "mae": 24.963790940386907, "r2": 0.22512544588325967, "kendalltau": 0.34697754737163494, "pearsonr": 0.4861148557102792, "spearmanr": 0.5032678830927191}, "total_time": 16.6221, "epochs": 40}