{"arquitecture": "A", "trainable_params": 91921, "non_trainable_params": 0, "train_metrics": {"mse": 1031.9357600328683, "mae": 28.21461546346866, "r2_score": 0.07182750657145276, "kendalltau": 0.2539497036682706, "pearsonr": 0.3414977526979353, "spearmanr": 0.3352775784385871}, "test_metrics": {"mse": 1068.5300891651711, "mae": 29.071949005126953, "r2": 0.06468474269421831, "kendalltau": 0.2471439877672548, "pearsonr": 0.3197050625485221, "spearmanr": 0.32594881219677274}, "total_time": 11.2914, "epochs": 40}