{"arquitecture": "C", "trainable_params": 20161, "non_trainable_params": 0, "train_metrics": {"mse": 881.4230026536699, "mae": 25.549042735047294, "r2_score": 0.20720589611869267, "kendalltau": 0.32253409496463614, "pearsonr": 0.47714935170225603, "spearmanr": 0.46589203552034003}, "test_metrics": {"mse": 904.7764125418151, "mae": 25.770235346896307, "r2": 0.20802306675152682, "kendalltau": 0.34507739940423476, "pearsonr": 0.47703218978585266, "spearmanr": 0.4927026603063636}, "total_time": 21.9902, "epochs": 40}