{"arquitecture": "A", "trainable_params": 132881, "non_trainable_params": 0, "train_metrics": {"mse": 1111.7929188742332, "mae": 29.295213837210444, "r2_score": 1.4956858251924388e-07, "kendalltau": 0.10161062998910952, "pearsonr": 0.1466522011879671, "spearmanr": 0.14652192950686607}, "test_metrics": {"mse": 1142.4363428398642, "mae": 30.113037019968033, "r2": -7.5363283207341425e-06, "kendalltau": 0.15126875161053582, "pearsonr": 0.20931709727275297, "spearmanr": 0.21526164021365082}, "total_time": 8.9932, "epochs": 40}