{"arquitecture": "B", "trainable_params": 165649, "non_trainable_params": 0, "train_metrics": {"mse": 1111.7932311619716, "mae": 29.29709766583331, "r2_score": -1.3131798026755348e-07, "kendalltau": 0.0515327014800707, "pearsonr": 0.0764840380391801, "spearmanr": 0.07430096706845145}, "test_metrics": {"mse": 1142.4410230011576, "mae": 30.11446017452649, "r2": -1.1633008712763626e-05, "kendalltau": 0.07915049742180183, "pearsonr": 0.1260906388818126, "spearmanr": 0.11729385220858785}, "total_time": 7.9539, "epochs": 40}