{"arquitecture": "A", "trainable_params": 67345, "non_trainable_params": 0, "train_metrics": {"mse": null, "mae": null, "r2_score": null, "kendalltau": null, "pearsonr": null, "spearmanr": null}, "test_metrics": {"mse": 1142.5530653402761, "mae": 30.117531427315303, "r2": -0.00010970690509082281, "kendalltau": -0.042181621298224996, "pearsonr": -0.052536838262273164, "spearmanr": -0.05137385986802453}, "total_time": 12.4596, "epochs": 40}