{"arquitecture": "D", "trainable_params": 18945, "non_trainable_params": 0, "train_metrics": {"mse": 888.3704415154073, "mae": 24.94676973352939, "r2_score": 0.20095703654720554, "kendalltau": 0.3464741486964424, "pearsonr": 0.5034159513868883, "spearmanr": 0.49863184162368357}, "test_metrics": {"mse": 1012.3171365879158, "mae": 26.8619543622647, "r2": 0.11388956409966045, "kendalltau": 0.2487363879489252, "pearsonr": 0.3808000913563173, "spearmanr": 0.36756019967935133}, "total_time": 12.7888, "epochs": 40}