{"arquitecture": "C", "trainable_params": 17793, "non_trainable_params": 0, "train_metrics": {"mse": 887.1200620135818, "mae": 25.277692846843305, "r2_score": 0.20208168781416458, "kendalltau": 0.3091591094078088, "pearsonr": 0.45499832519096417, "spearmanr": 0.4483938833109985}, "test_metrics": {"mse": 939.985405256877, "mae": 25.99856852846486, "r2": 0.17720361822622188, "kendalltau": 0.27863238354155684, "pearsonr": 0.42450463980800796, "spearmanr": 0.4065606188695335}, "total_time": 15.5493, "epochs": 40}