{"arquitecture": "A", "trainable_params": 67345, "non_trainable_params": 0, "train_metrics": {"mse": 1111.8628180796, "mae": 29.30082436393128, "r2_score": -6.272112768246352e-05, "kendalltau": -0.018722991476763068, "pearsonr": -0.027582056385043158, "spearmanr": -0.022832627740437084}, "test_metrics": {"mse": 1142.3630990975496, "mae": 30.114999375173024, "r2": 5.65760353680167e-05, "kendalltau": -0.017501463992352695, "pearsonr": 0.026576963540131598, "spearmanr": -0.021314697802764227}, "total_time": 11.0817, "epochs": 40}