{"arquitecture": "A", "trainable_params": 132881, "non_trainable_params": 0, "train_metrics": {"mse": 1111.7937027745506, "mae": 29.293429499325313, "r2_score": -5.555089428455062e-07, "kendalltau": 0.1292258489322988, "pearsonr": 0.16737353852797177, "spearmanr": 0.16984610237626374}, "test_metrics": {"mse": 1142.433048555088, "mae": 30.11169065322195, "r2": -4.652745682953707e-06, "kendalltau": 0.17353263506973302, "pearsonr": 0.22591729621416676, "spearmanr": 0.22952432330310185}, "total_time": 9.7021, "epochs": 40}