{"arquitecture": "B", "trainable_params": 91921, "non_trainable_params": 0, "train_metrics": {"mse": 1047.731164209394, "mae": 28.419002916437407, "r2_score": 0.05762036282563432, "kendalltau": 0.27886257126590946, "pearsonr": 0.35186449796761987, "spearmanr": 0.3432949398092772}, "test_metrics": {"mse": 1079.888329039001, "mae": 29.301632668290818, "r2": 0.054742547188584956, "kendalltau": 0.281553676952207, "pearsonr": 0.3398326096161618, "spearmanr": 0.3453355531420312}, "total_time": 9.0525, "epochs": 40}