{"arquitecture": "A", "trainable_params": 165649, "non_trainable_params": 0, "train_metrics": {"mse": 1111.794491236466, "mae": 29.292445020735006, "r2_score": -1.2646893883250243e-06, "kendalltau": 0.003181776378262925, "pearsonr": 0.008834767771587603, "spearmanr": 0.0038769881308751883}, "test_metrics": {"mse": 1142.4315735322423, "mae": 30.11094762172018, "r2": -3.3616155723503738e-06, "kendalltau": -0.0003714105019969496, "pearsonr": 0.005811182030102843, "spearmanr": -0.00045234845166814054}, "total_time": 9.5008, "epochs": 40}