{"arquitecture": "D", "trainable_params": 19649, "non_trainable_params": 0, "train_metrics": {"mse": 887.4118874797927, "mae": 25.53275471363643, "r2_score": 0.20181920599978276, "kendalltau": 0.32100979081587344, "pearsonr": 0.4642435319201353, "spearmanr": 0.4640190403504712}, "test_metrics": {"mse": 919.8418762900947, "mae": 26.08074660173484, "r2": 0.19483583108541458, "kendalltau": 0.32638174829490657, "pearsonr": 0.45566913883315563, "spearmanr": 0.4726346722260901}, "total_time": 13.119, "epochs": 40}