{"arquitecture": "B", "trainable_params": 132881, "non_trainable_params": 0, "train_metrics": {"mse": 1111.8015534158765, "mae": 29.28759624103201, "r2_score": -7.616752110140013e-06, "kendalltau": 0.16875897509545362, "pearsonr": 0.24936185522755236, "spearmanr": 0.24428721707490594}, "test_metrics": {"mse": 1142.4273289453067, "mae": 30.107282242604665, "r2": 3.5379400031843034e-07, "kendalltau": 0.20797169441606184, "pearsonr": 0.28015047619855854, "spearmanr": 0.2960039599708734}, "total_time": 8.2739, "epochs": 40}