{"arquitecture": "C", "trainable_params": 19649, "non_trainable_params": 0, "train_metrics": {"mse": 845.0084328113804, "mae": 24.51095972157027, "r2_score": 0.2399589059441969, "kendalltau": 0.34776068351607514, "pearsonr": 0.4957688023490541, "spearmanr": 0.5000791832990202}, "test_metrics": {"mse": 889.486239752732, "mae": 24.80856482152428, "r2": 0.22140699673298803, "kendalltau": 0.3348647307773371, "pearsonr": 0.47474973660665454, "spearmanr": 0.4862542569710365}, "total_time": 14.2254, "epochs": 40}