{"arquitecture": "B", "trainable_params": 165649, "non_trainable_params": 0, "train_metrics": {"mse": 1111.7949386497107, "mae": 29.291582431674517, "r2_score": -1.6671143097113372e-06, "kendalltau": 0.09180221865869308, "pearsonr": 0.1346985466367649, "spearmanr": 0.12620133410271106}, "test_metrics": {"mse": 1142.4300047085749, "mae": 30.11029381411416, "r2": -1.9883788922037127e-06, "kendalltau": 0.08624263881954244, "pearsonr": 0.1330691453821992, "spearmanr": 0.11946856606852684}, "total_time": 11.7991, "epochs": 40}