{"arquitecture": "D", "trainable_params": 18625, "non_trainable_params": 0, "train_metrics": {"mse": 1193.1014724814568, "mae": 27.770239819517084, "r2_score": -0.07313266146636188, "kendalltau": 0.2903882346182091, "pearsonr": 0.4229854003167984, "spearmanr": 0.4243073191576389}, "test_metrics": {"mse": 1271.588240119951, "mae": 28.462399819067546, "r2": -0.11305792326729058, "kendalltau": 0.22136222461909638, "pearsonr": 0.34963393706776436, "spearmanr": 0.32882591831226593}, "total_time": 12.3544, "epochs": 40}