{"arquitecture": "B", "trainable_params": 91921, "non_trainable_params": 0, "train_metrics": {"mse": 1061.3427656652455, "mae": 28.594952593812994, "r2_score": 0.04537743593798482, "kendalltau": 0.27139877521641176, "pearsonr": 0.3451981944199084, "spearmanr": 0.33660560839962766}, "test_metrics": {"mse": 1091.6198768946335, "mae": 29.395950074706757, "r2": 0.04447358442146365, "kendalltau": 0.28562614977533884, "pearsonr": 0.3432841280604092, "spearmanr": 0.35488880569547704}, "total_time": 8.6196, "epochs": 40}