{"arquitecture": "D", "trainable_params": 18945, "non_trainable_params": 0, "train_metrics": {"mse": 857.6919143157241, "mae": 24.442794425684966, "r2_score": 0.2285507746348734, "kendalltau": 0.33464297404794086, "pearsonr": 0.4942365336915417, "spearmanr": 0.4819209076275871}, "test_metrics": {"mse": 995.4844090862624, "mae": 26.502850235572883, "r2": 0.12862373678605388, "kendalltau": 0.2565976861359529, "pearsonr": 0.3779648411650973, "spearmanr": 0.374988568125828}, "total_time": 11.8188, "epochs": 40}