{"arquitecture": "D", "trainable_params": 19649, "non_trainable_params": 0, "train_metrics": {"mse": 898.4266711767248, "mae": 25.768733517184334, "r2_score": 0.19191198149558308, "kendalltau": 0.30652337188334616, "pearsonr": 0.45312638873422445, "spearmanr": 0.4416049995203523}, "test_metrics": {"mse": 933.2997041896821, "mae": 26.27413129593645, "r2": 0.18305580552290213, "kendalltau": 0.30049160554120036, "pearsonr": 0.44509006830988074, "spearmanr": 0.43932489265156693}, "total_time": 16.7406, "epochs": 40}