{"arquitecture": "B", "trainable_params": 91921, "non_trainable_params": 0, "train_metrics": {"mse": 1024.9660723492555, "mae": 28.097897226014965, "r2_score": 0.07809637779994016, "kendalltau": 0.26808669000639734, "pearsonr": 0.3500196302176333, "spearmanr": 0.3437597637447194}, "test_metrics": {"mse": 1054.682427194922, "mae": 28.902375127587998, "r2": 0.07680600128124271, "kendalltau": 0.2843103180075973, "pearsonr": 0.3498938671027933, "spearmanr": 0.3639829807322783}, "total_time": 8.4311, "epochs": 40}