{"arquitecture": "D", "trainable_params": 18625, "non_trainable_params": 0, "train_metrics": {"mse": 1627.2455729354926, "mae": 31.361215785452487, "r2_score": -0.4636226782217472, "kendalltau": 0.22375711777483684, "pearsonr": 0.35805777834573493, "spearmanr": 0.3315650672404819}, "test_metrics": {"mse": 1666.1868838166931, "mae": 31.448225063937052, "r2": -0.45846151620689923, "kendalltau": 0.21246311474538832, "pearsonr": 0.33838246700478647, "spearmanr": 0.31465981007126853}, "total_time": 13.0009, "epochs": 40}