{"arquitecture": "C", "trainable_params": 19649, "non_trainable_params": 0, "train_metrics": {"mse": 926.6415451774279, "mae": 24.863689888744847, "r2_score": 0.1665341712022652, "kendalltau": 0.3608269375796525, "pearsonr": 0.5213096682126989, "spearmanr": 0.5186477383505296}, "test_metrics": {"mse": 1004.7277311956393, "mae": 25.956916954368353, "r2": 0.12053278990046201, "kendalltau": 0.32956035993430427, "pearsonr": 0.47192923994996866, "spearmanr": 0.4809374148683215}, "total_time": 14.3982, "epochs": 40}