{"arquitecture": "A", "trainable_params": 67345, "non_trainable_params": 0, "train_metrics": {"mse": 1111.8017851284162, "mae": 29.287640910790035, "r2_score": -7.825165476704754e-06, "kendalltau": 0.05991061029355973, "pearsonr": 0.07791941754211654, "spearmanr": 0.08323646453836962}, "test_metrics": {"mse": 1142.4277504594513, "mae": 30.107318775994436, "r2": -1.516950809410389e-08, "kendalltau": 0.02861076595208696, "pearsonr": 0.026157876013236252, "spearmanr": 0.03903945243320876}, "total_time": 8.8328, "epochs": 40}