{"arquitecture": "D", "trainable_params": 18625, "non_trainable_params": 0, "train_metrics": {"mse": 1332.7307992066644, "mae": 28.891468330226257, "r2_score": -0.19872197173326978, "kendalltau": 0.24705154883138017, "pearsonr": 0.36827972026207106, "spearmanr": 0.36385419827723064}, "test_metrics": {"mse": 1387.4727539837816, "mae": 29.152661668402807, "r2": -0.214494986202024, "kendalltau": 0.2239241655461188, "pearsonr": 0.33424571670042247, "spearmanr": 0.3310303726697343}, "total_time": 12.5173, "epochs": 40}