{"arquitecture": "A", "trainable_params": 91921, "non_trainable_params": 0, "train_metrics": {"mse": 1058.5388762874472, "mae": 28.56001752868915, "r2_score": 0.047899388462438464, "kendalltau": 0.2728765653486185, "pearsonr": 0.3427350851764062, "spearmanr": 0.3382990079961475}, "test_metrics": {"mse": 1085.9643748147917, "mae": 29.328095116785594, "r2": 0.04942400878165487, "kendalltau": 0.2853647354328388, "pearsonr": 0.3592524423961208, "spearmanr": 0.35739595008165925}, "total_time": 10.723, "epochs": 40}