{"arquitecture": "A", "trainable_params": 91921, "non_trainable_params": 0, "train_metrics": {"mse": 1080.8778796871218, "mae": 28.86674616746551, "r2_score": 0.02780661787609473, "kendalltau": 0.26155606269358406, "pearsonr": 0.32565824407090727, "spearmanr": 0.3197174821882643}, "test_metrics": {"mse": 1111.5032865017747, "mae": 29.694323744092667, "r2": 0.0270690615527166, "kendalltau": 0.264204362044501, "pearsonr": 0.32055822055360317, "spearmanr": 0.3225853038020829}, "total_time": 13.0114, "epochs": 40}