{"arquitecture": "B", "trainable_params": 67345, "non_trainable_params": 0, "train_metrics": {"mse": 1111.7931820015694, "mae": 29.29394639171785, "r2_score": -8.710075816154017e-08, "kendalltau": 0.08451001423956468, "pearsonr": 0.1144363808163355, "spearmanr": 0.12361725411722292}, "test_metrics": {"mse": 1142.4339152433884, "mae": 30.112083371196473, "r2": -5.411382991482583e-06, "kendalltau": 0.04769574856286658, "pearsonr": 0.056227223106466065, "spearmanr": 0.06986393802077903}, "total_time": 7.3759, "epochs": 40}