{"arquitecture": "B", "trainable_params": 67345, "non_trainable_params": 0, "train_metrics": {"mse": 1111.7971417860947, "mae": 29.290249148414944, "r2_score": -3.6487207915048003e-06, "kendalltau": -0.053611786657681, "pearsonr": -0.09121414378069886, "spearmanr": -0.07383780985499545}, "test_metrics": {"mse": 1142.42913932327, "mae": 30.109289407730103, "r2": -1.230882133551603e-06, "kendalltau": -0.07283349377394445, "pearsonr": -0.11170405741589635, "spearmanr": -0.10138863597850123}, "total_time": 7.748, "epochs": 40}