{"arquitecture": "B", "trainable_params": 132881, "non_trainable_params": 0, "train_metrics": {"mse": 1111.792989134798, "mae": 29.29460839417176, "r2_score": 8.637286219581597e-08, "kendalltau": 0.11129313315067973, "pearsonr": 0.1653359357156497, "spearmanr": 0.16079768775970193}, "test_metrics": {"mse": 1142.4349923776701, "mae": 30.112579171146667, "r2": -6.354229747040918e-06, "kendalltau": 0.16516777482922615, "pearsonr": 0.23475980745252242, "spearmanr": 0.23621414107177657}, "total_time": 7.7722, "epochs": 40}