{"arquitecture": "A", "trainable_params": 67345, "non_trainable_params": 0, "train_metrics": {"mse": 1111.7974678408782, "mae": 29.290005407703156, "r2_score": -3.941990094791237e-06, "kendalltau": -0.12702129837635265, "pearsonr": -0.15221077783082784, "spearmanr": -0.16054037056090964}, "test_metrics": {"mse": 1142.4288816214296, "mae": 30.109104769570486, "r2": -1.0053082672989433e-06, "kendalltau": -0.10605402698077837, "pearsonr": -0.13029655036000165, "spearmanr": -0.13441856178042116}, "total_time": 9.105, "epochs": 40}