{"arquitecture": "A", "trainable_params": 132881, "non_trainable_params": 0, "train_metrics": {"mse": 1111.7960547296202, "mae": 29.290989157684457, "r2_score": -2.6709700851057505e-06, "kendalltau": -0.008019024544539217, "pearsonr": -0.009143698540325403, "spearmanr": -0.009771165312801961}, "test_metrics": {"mse": 1142.429760138471, "mae": 30.109847835132054, "r2": -1.7742996145653223e-06, "kendalltau": -0.05645939833075521, "pearsonr": -0.06922495465602374, "spearmanr": -0.06876305672487867}, "total_time": 9.8475, "epochs": 40}