{"arquitecture": "C", "trainable_params": 18625, "non_trainable_params": 0, "train_metrics": {"mse": 1033.6804479958494, "mae": 26.58747754843398, "r2_score": 0.07025825057745261, "kendalltau": 0.2458230739642093, "pearsonr": 0.3844077484520409, "spearmanr": 0.3628402223241652}, "test_metrics": {"mse": 1102.8967035670616, "mae": 27.217053596462524, "r2": 0.034602652243077014, "kendalltau": 0.21661937507513704, "pearsonr": 0.3363047131362829, "spearmanr": 0.3205827363538644}, "total_time": 12.0839, "epochs": 40}