{"arquitecture": "A", "trainable_params": 132881, "non_trainable_params": 0, "train_metrics": {"mse": 1111.7942142581978, "mae": 29.298923465040325, "r2_score": -1.0155618557217139e-06, "kendalltau": 0.16215677956181374, "pearsonr": 0.23659448394810964, "spearmanr": 0.22696191243207492}, "test_metrics": {"mse": 1142.4459092523496, "mae": 30.115817823580333, "r2": -1.5910085546799735e-05, "kendalltau": 0.2156829270898453, "pearsonr": 0.2850049719029373, "spearmanr": 0.2999077963328231}, "total_time": 8.9654, "epochs": 40}