{"arquitecture": "B", "trainable_params": 91921, "non_trainable_params": 0, "train_metrics": {"mse": 1049.84503487667, "mae": 28.453420532211954, "r2_score": 0.055719046208824174, "kendalltau": 0.2616039913941136, "pearsonr": 0.34010225161227686, "spearmanr": 0.3323779178836731}, "test_metrics": {"mse": 1082.717278036452, "mae": 29.34635865688324, "r2": 0.05226628640165376, "kendalltau": 0.2655701460174662, "pearsonr": 0.3261691374595122, "spearmanr": 0.3357445219202259}, "total_time": 8.9762, "epochs": 40}