{"arquitecture": "D", "trainable_params": 18625, "non_trainable_params": 0, "train_metrics": {"mse": 1166.552327771372, "mae": 27.524684673636195, "r2_score": -0.04925308795185357, "kendalltau": 0.24815653110125102, "pearsonr": 0.38685501190274285, "spearmanr": 0.3669637820607117}, "test_metrics": {"mse": 1208.9462622548574, "mae": 27.40643765245165, "r2": -0.058225590290304385, "kendalltau": 0.23067746188408209, "pearsonr": 0.36149956227031016, "spearmanr": 0.33945431379591046}, "total_time": 12.438, "epochs": 40}