{"arquitecture": "D", "trainable_params": 18945, "non_trainable_params": 0, "train_metrics": {"mse": 838.6290843986756, "mae": 24.525175714561275, "r2_score": 0.2456967977316481, "kendalltau": 0.3951164082344361, "pearsonr": 0.5657700931841773, "spearmanr": 0.561164671310778}, "test_metrics": {"mse": 990.3109667630279, "mae": 26.895746013947896, "r2": 0.13315220031438857, "kendalltau": 0.2678331257004486, "pearsonr": 0.39296529825408305, "spearmanr": 0.393351810980867}, "total_time": 12.8508, "epochs": 40}