{"arquitecture": "D", "trainable_params": 18625, "non_trainable_params": 0, "train_metrics": {"mse": 1154.0946987081722, "mae": 27.742443634369202, "r2_score": -0.03804809915542928, "kendalltau": 0.24125937738339145, "pearsonr": 0.3779172943185683, "spearmanr": 0.3560173427282365}, "test_metrics": {"mse": 1218.4833864725988, "mae": 28.6141034918172, "r2": -0.06657371064940754, "kendalltau": 0.2029924564065519, "pearsonr": 0.31047022435794774, "spearmanr": 0.30123307180934467}, "total_time": 13.4455, "epochs": 40}