{"arquitecture": "B", "trainable_params": 91921, "non_trainable_params": 0, "train_metrics": {"mse": 1057.5466779377102, "mae": 28.59126995921192, "r2_score": 0.04879181922404108, "kendalltau": 0.2590805939253088, "pearsonr": 0.3501301410614858, "spearmanr": 0.3333150980416585}, "test_metrics": {"mse": 1087.3421726594827, "mae": 29.39960134455136, "r2": 0.04821798252306886, "kendalltau": 0.27479870887953767, "pearsonr": 0.3546271738627437, "spearmanr": 0.3512490391784043}, "total_time": 8.5422, "epochs": 40}