{"arquitecture": "D", "trainable_params": 18625, "non_trainable_params": 0, "train_metrics": {"mse": 1007.2292610711506, "mae": 26.076835728193824, "r2_score": 0.09404971616370206, "kendalltau": 0.2751249182265482, "pearsonr": 0.4192308907365244, "spearmanr": 0.40145419803998206}, "test_metrics": {"mse": 1114.825228931768, "mae": 27.152039148977824, "r2": 0.024161269371504757, "kendalltau": 0.2152055446613986, "pearsonr": 0.3322754428670193, "spearmanr": 0.3185563634359481}, "total_time": 11.3392, "epochs": 40}