{"arquitecture": "B", "trainable_params": 18193, "non_trainable_params": 0, "train_metrics": {"mse": 1111.8036623543153, "mae": 29.30559674194979, "r2_score": -9.513632444280162e-06, "kendalltau": -0.029244222817944667, "pearsonr": 0.00013684950490856724, "spearmanr": -0.0428349580484625}, "test_metrics": {"mse": 1142.4691811233265, "mae": 30.120750278234482, "r2": -3.628062654659203e-05, "kendalltau": -0.013488590563899474, "pearsonr": -0.016737643275770174, "spearmanr": -0.0196764311581718}, "total_time": 9.7283, "epochs": 40}