{"arquitecture": "A", "trainable_params": 165649, "non_trainable_params": 0, "train_metrics": {"mse": 1111.7975821618272, "mae": 29.302022162437897, "r2_score": -4.04481583693439e-06, "kendalltau": 0.041671521068243525, "pearsonr": 0.049787134626655606, "spearmanr": 0.051221598311440915}, "test_metrics": {"mse": 1142.4554743849972, "mae": 30.118100638900483, "r2": -2.428272249366259e-05, "kendalltau": 0.019131154572915414, "pearsonr": 0.04388536192417962, "spearmanr": 0.02355005357224693}, "total_time": 14.212, "epochs": 40}