{"arquitecture": "C", "trainable_params": 18625, "non_trainable_params": 0, "train_metrics": {"mse": 1272.2966528197635, "mae": 28.53228021478356, "r2_score": -0.1443646032684256, "kendalltau": 0.26548880929096036, "pearsonr": 0.39421492191261687, "spearmanr": 0.38888737470389767}, "test_metrics": {"mse": 1351.1737982826012, "mae": 29.0848211816379, "r2": -0.18272146158550528, "kendalltau": 0.20861769656334092, "pearsonr": 0.3165170990291191, "spearmanr": 0.3051557851606476}, "total_time": 14.6021, "epochs": 40}