{"arquitecture": "C", "trainable_params": 18625, "non_trainable_params": 0, "train_metrics": {"mse": 1153.7988921159779, "mae": 29.066258371589626, "r2_score": -0.03778203652548329, "kendalltau": 0.06536591229253556, "pearsonr": 0.07871576649618424, "spearmanr": 0.09716529516772686}, "test_metrics": {"mse": 1183.1647108393088, "mae": 29.87028804421425, "r2": -0.035658253496994474, "kendalltau": 0.07690681589371554, "pearsonr": 0.09534269227663754, "spearmanr": 0.11362218200906245}, "total_time": 26.0317, "epochs": 40}