{"arquitecture": "B", "trainable_params": 132881, "non_trainable_params": 0, "train_metrics": {"mse": 1111.7939012549868, "mae": 29.29300270427523, "r2_score": -7.340317624837667e-07, "kendalltau": 0.056331054970272264, "pearsonr": 0.0897229135775712, "spearmanr": 0.08132885553426412}, "test_metrics": {"mse": 1142.432343032857, "mae": 30.11136900101389, "r2": -4.035181691453005e-06, "kendalltau": 0.029055113802146572, "pearsonr": 0.05403423971292436, "spearmanr": 0.04168253490153965}, "total_time": 11.2155, "epochs": 40}