{"arquitecture": "C", "trainable_params": 18625, "non_trainable_params": 0, "train_metrics": {"mse": 729.0783021219042, "mae": 22.633081650037752, "r2_score": 0.3442320231604481, "kendalltau": 0.43406726364402126, "pearsonr": 0.5962433622841227, "spearmanr": 0.6095419324192063}, "test_metrics": {"mse": 781.1812849794054, "mae": 23.20165782634701, "r2": 0.3162094526193251, "kendalltau": 0.4142798859320052, "pearsonr": 0.5709199649436331, "spearmanr": 0.5937595645247924}, "total_time": 19.3437, "epochs": 40}