{"arquitecture": "C", "trainable_params": 18625, "non_trainable_params": 0, "train_metrics": {"mse": 1113.6096778744354, "mae": 27.177296779554048, "r2_score": -0.001633930571369957, "kendalltau": 0.2605021044850627, "pearsonr": 0.4002168958717879, "spearmanr": 0.38243734383418443}, "test_metrics": {"mse": 1168.7026476789727, "mae": 27.452203622886113, "r2": -0.022999191797992147, "kendalltau": 0.22719302168001043, "pearsonr": 0.35692373692973794, "spearmanr": 0.33574293242838177}, "total_time": 11.5585, "epochs": 40}