{"arquitecture": "D", "trainable_params": 18625, "non_trainable_params": 0, "train_metrics": {"mse": 1105.7507217468471, "mae": 29.09573240814282, "r2_score": 0.005434791327032729, "kendalltau": 0.13113967213170927, "pearsonr": 0.20024084739934206, "spearmanr": 0.19408051029328247}, "test_metrics": {"mse": 1137.6974480614115, "mae": 29.957170099020004, "r2": 0.00414055517981482, "kendalltau": 0.10393671935244583, "pearsonr": 0.16111857344576913, "spearmanr": 0.15386413705411656}, "total_time": 27.0325, "epochs": 40}