{"arquitecture": "B", "trainable_params": 132881, "non_trainable_params": 0, "train_metrics": {"mse": 1111.7935046036857, "mae": 29.294152288587544, "r2_score": -3.7726456691977717e-07, "kendalltau": -0.08644070879084315, "pearsonr": -0.12186898298448356, "spearmanr": -0.12133334064505634}, "test_metrics": {"mse": 1142.434546426159, "mae": 30.112237679106848, "r2": -5.963875505443639e-06, "kendalltau": -0.07935095008327703, "pearsonr": -0.11622905612511586, "spearmanr": -0.11490349399687466}, "total_time": 8.4899, "epochs": 40}