{"arquitecture": "D", "trainable_params": 19649, "non_trainable_params": 0, "train_metrics": {"mse": 758.9109854838898, "mae": 23.075175603535143, "r2_score": 0.3173990775700398, "kendalltau": 0.3928548348480616, "pearsonr": 0.5673449948413504, "spearmanr": 0.5600348032895661}, "test_metrics": {"mse": 789.5249888934998, "mae": 23.589528813958168, "r2": 0.3089059675303918, "kendalltau": 0.3934233805378499, "pearsonr": 0.5591023852066607, "spearmanr": 0.56453282832163}, "total_time": 15.4503, "epochs": 40}