{"arquitecture": "C", "trainable_params": 18945, "non_trainable_params": 0, "train_metrics": {"mse": 915.5476369225097, "mae": 24.888389171796188, "r2_score": 0.17651256412713778, "kendalltau": 0.3561065712858422, "pearsonr": 0.5154049147740148, "spearmanr": 0.5108443974564828}, "test_metrics": {"mse": 1056.422384261656, "mae": 26.611297622323036, "r2": 0.07528296659267819, "kendalltau": 0.2610547614473481, "pearsonr": 0.3815836069579779, "spearmanr": 0.38436939251271157}, "total_time": 13.0356, "epochs": 40}