{"arquitecture": "C", "trainable_params": 18945, "non_trainable_params": 0, "train_metrics": {"mse": 998.6236693755527, "mae": 25.650479021569996, "r2_score": 0.10178999788557663, "kendalltau": 0.3538947635730064, "pearsonr": 0.5140901659376625, "spearmanr": 0.507653438711185}, "test_metrics": {"mse": 1096.4667898632088, "mae": 26.869689056915895, "r2": 0.04023094147082518, "kendalltau": 0.27325782253613995, "pearsonr": 0.4046392499835473, "spearmanr": 0.39997963879077375}, "total_time": 12.489, "epochs": 40}