{"arquitecture": "D", "trainable_params": 18945, "non_trainable_params": 0, "train_metrics": {"mse": 946.6094374961432, "mae": 25.61514423908144, "r2_score": 0.14857409159286739, "kendalltau": 0.31640792093377285, "pearsonr": 0.467092899929346, "spearmanr": 0.45976916596718004}, "test_metrics": {"mse": 1061.0246663194603, "mae": 27.135287099650927, "r2": 0.0712544561457219, "kendalltau": 0.2397771150788878, "pearsonr": 0.35639508667856523, "spearmanr": 0.35292901759453216}, "total_time": 12.7181, "epochs": 40}