{"arquitecture": "C", "trainable_params": 18945, "non_trainable_params": 0, "train_metrics": {"mse": 947.9418142684026, "mae": 25.432553556560045, "r2_score": 0.1473756880499426, "kendalltau": 0.33680025471242686, "pearsonr": 0.4916718123633116, "spearmanr": 0.4853737691498417}, "test_metrics": {"mse": 1075.3231783101514, "mae": 27.096243222909315, "r2": 0.05873855551056828, "kendalltau": 0.23814268701194194, "pearsonr": 0.36731718222070947, "spearmanr": 0.350701614855941}, "total_time": 12.1437, "epochs": 40}