{"arquitecture": "D", "trainable_params": 17793, "non_trainable_params": 0, "train_metrics": {"accuracy": 0.6409774919614147, "recall": 0.6409774919614147, "precision": 0.6409774919614147, "f1_score": 0.6409774919614147, "mcc": 0.2324946603602134}, "test_metrics": {"accuracy": 0.6326751095372427, "recall": 0.6326751095372427, "precision": 0.6326751095372427, "f1_score": 0.6326751095372427, "mcc": 0.2205869117587367}, "total_time": 111.558, "epochs": 20}