{"arquitecture": "C", "trainable_params": 19649, "non_trainable_params": 0, "train_metrics": {"accuracy": 0.6367845659163988, "recall": 0.6367845659163988, "precision": 0.6367845659163988, "f1_score": 0.6367845659163988, "mcc": 0.2188292682329763}, "test_metrics": {"accuracy": 0.617850069023468, "recall": 0.617850069023468, "precision": 0.617850069023468, "f1_score": 0.617850069023468, "mcc": 0.17998947258784154}, "total_time": 196.6657, "epochs": 20}