{"arquitecture": "C", "trainable_params": 20993, "non_trainable_params": 0, "train_metrics": {"accuracy": 0.6579292604501608, "recall": 0.6579292604501608, "precision": 0.6579292604501608, "f1_score": 0.6579292604501608, "mcc": 0.27103335232239106}, "test_metrics": {"accuracy": 0.6432987215653322, "recall": 0.6432987215653322, "precision": 0.6432987215653322, "f1_score": 0.6432987215653322, "mcc": 0.24296254531848183}, "total_time": 199.1753, "epochs": 20}