{"arquitecture": "B", "trainable_params": 218897, "non_trainable_params": 0, "train_metrics": {"accuracy": 0.5905852090032154, "recall": 0.5905852090032154, "precision": 0.5905852090032154, "f1_score": 0.5905852090032154, "mcc": 0.06773078536275429}, "test_metrics": {"accuracy": 0.5821379268951443, "recall": 0.5821379268951443, "precision": 0.5821379268951443, "f1_score": 0.5821379268951443, "mcc": 0.04993740417556451}, "total_time": 80.7574, "epochs": 20}