{"arquitecture": "B", "trainable_params": 218897, "non_trainable_params": 0, "train_metrics": {"accuracy": 0.5649903536977492, "recall": 0.5649903536977492, "precision": 0.5649903536977492, "f1_score": 0.5649903536977492, "mcc": 0.08768591838261834}, "test_metrics": {"accuracy": 0.5559090090630815, "recall": 0.5559090090630815, "precision": 0.5559090090630815, "f1_score": 0.5559090090630815, "mcc": 0.07003541527378036}, "total_time": 75.4738, "epochs": 20}