{"arquitecture": "C", "trainable_params": 20993, "non_trainable_params": 0, "train_metrics": {"accuracy": 0.6556141479099679, "recall": 0.6556141479099679, "precision": 0.6556141479099679, "f1_score": 0.6556141479099679, "mcc": 0.26610372619611145}, "test_metrics": {"accuracy": 0.6398775583698457, "recall": 0.6398775583698457, "precision": 0.6398775583698457, "f1_score": 0.6398775583698457, "mcc": 0.23477327222185226}, "total_time": 214.7271, "epochs": 20}