{"arquitecture": "A", "trainable_params": 67345, "non_trainable_params": 0, "train_metrics": {"accuracy": 0.6506752411575563, "recall": 0.6506752411575563, "precision": 0.6506752411575563, "f1_score": 0.6506752411575563, "mcc": 0.26606416143217027}, "test_metrics": {"accuracy": 0.6213312526258928, "recall": 0.6213312526258928, "precision": 0.6213312526258928, "f1_score": 0.6213312526258928, "mcc": 0.20561986045015973}, "total_time": 61.8226, "epochs": 20}