{"arquitecture": "D", "trainable_params": 19649, "non_trainable_params": 0, "train_metrics": {"accuracy": 0.6954855305466238, "recall": 0.6954855305466238, "precision": 0.6954855305466238, "f1_score": 0.6954855305466238, "mcc": 0.35970631932300845}, "test_metrics": {"accuracy": 0.6853130064221835, "recall": 0.6853130064221835, "precision": 0.6853130064221835, "f1_score": 0.6853130064221835, "mcc": 0.3412880485640964}, "total_time": 113.3865, "epochs": 20}