{"arquitecture": "C", "trainable_params": 19649, "non_trainable_params": 0, "train_metrics": {"accuracy": 0.7132090032154341, "recall": 0.7132090032154341, "precision": 0.7132090032154341, "f1_score": 0.7132090032154341, "mcc": 0.3972637637864194}, "test_metrics": {"accuracy": 0.6982774143208691, "recall": 0.6982774143208691, "precision": 0.6982774143208691, "f1_score": 0.6982774143208691, "mcc": 0.36883380549094025}, "total_time": 126.3637, "epochs": 20}