{"arquitecture": "C", "trainable_params": 19649, "non_trainable_params": 0, "train_metrics": {"accuracy": 0.6712025723472669, "recall": 0.6712025723472669, "precision": 0.6712025723472669, "f1_score": 0.6712025723472669, "mcc": 0.3022360199730337}, "test_metrics": {"accuracy": 0.6487005581897846, "recall": 0.6487005581897846, "precision": 0.6487005581897846, "f1_score": 0.6487005581897846, "mcc": 0.2561509475514726}, "total_time": 166.0071, "epochs": 20}