{"arquitecture": "B", "trainable_params": 67345, "non_trainable_params": 0, "train_metrics": {"accuracy": 0.6207588424437299, "recall": 0.6207588424437299, "precision": 0.6207588424437299, "f1_score": 0.6207588424437299, "mcc": 0.17548203256619915}, "test_metrics": {"accuracy": 0.6052457835664126, "recall": 0.6052457835664126, "precision": 0.6052457835664126, "f1_score": 0.6052457835664126, "mcc": 0.14360062362983697}, "total_time": 62.4511, "epochs": 20}