{"arquitecture": "C", "trainable_params": 19649, "non_trainable_params": 0, "train_metrics": {"accuracy": 0.6952540192926046, "recall": 0.6952540192926046, "precision": 0.6952540192926046, "f1_score": 0.6952540192926046, "mcc": 0.3598330026213118}, "test_metrics": {"accuracy": 0.6847128023528, "recall": 0.6847128023528, "precision": 0.6847128023528, "f1_score": 0.6847128023528, "mcc": 0.341247495195689}, "total_time": 109.9928, "epochs": 20}