{"arquitecture": "D", "trainable_params": 20993, "non_trainable_params": 0, "train_metrics": {"accuracy": 0.6596527331189711, "recall": 0.6596527331189711, "precision": 0.6596527331189711, "f1_score": 0.6596527331189711, "mcc": 0.2751781809047449}, "test_metrics": {"accuracy": 0.6407778644739212, "recall": 0.6407778644739212, "precision": 0.6407778644739212, "f1_score": 0.6407778644739212, "mcc": 0.23689889275856446}, "total_time": 223.5257, "epochs": 20}