{"arquitecture": "A", "trainable_params": 132881, "non_trainable_params": 0, "train_metrics": {"accuracy": 0.6881286173633441, "recall": 0.6881286173633441, "precision": 0.6881286173633441, "f1_score": 0.6881286173633441, "mcc": 0.36060958409246546}, "test_metrics": {"accuracy": 0.662145129343977, "recall": 0.662145129343977, "precision": 0.662145129343977, "f1_score": 0.662145129343977, "mcc": 0.30845561122342496}, "total_time": 66.4409, "epochs": 20}