{"arquitecture": "C", "trainable_params": 20993, "non_trainable_params": 0, "train_metrics": {"accuracy": 0.6503922829581994, "recall": 0.6503922829581994, "precision": 0.6503922829581994, "f1_score": 0.6503922829581994, "mcc": 0.2526400152665566}, "test_metrics": {"accuracy": 0.6349558850009003, "recall": 0.6349558850009003, "precision": 0.6349558850009003, "f1_score": 0.6349558850009003, "mcc": 0.2225339361869752}, "total_time": 118.3591, "epochs": 20}