{"arquitecture": "B", "trainable_params": 18193, "non_trainable_params": 0, "train_metrics": {"accuracy": 0.6297620578778135, "recall": 0.6297620578778135, "precision": 0.6297620578778135, "f1_score": 0.6297620578778135, "mcc": 0.21428576300684304}, "test_metrics": {"accuracy": 0.6182702118720365, "recall": 0.6182702118720365, "precision": 0.6182702118720365, "f1_score": 0.6182702118720365, "mcc": 0.19233413295789126}, "total_time": 58.0429, "epochs": 20}