{"arquitecture": "A", "trainable_params": 218897, "non_trainable_params": 0, "train_metrics": {"accuracy": 0.5778778135048231, "recall": 0.5778778135048231, "precision": 0.5778778135048231, "f1_score": 0.5778778135048231, "mcc": 0.07109566953238099}, "test_metrics": {"accuracy": 0.5685733149270752, "recall": 0.5685733149270752, "precision": 0.5685733149270752, "f1_score": 0.5685733149270752, "mcc": 0.054763308262862805}, "total_time": 76.6384, "epochs": 20}