{"arquitecture": "A", "trainable_params": 67345, "non_trainable_params": 0, "train_metrics": {"accuracy": 0.6350868167202572, "recall": 0.6350868167202572, "precision": 0.6350868167202572, "f1_score": 0.6350868167202572, "mcc": 0.2150931984844171}, "test_metrics": {"accuracy": 0.6200108036732489, "recall": 0.6200108036732489, "precision": 0.6200108036732489, "f1_score": 0.6200108036732489, "mcc": 0.18459354830362212}, "total_time": 61.0781, "epochs": 20}