{"arquitecture": "C", "trainable_params": 19649, "non_trainable_params": 0, "train_metrics": {"accuracy": 0.5844372990353698, "recall": 0.5844372990353698, "precision": 0.5844372990353698, "f1_score": 0.5844372990353698, "mcc": 0.007380413360969326}, "test_metrics": {"accuracy": 0.5781165596302743, "recall": 0.5781165596302743, "precision": 0.5781165596302743, "f1_score": 0.5781165596302743, "mcc": 0.0014085836002833633}, "total_time": 191.7336, "epochs": 20}