{"arquitecture": "D", "trainable_params": 19649, "non_trainable_params": 0, "train_metrics": {"accuracy": 0.5847459807073955, "recall": 0.5847459807073955, "precision": 0.5847459807073955, "f1_score": 0.5847459807073955, "mcc": 0.0206460462036556}, "test_metrics": {"accuracy": 0.5778764780025208, "recall": 0.5778764780025208, "precision": 0.5778764780025208, "f1_score": 0.5778764780025208, "mcc": 0.011022731398488295}, "total_time": 156.4344, "epochs": 20}