{"arquitecture": "B", "trainable_params": 132881, "non_trainable_params": 0, "train_metrics": {"accuracy": 0.7144694533762058, "recall": 0.7144694533762058, "precision": 0.7144694533762058, "f1_score": 0.7144694533762058, "mcc": 0.41807532707351813}, "test_metrics": {"accuracy": 0.6981573735069924, "recall": 0.6981573735069924, "precision": 0.6981573735069924, "f1_score": 0.6981573735069924, "mcc": 0.38486744561567876}, "total_time": 66.9961, "epochs": 20}