{"arquitecture": "D", "trainable_params": 19649, "non_trainable_params": 0, "train_metrics": {"accuracy": 0.6686302250803858, "recall": 0.6686302250803858, "precision": 0.6686302250803858, "f1_score": 0.6686302250803858, "mcc": 0.29642445971085213}, "test_metrics": {"accuracy": 0.6469599663885721, "recall": 0.6469599663885721, "precision": 0.6469599663885721, "f1_score": 0.6469599663885721, "mcc": 0.25232316253564835}, "total_time": 135.9035, "epochs": 20}