{"arquitecture": "A", "trainable_params": 132881, "non_trainable_params": 0, "train_metrics": {"accuracy": 0.7443344051446945, "recall": 0.7443344051446945, "precision": 0.7443344051446945, "f1_score": 0.7443344051446946, "mcc": 0.46567303206560073}, "test_metrics": {"accuracy": 0.7024188223996158, "recall": 0.7024188223996158, "precision": 0.7024188223996158, "f1_score": 0.7024188223996158, "mcc": 0.3779487337855658}, "total_time": 68.8789, "epochs": 20}