{"arquitecture": "A", "trainable_params": 18193, "non_trainable_params": 0, "train_metrics": {"accuracy": 0.6685016077170418, "recall": 0.6685016077170418, "precision": 0.6685016077170418, "f1_score": 0.6685016077170418, "mcc": 0.2968563871530493}, "test_metrics": {"accuracy": 0.6410179461016746, "recall": 0.6410179461016746, "precision": 0.6410179461016746, "f1_score": 0.6410179461016746, "mcc": 0.23988716229684287}, "total_time": 60.2214, "epochs": 20}