{"arquitecture": "A", "trainable_params": 67345, "non_trainable_params": 0, "train_metrics": {"accuracy": 0.6149710610932476, "recall": 0.6149710610932476, "precision": 0.6149710610932476, "f1_score": 0.6149710610932476, "mcc": 0.20393060987175662}, "test_metrics": {"accuracy": 0.6083668447272073, "recall": 0.6083668447272073, "precision": 0.6083668447272073, "f1_score": 0.6083668447272073, "mcc": 0.1905843694589993}, "total_time": 61.5768, "epochs": 20}