{"arquitecture": "C", "trainable_params": 18625, "non_trainable_params": 0, "train_metrics": {"accuracy": 0.625209003215434, "recall": 0.625209003215434, "precision": 0.625209003215434, "f1_score": 0.625209003215434, "mcc": 0.18761818799181323}, "test_metrics": {"accuracy": 0.6024848448472481, "recall": 0.6024848448472481, "precision": 0.6024848448472481, "f1_score": 0.6024848448472481, "mcc": 0.13569127858751165}, "total_time": 114.0541, "epochs": 20}