{"arquitecture": "A", "trainable_params": 218897, "non_trainable_params": 0, "train_metrics": {"accuracy": 0.795524115755627, "recall": 0.795524115755627, "precision": 0.795524115755627, "f1_score": 0.7955241157556271, "mcc": 0.5751129006721007}, "test_metrics": {"accuracy": 0.6143688854210432, "recall": 0.6143688854210432, "precision": 0.6143688854210432, "f1_score": 0.6143688854210432, "mcc": 0.19949040692487982}, "total_time": 76.1874, "epochs": 20}