{"arquitecture": "B", "trainable_params": 132881, "non_trainable_params": 0, "train_metrics": {"accuracy": 0.6644630225080386, "recall": 0.6644630225080386, "precision": 0.6644630225080386, "f1_score": 0.6644630225080386, "mcc": 0.29582703642400937}, "test_metrics": {"accuracy": 0.6470800072024488, "recall": 0.6470800072024488, "precision": 0.6470800072024488, "f1_score": 0.6470800072024488, "mcc": 0.26178651970029543}, "total_time": 70.2171, "epochs": 20}