{"arquitecture": "D", "trainable_params": 19649, "non_trainable_params": 0, "train_metrics": {"accuracy": 0.6937620578778135, "recall": 0.6937620578778135, "precision": 0.6937620578778135, "f1_score": 0.6937620578778135, "mcc": 0.35434692655316524}, "test_metrics": {"accuracy": 0.6820118840405738, "recall": 0.6820118840405738, "precision": 0.6820118840405738, "f1_score": 0.6820118840405738, "mcc": 0.33302761267228603}, "total_time": 130.9788, "epochs": 20}