{"arquitecture": "C", "trainable_params": 20993, "non_trainable_params": 0, "train_metrics": {"accuracy": 0.6566945337620579, "recall": 0.6566945337620579, "precision": 0.6566945337620579, "f1_score": 0.6566945337620579, "mcc": 0.27066114152897364}, "test_metrics": {"accuracy": 0.6399975991837225, "recall": 0.6399975991837225, "precision": 0.6399975991837225, "f1_score": 0.6399975991837225, "mcc": 0.2359872534951573}, "total_time": 191.7841, "epochs": 20}