{"arquitecture": "C", "trainable_params": 17793, "non_trainable_params": 0, "train_metrics": {"accuracy": 0.6451704180064308, "recall": 0.6451704180064308, "precision": 0.6451704180064308, "f1_score": 0.6451704180064308, "mcc": 0.24063367133309466}, "test_metrics": {"accuracy": 0.6358561911049757, "recall": 0.6358561911049757, "precision": 0.6358561911049757, "f1_score": 0.6358561911049757, "mcc": 0.2255789332596758}, "total_time": 104.3146, "epochs": 20}