{"arquitecture": "D", "trainable_params": 20993, "non_trainable_params": 0, "train_metrics": {"accuracy": 0.6577234726688103, "recall": 0.6577234726688103, "precision": 0.6577234726688103, "f1_score": 0.6577234726688103, "mcc": 0.27110245824553114}, "test_metrics": {"accuracy": 0.6381969869755717, "recall": 0.6381969869755717, "precision": 0.6381969869755717, "f1_score": 0.6381969869755717, "mcc": 0.23052037407188833}, "total_time": 200.8228, "epochs": 20}