{"arquitecture": "C", "trainable_params": 20993, "non_trainable_params": 0, "train_metrics": {"accuracy": 0.6558456591639872, "recall": 0.6558456591639872, "precision": 0.6558456591639872, "f1_score": 0.6558456591639872, "mcc": 0.26717854633674015}, "test_metrics": {"accuracy": 0.6410779665086129, "recall": 0.6410779665086129, "precision": 0.6410779665086129, "f1_score": 0.6410779665086129, "mcc": 0.23782519549256043}, "total_time": 212.8377, "epochs": 20}