{"arquitecture": "D", "trainable_params": 19649, "non_trainable_params": 0, "train_metrics": {"accuracy": 0.5843601286173633, "recall": 0.5843601286173633, "precision": 0.5843601286173633, "f1_score": 0.5843601286173633, "mcc": -0.004960941499669484}, "test_metrics": {"accuracy": 0.5784166616649661, "recall": 0.5784166616649661, "precision": 0.5784166616649661, "f1_score": 0.5784166616649661, "mcc": 0.006658648682591201}, "total_time": 165.7018, "epochs": 20}