{"arquitecture": "B", "trainable_params": 132881, "non_trainable_params": 0, "train_metrics": {"accuracy": 0.6565916398713826, "recall": 0.6565916398713826, "precision": 0.6565916398713826, "f1_score": 0.6565916398713826, "mcc": 0.2677788041789298}, "test_metrics": {"accuracy": 0.6421583338335034, "recall": 0.6421583338335034, "precision": 0.6421583338335034, "f1_score": 0.6421583338335034, "mcc": 0.24034436083268892}, "total_time": 69.8454, "epochs": 20}