{"arquitecture": "D", "trainable_params": 18625, "non_trainable_params": 0, "train_metrics": {"accuracy": 0.6282958199356913, "recall": 0.6282958199356913, "precision": 0.6282958199356913, "f1_score": 0.6282958199356913, "mcc": 0.22032940929091321}, "test_metrics": {"accuracy": 0.6050057019386591, "recall": 0.6050057019386591, "precision": 0.6050057019386591, "f1_score": 0.6050057019386591, "mcc": 0.1736195733348792}, "total_time": 103.3062, "epochs": 20}