{"arquitecture": "C", "trainable_params": 20993, "non_trainable_params": 0, "train_metrics": {"accuracy": 0.6510096463022508, "recall": 0.6510096463022508, "precision": 0.6510096463022508, "f1_score": 0.6510096463022508, "mcc": 0.2553519106193943}, "test_metrics": {"accuracy": 0.6360962727327292, "recall": 0.6360962727327292, "precision": 0.6360962727327292, "f1_score": 0.6360962727327292, "mcc": 0.22556545482069235}, "total_time": 200.7009, "epochs": 20}