{"arquitecture": "C", "trainable_params": 19649, "non_trainable_params": 0, "train_metrics": {"accuracy": 0.707395498392283, "recall": 0.707395498392283, "precision": 0.707395498392283, "f1_score": 0.707395498392283, "mcc": 0.38595836855613913}, "test_metrics": {"accuracy": 0.6854330472360602, "recall": 0.6854330472360602, "precision": 0.6854330472360602, "f1_score": 0.6854330472360602, "mcc": 0.34139770635222183}, "total_time": 111.3728, "epochs": 20}