{"arquitecture": "B", "trainable_params": 218897, "non_trainable_params": 0, "train_metrics": {"accuracy": 0.5901479099678456, "recall": 0.5901479099678456, "precision": 0.5901479099678456, "f1_score": 0.5901479099678456, "mcc": 0.06424848865451994}, "test_metrics": {"accuracy": 0.5809375187563771, "recall": 0.5809375187563771, "precision": 0.5809375187563771, "f1_score": 0.5809375187563771, "mcc": 0.0445264356801275}, "total_time": 76.8077, "epochs": 20}