{"arquitecture": "A", "trainable_params": 218897, "non_trainable_params": 0, "train_metrics": {"accuracy": 0.5847974276527331, "recall": 0.5847974276527331, "precision": 0.5847974276527331, "f1_score": 0.5847974276527331, "mcc": 0.06461442357904733}, "test_metrics": {"accuracy": 0.5742752535862193, "recall": 0.5742752535862193, "precision": 0.5742752535862193, "f1_score": 0.5742752535862193, "mcc": 0.04460014360178929}, "total_time": 79.4177, "epochs": 20}