{"arquitecture": "A", "trainable_params": 218897, "non_trainable_params": 0, "train_metrics": {"accuracy": 0.5710868167202572, "recall": 0.5710868167202572, "precision": 0.5710868167202572, "f1_score": 0.5710868167202572, "mcc": 0.08414425320347557}, "test_metrics": {"accuracy": 0.5572294580157253, "recall": 0.5572294580157253, "precision": 0.5572294580157253, "f1_score": 0.5572294580157253, "mcc": 0.056314367747293634}, "total_time": 74.886, "epochs": 20}