{"arquitecture": "B", "trainable_params": 218897, "non_trainable_params": 0, "train_metrics": {"accuracy": 0.5904051446945338, "recall": 0.5904051446945338, "precision": 0.5904051446945338, "f1_score": 0.5904051446945338, "mcc": 0.06622677500304898}, "test_metrics": {"accuracy": 0.5813576616049457, "recall": 0.5813576616049457, "precision": 0.5813576616049457, "f1_score": 0.5813576616049457, "mcc": 0.0450451184010518}, "total_time": 76.9575, "epochs": 20}