{"arquitecture": "D", "trainable_params": 20993, "non_trainable_params": 0, "train_metrics": {"accuracy": 0.6410032154340836, "recall": 0.6410032154340836, "precision": 0.6410032154340836, "f1_score": 0.6410032154340836, "mcc": 0.23103718814795485}, "test_metrics": {"accuracy": 0.6249324770421943, "recall": 0.6249324770421943, "precision": 0.6249324770421943, "f1_score": 0.6249324770421943, "mcc": 0.2009744294014751}, "total_time": 186.6558, "epochs": 20}