{"arquitecture": "B", "trainable_params": 132881, "non_trainable_params": 0, "train_metrics": {"accuracy": 0.7192282958199356, "recall": 0.7192282958199356, "precision": 0.7192282958199356, "f1_score": 0.7192282958199356, "mcc": 0.4120540579149476}, "test_metrics": {"accuracy": 0.7066802712922393, "recall": 0.7066802712922393, "precision": 0.7066802712922393, "f1_score": 0.7066802712922393, "mcc": 0.3882720476525669}, "total_time": 68.7847, "epochs": 20}