{"arquitecture": "D", "trainable_params": 19649, "non_trainable_params": 0, "train_metrics": {"accuracy": 0.6509324758842444, "recall": 0.6509324758842444, "precision": 0.6509324758842444, "f1_score": 0.6509324758842444, "mcc": 0.2592688145544477}, "test_metrics": {"accuracy": 0.6329151911649961, "recall": 0.6329151911649961, "precision": 0.6329151911649961, "f1_score": 0.6329151911649961, "mcc": 0.22335048144932193}, "total_time": 132.8002, "epochs": 20}