{"arquitecture": "A", "trainable_params": 132881, "non_trainable_params": 0, "train_metrics": {"accuracy": 0.7393440514469454, "recall": 0.7393440514469454, "precision": 0.7393440514469454, "f1_score": 0.7393440514469453, "mcc": 0.4646988454185722}, "test_metrics": {"accuracy": 0.691074965488266, "recall": 0.691074965488266, "precision": 0.691074965488266, "f1_score": 0.691074965488266, "mcc": 0.3662178385870271}, "total_time": 67.4296, "epochs": 20}