{"arquitecture": "A", "trainable_params": 132881, "non_trainable_params": 0, "train_metrics": {"accuracy": 0.5844372990353698, "recall": 0.5844372990353698, "precision": 0.5844372990353698, "f1_score": 0.5844372990353698, "mcc": 0.0}, "test_metrics": {"accuracy": 0.578236600444151, "recall": 0.578236600444151, "precision": 0.578236600444151, "f1_score": 0.578236600444151, "mcc": -0.00935546336289241}, "total_time": 66.6048, "epochs": 20}