{"arquitecture": "D", "trainable_params": 20993, "non_trainable_params": 0, "train_metrics": {"accuracy": 0.652604501607717, "recall": 0.652604501607717, "precision": 0.652604501607717, "f1_score": 0.652604501607717, "mcc": 0.25880586263510547}, "test_metrics": {"accuracy": 0.6396974971490307, "recall": 0.6396974971490307, "precision": 0.6396974971490307, "f1_score": 0.6396974971490307, "mcc": 0.23445577864374484}, "total_time": 197.4978, "epochs": 20}