{"arquitecture": "D", "trainable_params": 20993, "non_trainable_params": 0, "train_metrics": {"accuracy": 0.6493376205787781, "recall": 0.6493376205787781, "precision": 0.6493376205787781, "f1_score": 0.6493376205787781, "mcc": 0.25232159836730894}, "test_metrics": {"accuracy": 0.6356161094772222, "recall": 0.6356161094772222, "precision": 0.6356161094772222, "f1_score": 0.6356161094772222, "mcc": 0.22510344839823831}, "total_time": 207.2237, "epochs": 20}