{"arquitecture": "D", "trainable_params": 19649, "non_trainable_params": 0, "train_metrics": {"accuracy": 0.6873826366559486, "recall": 0.6873826366559486, "precision": 0.6873826366559486, "f1_score": 0.6873826366559486, "mcc": 0.34753659646813445}, "test_metrics": {"accuracy": 0.6632254966688674, "recall": 0.6632254966688674, "precision": 0.6632254966688674, "f1_score": 0.6632254966688674, "mcc": 0.29892811513953843}, "total_time": 116.0825, "epochs": 20}