{"arquitecture": "B", "trainable_params": 526097, "non_trainable_params": 0, "train_metrics": {"accuracy": 0.7166302250803859, "recall": 0.7166302250803859, "precision": 0.7166302250803859, "f1_score": 0.7166302250803859, "mcc": 0.4161274514847146}, "test_metrics": {"accuracy": 0.677690414741012, "recall": 0.677690414741012, "precision": 0.677690414741012, "f1_score": 0.677690414741012, "mcc": 0.33678961736397484}, "total_time": 129.603, "epochs": 20}