{"arquitecture": "A", "trainable_params": 526097, "non_trainable_params": 0, "train_metrics": {"accuracy": 0.7174276527331189, "recall": 0.7174276527331189, "precision": 0.7174276527331189, "f1_score": 0.7174276527331189, "mcc": 0.40913046464518654}, "test_metrics": {"accuracy": 0.6701878638737171, "recall": 0.6701878638737171, "precision": 0.6701878638737171, "f1_score": 0.6701878638737171, "mcc": 0.3060205521195182}, "total_time": 126.5161, "epochs": 20}