{"arquitecture": "B", "trainable_params": 218897, "non_trainable_params": 0, "train_metrics": {"accuracy": 0.588064308681672, "recall": 0.588064308681672, "precision": 0.588064308681672, "f1_score": 0.588064308681672, "mcc": 0.05762843577913932}, "test_metrics": {"accuracy": 0.5778764780025208, "recall": 0.5778764780025208, "precision": 0.5778764780025208, "f1_score": 0.5778764780025208, "mcc": 0.0359531484218744}, "total_time": 77.9721, "epochs": 20}