{"arquitecture": "A", "trainable_params": 218897, "non_trainable_params": 0, "train_metrics": {"accuracy": 0.8946881028938907, "recall": 0.8946881028938907, "precision": 0.8946881028938907, "f1_score": 0.8946881028938908, "mcc": 0.7855091061663425}, "test_metrics": {"accuracy": 0.6126883140267692, "recall": 0.6126883140267692, "precision": 0.6126883140267692, "f1_score": 0.6126883140267692, "mcc": 0.21157021288353475}, "total_time": 75.9152, "epochs": 20}