{"arquitecture": "B", "trainable_params": 218897, "non_trainable_params": 0, "train_metrics": {"accuracy": 0.5841028938906753, "recall": 0.5841028938906753, "precision": 0.5841028938906753, "f1_score": 0.5841028938906753, "mcc": 0.306348902091223}, "test_metrics": {"accuracy": 0.584598763579617, "recall": 0.584598763579617, "precision": 0.584598763579617, "f1_score": 0.584598763579617, "mcc": 0.307230018581191}, "total_time": 76.4813, "epochs": 20}