{"arquitecture": "B", "trainable_params": 67345, "non_trainable_params": 0, "train_metrics": {"accuracy": 0.5952154340836013, "recall": 0.5952154340836013, "precision": 0.5952154340836013, "f1_score": 0.5952154340836013, "mcc": 0.09003750534113565}, "test_metrics": {"accuracy": 0.5883800492167337, "recall": 0.5883800492167337, "precision": 0.5883800492167337, "f1_score": 0.5883800492167337, "mcc": 0.08380655980107657}, "total_time": 62.1535, "epochs": 20}