{"arquitecture": "D", "trainable_params": 20993, "non_trainable_params": 0, "train_metrics": {"accuracy": 0.651524115755627, "recall": 0.651524115755627, "precision": 0.651524115755627, "f1_score": 0.651524115755627, "mcc": 0.2557637575564911}, "test_metrics": {"accuracy": 0.633575415641318, "recall": 0.633575415641318, "precision": 0.633575415641318, "f1_score": 0.633575415641318, "mcc": 0.22122777114055095}, "total_time": 229.5104, "epochs": 20}