{"arquitecture": "A", "trainable_params": 218897, "non_trainable_params": 0, "train_metrics": {"accuracy": 0.5903279742765273, "recall": 0.5903279742765273, "precision": 0.5903279742765273, "f1_score": 0.5903279742765273, "mcc": 0.06510689130174525}, "test_metrics": {"accuracy": 0.5816577636396375, "recall": 0.5816577636396375, "precision": 0.5816577636396375, "f1_score": 0.5816577636396375, "mcc": 0.0479257869565622}, "total_time": 77.9036, "epochs": 20}