{"arquitecture": "C", "trainable_params": 20993, "non_trainable_params": 0, "train_metrics": {"accuracy": 0.651935691318328, "recall": 0.651935691318328, "precision": 0.651935691318328, "f1_score": 0.651935691318328, "mcc": 0.25861530949900524}, "test_metrics": {"accuracy": 0.6279935177960506, "recall": 0.6279935177960506, "precision": 0.6279935177960506, "f1_score": 0.6279935177960506, "mcc": 0.21088306958605352}, "total_time": 185.6993, "epochs": 20}