{"arquitecture": "A", "trainable_params": 132881, "non_trainable_params": 0, "train_metrics": {"accuracy": 0.7405530546623794, "recall": 0.7405530546623794, "precision": 0.7405530546623794, "f1_score": 0.7405530546623794, "mcc": 0.4576005468969979}, "test_metrics": {"accuracy": 0.7045795570493968, "recall": 0.7045795570493968, "precision": 0.7045795570493968, "f1_score": 0.7045795570493968, "mcc": 0.3827884571901639}, "total_time": 66.2177, "epochs": 20}