{"arquitecture": "D", "trainable_params": 20993, "non_trainable_params": 0, "train_metrics": {"accuracy": 0.653967845659164, "recall": 0.653967845659164, "precision": 0.653967845659164, "f1_score": 0.653967845659164, "mcc": 0.2620730927589089}, "test_metrics": {"accuracy": 0.6372966808714963, "recall": 0.6372966808714963, "precision": 0.6372966808714963, "f1_score": 0.6372966808714963, "mcc": 0.22836662544348788}, "total_time": 118.0486, "epochs": 20}