{"arquitecture": "A", "trainable_params": 218897, "non_trainable_params": 0, "train_metrics": {"accuracy": 0.5897363344051447, "recall": 0.5897363344051447, "precision": 0.5897363344051447, "f1_score": 0.5897363344051447, "mcc": 0.07128810046105642}, "test_metrics": {"accuracy": 0.5831582738130965, "recall": 0.5831582738130965, "precision": 0.5831582738130965, "f1_score": 0.5831582738130965, "mcc": 0.06430399241835619}, "total_time": 76.5165, "epochs": 20}