{"arquitecture": "A", "trainable_params": 132881, "non_trainable_params": 0, "train_metrics": {"accuracy": 0.6988810289389068, "recall": 0.6988810289389068, "precision": 0.6988810289389068, "f1_score": 0.6988810289389068, "mcc": 0.3657465942978919}, "test_metrics": {"accuracy": 0.662145129343977, "recall": 0.662145129343977, "precision": 0.662145129343977, "f1_score": 0.662145129343977, "mcc": 0.2892601920080284}, "total_time": 68.4672, "epochs": 20}