{"arquitecture": "B", "trainable_params": 132881, "non_trainable_params": 0, "train_metrics": {"accuracy": 0.7129260450160771, "recall": 0.7129260450160771, "precision": 0.7129260450160771, "f1_score": 0.712926045016077, "mcc": 0.39763150995655555}, "test_metrics": {"accuracy": 0.6876538022927795, "recall": 0.6876538022927795, "precision": 0.6876538022927795, "f1_score": 0.6876538022927795, "mcc": 0.3466618149735962}, "total_time": 70.1906, "epochs": 20}