{"arquitecture": "D", "trainable_params": 20993, "non_trainable_params": 0, "train_metrics": {"accuracy": 0.6435498392282958, "recall": 0.6435498392282958, "precision": 0.6435498392282958, "f1_score": 0.6435498392282958, "mcc": 0.23707030677359517}, "test_metrics": {"accuracy": 0.6288338034931877, "recall": 0.6288338034931877, "precision": 0.6288338034931877, "f1_score": 0.6288338034931877, "mcc": 0.20733857938456002}, "total_time": 141.3797, "epochs": 20}