{"arquitecture": "B", "trainable_params": 218897, "non_trainable_params": 0, "train_metrics": {"accuracy": 0.5894790996784566, "recall": 0.5894790996784566, "precision": 0.5894790996784566, "f1_score": 0.5894790996784566, "mcc": 0.06370782649849159}, "test_metrics": {"accuracy": 0.5778164575955825, "recall": 0.5778164575955825, "precision": 0.5778164575955825, "f1_score": 0.5778164575955825, "mcc": 0.035000526663548116}, "total_time": 77.5805, "epochs": 20}