{"arquitecture": "C", "trainable_params": 25793, "non_trainable_params": 0, "train_metrics": {"accuracy": 0.6836012861736335, "recall": 0.6836012861736335, "precision": 0.6836012861736335, "f1_score": 0.6836012861736335, "mcc": 0.3366551297574619}, "test_metrics": {"accuracy": 0.6602844967288878, "recall": 0.6602844967288878, "precision": 0.6602844967288878, "f1_score": 0.6602844967288878, "mcc": 0.28950658828501546}, "total_time": 185.9746, "epochs": 20}