{"arquitecture": "C", "trainable_params": 20993, "non_trainable_params": 0, "train_metrics": {"accuracy": 0.6540450160771705, "recall": 0.6540450160771705, "precision": 0.6540450160771705, "f1_score": 0.6540450160771705, "mcc": 0.26457376654938747}, "test_metrics": {"accuracy": 0.6356761298841607, "recall": 0.6356761298841607, "precision": 0.6356761298841607, "f1_score": 0.6356761298841607, "mcc": 0.22512018061143962}, "total_time": 173.9211, "epochs": 20}