{"arquitecture": "D", "trainable_params": 19649, "non_trainable_params": 0, "train_metrics": {"accuracy": 0.5845659163987138, "recall": 0.5845659163987138, "precision": 0.5845659163987138, "f1_score": 0.5845659163987138, "mcc": 0.013450189841586}, "test_metrics": {"accuracy": 0.5783566412580278, "recall": 0.5783566412580278, "precision": 0.5783566412580278, "f1_score": 0.5783566412580278, "mcc": 0.0017385846861574436}, "total_time": 203.1097, "epochs": 20}