{"arquitecture": "B", "trainable_params": 218897, "non_trainable_params": 0, "train_metrics": {"accuracy": 0.5905594855305466, "recall": 0.5905594855305466, "precision": 0.5905594855305466, "f1_score": 0.5905594855305466, "mcc": 0.06672169480817203}, "test_metrics": {"accuracy": 0.5791369065482264, "recall": 0.5791369065482264, "precision": 0.5791369065482264, "f1_score": 0.5791369065482264, "mcc": 0.03589259114665811}, "total_time": 75.2878, "epochs": 20}