{"arquitecture": "C", "trainable_params": 19649, "non_trainable_params": 0, "train_metrics": {"accuracy": 0.5846173633440515, "recall": 0.5846173633440515, "precision": 0.5846173633440515, "f1_score": 0.5846173633440515, "mcc": 0.011197527581595876}, "test_metrics": {"accuracy": 0.5785367024788428, "recall": 0.5785367024788428, "precision": 0.5785367024788428, "f1_score": 0.5785367024788428, "mcc": 0.010781497466575382}, "total_time": 181.4721, "epochs": 20}