{"arquitecture": "B", "trainable_params": 67345, "non_trainable_params": 0, "train_metrics": {"accuracy": 0.6324372990353698, "recall": 0.6324372990353698, "precision": 0.6324372990353698, "f1_score": 0.6324372990353698, "mcc": 0.2076076368824518}, "test_metrics": {"accuracy": 0.6150891303043035, "recall": 0.6150891303043035, "precision": 0.6150891303043035, "f1_score": 0.6150891303043035, "mcc": 0.17193961302441363}, "total_time": 143.5707, "epochs": 50}