{"arquitecture": "D", "trainable_params": 18625, "non_trainable_params": 0, "train_metrics": {"accuracy": 0.647048231511254, "recall": 0.647048231511254, "precision": 0.647048231511254, "f1_score": 0.647048231511254, "mcc": 0.25448588938268657}, "test_metrics": {"accuracy": 0.6204309465218174, "recall": 0.6204309465218174, "precision": 0.6204309465218174, "f1_score": 0.6204309465218174, "mcc": 0.20129430309230928}, "total_time": 506.2321, "epochs": 50}