{"arquitecture": "A", "trainable_params": 67345, "non_trainable_params": 0, "train_metrics": {"accuracy": 0.6589067524115756, "recall": 0.6589067524115756, "precision": 0.6589067524115756, "f1_score": 0.6589067524115756, "mcc": 0.27357057351114444}, "test_metrics": {"accuracy": 0.6191705179761119, "recall": 0.6191705179761119, "precision": 0.6191705179761119, "f1_score": 0.6191705179761119, "mcc": 0.18695240835749966}, "total_time": 138.781, "epochs": 50}