{"arquitecture": "C", "trainable_params": 18625, "non_trainable_params": 0, "train_metrics": {"accuracy": 0.6441929260450161, "recall": 0.6441929260450161, "precision": 0.6441929260450161, "f1_score": 0.6441929260450161, "mcc": 0.24164441379012505}, "test_metrics": {"accuracy": 0.6134685793169677, "recall": 0.6134685793169677, "precision": 0.6134685793169677, "f1_score": 0.6134685793169677, "mcc": 0.17691097481781606}, "total_time": 481.8416, "epochs": 50}