{"arquitecture": "A", "trainable_params": 91921, "non_trainable_params": 0, "train_metrics": {"mse": 1065.8533256273424, "mae": 28.645011270029116, "r2_score": 0.04132042207246556, "kendalltau": 0.26690675067083935, "pearsonr": 0.3462185448455823, "spearmanr": 0.33774920247950696}, "test_metrics": {"mse": 1093.911121070662, "mae": 29.399998366832733, "r2": 0.04246799219922981, "kendalltau": 0.2879650081535428, "pearsonr": 0.3631110790062861, "spearmanr": 0.3624959780207981}, "total_time": 7.3278, "epochs": 30}