{"arquitecture": "A", "trainable_params": 165649, "non_trainable_params": 0, "train_metrics": {"mse": 1111.8027479191178, "mae": 29.28723537687938, "r2_score": -8.691145589878602e-06, "kendalltau": -0.012140586309850203, "pearsonr": -0.02021430917362195, "spearmanr": -0.01479328005158303}, "test_metrics": {"mse": 1142.4277329080892, "mae": 30.10701198237283, "r2": 1.937061622214742e-10, "kendalltau": 0.04669160596533081, "pearsonr": 0.04635811138582141, "spearmanr": 0.05686666249542339}, "total_time": 7.8869, "epochs": 30}