{"arquitecture": "C", "trainable_params": 18625, "non_trainable_params": 0, "train_metrics": {"mse": 1392.5826691542397, "mae": 29.50657912839138, "r2_score": -0.2525556128543338, "kendalltau": 0.24010094309379376, "pearsonr": 0.3679560189393621, "spearmanr": 0.35478008010923}, "test_metrics": {"mse": 1446.4084286217662, "mae": 29.80806825203555, "r2": -0.26608308488774646, "kendalltau": 0.20492268587211676, "pearsonr": 0.3291716820449069, "spearmanr": 0.3046134242389988}, "total_time": 17.1664, "epochs": 30}