{"arquitecture": "C", "trainable_params": 18625, "non_trainable_params": 0, "train_metrics": {"mse": 1204.7650738611724, "mae": 27.986908389941078, "r2_score": -0.08362346369868545, "kendalltau": 0.24190725272594293, "pearsonr": 0.38675360952505905, "spearmanr": 0.3574812574326968}, "test_metrics": {"mse": 1251.3238799271835, "mae": 28.223518156579562, "r2": -0.09531994334513061, "kendalltau": 0.23610215871977341, "pearsonr": 0.3658816296757198, "spearmanr": 0.34866541525937605}, "total_time": 11.2106, "epochs": 30}