{"arquitecture": "C", "trainable_params": 18945, "non_trainable_params": 0, "train_metrics": {"mse": 884.9784639630326, "mae": 24.892599479498163, "r2_score": 0.20400794376873743, "kendalltau": 0.3294358566152308, "pearsonr": 0.4827680937229298, "spearmanr": 0.4753904012497457}, "test_metrics": {"mse": 995.2791755511936, "mae": 26.40458400760378, "r2": 0.12880338362857802, "kendalltau": 0.261280372683583, "pearsonr": 0.3885783323498296, "spearmanr": 0.3830255399855913}, "total_time": 18.4487, "epochs": 30}