{"arquitecture": "D", "trainable_params": 18625, "non_trainable_params": 0, "train_metrics": {"mse": 1132.4931463612043, "mae": 27.10678532364381, "r2_score": -0.01861862739918929, "kendalltau": 0.27488254096468334, "pearsonr": 0.40239179539564324, "spearmanr": 0.4001519603794751}, "test_metrics": {"mse": 1205.6619214152045, "mae": 27.573870503476687, "r2": -0.05535071186744234, "kendalltau": 0.23252747402120785, "pearsonr": 0.34462982376705137, "spearmanr": 0.34166978771407064}, "total_time": 14.1925, "epochs": 30}