{"arquitecture": "B", "trainable_params": 91921, "non_trainable_params": 0, "train_metrics": {"mse": 1042.3820070185852, "mae": 28.329090814147627, "r2_score": 0.06243165124089001, "kendalltau": 0.264697296645576, "pearsonr": 0.35541138730915334, "spearmanr": 0.34222617038713216}, "test_metrics": {"mse": 1068.9751969077133, "mae": 29.092459112405777, "r2": 0.06429512702783136, "kendalltau": 0.2810432410938177, "pearsonr": 0.3716546958407437, "spearmanr": 0.3605011533063343}, "total_time": 6.0601, "epochs": 30}