{"arquitecture": "A", "trainable_params": 67345, "non_trainable_params": 0, "train_metrics": {"mse": 1111.802316443382, "mae": 29.28190758879987, "r2_score": -8.30305562815603e-06, "kendalltau": 0.0016232524025963475, "pearsonr": 0.005890953580762337, "spearmanr": 0.001977929794587413}, "test_metrics": {"mse": null, "mae": null, "r2_score": null, "kendalltau": null, "pearsonr": null, "spearmanr": null}, "total_time": 7.0928, "epochs": 30}