{"arquitecture": "B", "trainable_params": 91921, "non_trainable_params": 0, "train_metrics": {"mse": 1085.0405924235886, "mae": 28.931719438946377, "r2_score": 0.024062474481054363, "kendalltau": 0.26641586760783126, "pearsonr": 0.3354287311689207, "spearmanr": 0.32796091282439815}, "test_metrics": {"mse": 1117.118564777713, "mae": 29.780883422919683, "r2": 0.02215384625016381, "kendalltau": 0.2676639320376192, "pearsonr": 0.3154657955876718, "spearmanr": 0.3288630933285098}, "total_time": 6.0528, "epochs": 30}