{"arquitecture": "D", "trainable_params": 19649, "non_trainable_params": 0, "train_metrics": {"mse": 902.7026703633564, "mae": 25.97864674015328, "r2_score": 0.18806594283632783, "kendalltau": 0.3184151368933503, "pearsonr": 0.4580233354978212, "spearmanr": 0.46259067003876864}, "test_metrics": {"mse": 929.739950469596, "mae": 26.497255643563612, "r2": 0.18617176079679498, "kendalltau": 0.32452672257475335, "pearsonr": 0.454701410288629, "spearmanr": 0.47362685812180705}, "total_time": 19.0118, "epochs": 30}