{"arquitecture": "D", "trainable_params": 25793, "non_trainable_params": 0, "train_metrics": {"mse": 1034.3743014128918, "mae": 27.588234270971434, "r2_score": 0.0696341655509295, "kendalltau": 0.19999441815425198, "pearsonr": 0.31265340357033217, "spearmanr": 0.29534437234611466}, "test_metrics": {"mse": 1058.9305111223127, "mae": 28.301778401647294, "r2": 0.07308753069076224, "kendalltau": 0.22819072470247126, "pearsonr": 0.3221519453423564, "spearmanr": 0.3358958632430392}, "total_time": 15.8845, "epochs": 30}