{"arquitecture": "D", "trainable_params": 18945, "non_trainable_params": 0, "train_metrics": {"mse": 967.1743612028971, "mae": 26.107003664844854, "r2_score": 0.13007701333146715, "kendalltau": 0.2713768257398386, "pearsonr": 0.4145957987711245, "spearmanr": 0.3973896433948129}, "test_metrics": {"mse": 1042.9609343989073, "mae": 27.099079286413534, "r2": 0.08706616256418587, "kendalltau": 0.23025632090977702, "pearsonr": 0.35317501212796504, "spearmanr": 0.3358837592441265}, "total_time": 15.447, "epochs": 30}