{"arquitecture": "C", "trainable_params": 19649, "non_trainable_params": 0, "train_metrics": {"mse": 903.2314803288829, "mae": 26.08562530930274, "r2_score": 0.1875903058022581, "kendalltau": 0.3249768346124466, "pearsonr": 0.46754640270092984, "spearmanr": 0.4708691422840668}, "test_metrics": {"mse": 936.845503488615, "mae": 26.658806285687856, "r2": 0.17995206495699312, "kendalltau": 0.32347888372201816, "pearsonr": 0.4559362704015968, "spearmanr": 0.47345197994592314}, "total_time": 20.7061, "epochs": 30}