{"arquitecture": "D", "trainable_params": 20161, "non_trainable_params": 0, "train_metrics": {"mse": 1196.5516889899347, "mae": 28.668465408427455, "r2_score": -0.07623595159698016, "kendalltau": 0.23354846274451774, "pearsonr": 0.3308777881858812, "spearmanr": 0.3411860712358439}, "test_metrics": {"mse": 1218.6811142815855, "mae": 29.262255702699935, "r2": -0.06674678751304874, "kendalltau": 0.2502956122704594, "pearsonr": 0.335011935094576, "spearmanr": 0.3687799674484925}, "total_time": 12.0208, "epochs": 30}