{"arquitecture": "D", "trainable_params": 18945, "non_trainable_params": 0, "train_metrics": {"mse": 897.4678502677332, "mae": 25.176383286928548, "r2_score": 0.19277439098686944, "kendalltau": 0.3397189193068231, "pearsonr": 0.5019245976162254, "spearmanr": 0.4898645242607175}, "test_metrics": {"mse": 1012.0800122269931, "mae": 26.611761042049952, "r2": 0.11409712590339316, "kendalltau": 0.27687261589892503, "pearsonr": 0.3925987374296006, "spearmanr": 0.40333338911668365}, "total_time": 17.0464, "epochs": 30}