{"arquitecture": "C", "trainable_params": 18945, "non_trainable_params": 0, "train_metrics": {"mse": 997.3632552255696, "mae": 26.4279291213215, "r2_score": 0.10292367479614817, "kendalltau": 0.2663629951978059, "pearsonr": 0.4101710543492401, "spearmanr": 0.39028868503282194}, "test_metrics": {"mse": 1069.4541629695207, "mae": 27.37721905644451, "r2": 0.06387587419641128, "kendalltau": 0.22755901324101366, "pearsonr": 0.3470245124869602, "spearmanr": 0.3347557099229839}, "total_time": 13.9798, "epochs": 30}