{"arquitecture": "D", "trainable_params": 18945, "non_trainable_params": 0, "train_metrics": {"mse": 968.8121435147247, "mae": 25.522569733067755, "r2_score": 0.1286039134051561, "kendalltau": 0.3383568143903351, "pearsonr": 0.4901706502457567, "spearmanr": 0.48670800956061766}, "test_metrics": {"mse": 1064.4201613252978, "mae": 26.81592340388202, "r2": 0.0682822812699102, "kendalltau": 0.2644589843229807, "pearsonr": 0.3973095437538755, "spearmanr": 0.3869618171564891}, "total_time": 17.1691, "epochs": 30}