{"arquitecture": "B", "trainable_params": 132881, "non_trainable_params": 0, "train_metrics": {"mse": 1111.7930509256541, "mae": 29.29436042789297, "r2_score": 3.079520394244639e-08, "kendalltau": 0.10773159380164372, "pearsonr": 0.15879248169512372, "spearmanr": 0.15598405545563698}, "test_metrics": {"mse": 1142.434469470625, "mae": 30.112391582557134, "r2": -5.896514103431727e-06, "kendalltau": 0.1615006624745716, "pearsonr": 0.22499010935525582, "spearmanr": 0.23195113888469496}, "total_time": 6.2093, "epochs": 30}