{"arquitecture": "A", "trainable_params": 67345, "non_trainable_params": 0, "train_metrics": {"mse": 1111.8406969560979, "mae": 29.297554863417986, "r2_score": -4.282432872115827e-05, "kendalltau": -0.019925795547467092, "pearsonr": -0.024300262066691485, "spearmanr": -0.02427954188218311}, "test_metrics": {"mse": 1142.5307501280788, "mae": 30.11579934188298, "r2": -9.017375515929515e-05, "kendalltau": -0.023558037555235094, "pearsonr": -0.029790999843210965, "spearmanr": -0.02869181607723634}, "total_time": 7.1722, "epochs": 30}