{"arquitecture": "D", "trainable_params": 18625, "non_trainable_params": 0, "train_metrics": {"mse": 1125.974001101579, "mae": 27.209394212086387, "r2_score": -0.012754995625776866, "kendalltau": 0.23345630408981627, "pearsonr": 0.36717665207842676, "spearmanr": 0.34575559480330076}, "test_metrics": {"mse": 1179.66982621369, "mae": 27.37472661903926, "r2": -0.03259908001558243, "kendalltau": 0.21020700238303974, "pearsonr": 0.33779622455838937, "spearmanr": 0.31000394974791406}, "total_time": 14.1438, "epochs": 30}