{"arquitecture": "B", "trainable_params": 91921, "non_trainable_params": 0, "train_metrics": {"mse": 1069.3237453549896, "mae": 28.72095545745455, "r2_score": 0.038198960197986964, "kendalltau": 0.27361865398186563, "pearsonr": 0.3572344985445782, "spearmanr": 0.34842879472941596}, "test_metrics": {"mse": 1098.33427151539, "mae": 29.523862855775015, "r2": 0.038596280828382956, "kendalltau": 0.2845560573482126, "pearsonr": 0.3652699729810156, "spearmanr": 0.36122000960311246}, "total_time": 6.0844, "epochs": 30}