{"arquitecture": "B", "trainable_params": 67345, "non_trainable_params": 0, "train_metrics": {"mse": 1114.154606756249, "mae": 29.177411761907027, "r2_score": -0.002124065731486935, "kendalltau": 0.012140586309850203, "pearsonr": 0.02021430917362195, "spearmanr": 0.01479328005158303}, "test_metrics": {"mse": null, "mae": null, "r2_score": null, "kendalltau": null, "pearsonr": null, "spearmanr": null}, "total_time": 5.6732, "epochs": 30}