{"arquitecture": "D", "trainable_params": 19649, "non_trainable_params": 0, "train_metrics": {"mse": 1117.1173728520491, "mae": 28.318949960988924, "r2_score": -0.0047889195926387185, "kendalltau": 0.1409916826547166, "pearsonr": 0.20654157543611812, "spearmanr": 0.2095126591222213}, "test_metrics": {"mse": 1161.1820030514543, "mae": 29.225503504276276, "r2": -0.016416154281109208, "kendalltau": 0.10126184319674307, "pearsonr": 0.16709462457932447, "spearmanr": 0.1492565544444729}, "total_time": 17.4861, "epochs": 30}