{"arquitecture": "B", "trainable_params": 132881, "non_trainable_params": 0, "train_metrics": {"mse": 1111.7943155863195, "mae": 29.29929657858944, "r2_score": -1.1067012259946551e-06, "kendalltau": 0.055078007061914964, "pearsonr": 0.08820744790095689, "spearmanr": 0.08094089429070545}, "test_metrics": {"mse": 1142.4469713439507, "mae": 30.11609462755067, "r2": -1.683976500932438e-05, "kendalltau": 0.023959726681270506, "pearsonr": 0.04829818778706196, "spearmanr": 0.03512046554246334}, "total_time": 6.0272, "epochs": 30}