{"arquitecture": "B", "trainable_params": 91921, "non_trainable_params": 0, "train_metrics": {"mse": 1082.600887356448, "mae": 28.90413298727851, "r2_score": 0.026256862177557627, "kendalltau": 0.214066224667193, "pearsonr": 0.2684491665171951, "spearmanr": 0.2697982570783392}, "test_metrics": {"mse": 1114.225299762742, "mae": 29.761597484350204, "r2": 0.024686404705345555, "kendalltau": 0.2190402341102433, "pearsonr": 0.2567711848003223, "spearmanr": 0.2755459373054498}, "total_time": 6.0418, "epochs": 30}