{"arquitecture": "B", "trainable_params": 91921, "non_trainable_params": 0, "train_metrics": {"mse": 1110.4739974599738, "mae": 29.278539236679553, "r2_score": 0.0011864507174742522, "kendalltau": 0.05842278795116443, "pearsonr": 0.08282661183353407, "spearmanr": 0.07145759637648422}, "test_metrics": {"mse": 1142.1210001707952, "mae": 30.108881273439952, "r2": 0.0002684922202903506, "kendalltau": 0.031269502197574045, "pearsonr": 0.028174081032173743, "spearmanr": 0.03812296903854073}, "total_time": 6.098, "epochs": 30}