{"arquitecture": "B", "trainable_params": 67345, "non_trainable_params": 0, "train_metrics": {"mse": 1111.7899110186743, "mae": 29.295719581337394, "r2_score": 2.8549780684006265e-06, "kendalltau": 0.20679321457193692, "pearsonr": 0.3289907461023584, "spearmanr": 0.3038402073425866}, "test_metrics": {"mse": 1142.4346012436329, "mae": 30.113409906625748, "r2": -6.011858824095384e-06, "kendalltau": 0.21770981933817213, "pearsonr": 0.32125517673191595, "spearmanr": 0.3194333703531094}, "total_time": 6.1453, "epochs": 30}