{"arquitecture": "C", "trainable_params": 18625, "non_trainable_params": 0, "train_metrics": {"mse": 969.7398890722696, "mae": 26.129286496247783, "r2_score": 0.12776945457470867, "kendalltau": 0.27828371991641687, "pearsonr": 0.41483383467138524, "spearmanr": 0.40683317523330886}, "test_metrics": {"mse": 1063.2298786330136, "mae": 27.275096103549004, "r2": 0.06932417009820724, "kendalltau": 0.22508230322545772, "pearsonr": 0.3324070799378326, "spearmanr": 0.33060141061867154}, "total_time": 16.3542, "epochs": 30}