{"arquitecture": "C", "trainable_params": 19649, "non_trainable_params": 0, "train_metrics": {"mse": 972.6015808741004, "mae": 26.55899440643033, "r2_score": 0.1251955117790402, "kendalltau": 0.2910108330485404, "pearsonr": 0.43082263701520906, "spearmanr": 0.4258901814737587}, "test_metrics": {"mse": 994.2616101753447, "mae": 27.07851471219744, "r2": 0.12969408799992732, "kendalltau": 0.2945805911518472, "pearsonr": 0.4375237411063024, "spearmanr": 0.4343330066326889}, "total_time": 18.2277, "epochs": 30}