{"arquitecture": "A", "trainable_params": 18193, "non_trainable_params": 0, "train_metrics": {"mse": 1111.7993745413855, "mae": 29.289187484748517, "r2_score": -5.656967938083568e-06, "kendalltau": -0.041136479836799265, "pearsonr": -0.013603659643557394, "spearmanr": -0.058843845534090666}, "test_metrics": {"mse": 1142.428931568824, "mae": 30.10849910548755, "r2": -1.0490286648234814e-06, "kendalltau": -0.03093128765079527, "pearsonr": -0.029844800514684782, "spearmanr": -0.04429086964668226}, "total_time": 6.9292, "epochs": 30}