{"arquitecture": "A", "trainable_params": 132881, "non_trainable_params": 0, "train_metrics": {"mse": 1111.7962904113276, "mae": 29.290774984985177, "r2_score": -2.8829535112517846e-06, "kendalltau": 0.05133741872638605, "pearsonr": 0.08095619183959153, "spearmanr": 0.06908812792999343}, "test_metrics": {"mse": 1142.4295202203016, "mae": 30.10968610218593, "r2": -1.564292309463866e-06, "kendalltau": 0.014241228497710269, "pearsonr": 0.03684937959989159, "spearmanr": 0.018344385851031427}, "total_time": 7.4944, "epochs": 30}