{"arquitecture": "C", "trainable_params": 20161, "non_trainable_params": 0, "train_metrics": {"mse": 807.3161145168874, "mae": 23.710096709405253, "r2_score": 0.2738611839826939, "kendalltau": 0.3826114003779909, "pearsonr": 0.5536355356390031, "spearmanr": 0.5491690458254701}, "test_metrics": {"mse": 899.5911492913947, "mae": 24.938415310744727, "r2": 0.21256187747893862, "kendalltau": 0.334568929378718, "pearsonr": 0.49004058624761837, "spearmanr": 0.4883178845127602}, "total_time": 17.7489, "epochs": 30}