{"arquitecture": "D", "trainable_params": 18625, "non_trainable_params": 0, "train_metrics": {"mse": 1332.48576756396, "mae": 28.97208203306148, "r2_score": -0.19850157852703898, "kendalltau": 0.22517400579179328, "pearsonr": 0.3674104140704012, "spearmanr": 0.33428277963697717}, "test_metrics": {"mse": 1389.3594091102038, "mae": 29.384263839040482, "r2": -0.216146429940399, "kendalltau": 0.20630643478769053, "pearsonr": 0.3280177067190363, "spearmanr": 0.30613729351080404}, "total_time": 13.6258, "epochs": 30}