{"arquitecture": "A", "trainable_params": 165649, "non_trainable_params": 0, "train_metrics": {"mse": 1111.794712262867, "mae": 29.29935807939806, "r2_score": -1.4634911293942565e-06, "kendalltau": 0.034576019067525776, "pearsonr": 0.055198922285395365, "spearmanr": 0.04329769218848292}, "test_metrics": {"mse": 1142.4473099044385, "mae": 30.11613918202264, "r2": -1.713611678555438e-05, "kendalltau": 0.033879594997658295, "pearsonr": 0.05002149791234782, "spearmanr": 0.042022032214353924}, "total_time": 8.5027, "epochs": 30}