{"arquitecture": "D", "trainable_params": 18625, "non_trainable_params": 0, "train_metrics": {"mse": 1175.2493879976275, "mae": 27.54884017261379, "r2_score": -0.05707564085519001, "kendalltau": 0.23045838305237676, "pearsonr": 0.36710153204747814, "spearmanr": 0.3419965910254282}, "test_metrics": {"mse": 1228.7871289000338, "mae": 27.82053087225982, "r2": -0.07559287407536064, "kendalltau": 0.2148646210155326, "pearsonr": 0.33489504785348995, "spearmanr": 0.319323795339448}, "total_time": 15.2958, "epochs": 30}