{"arquitecture": "D", "trainable_params": 18945, "non_trainable_params": 0, "train_metrics": {"mse": 913.7857533968349, "mae": 25.452265045527582, "r2_score": 0.1780972866345778, "kendalltau": 0.30714320925258254, "pearsonr": 0.4506892819688537, "spearmanr": 0.4450785595273812}, "test_metrics": {"mse": 999.3966870699894, "mae": 26.656656735709735, "r2": 0.1251992068396297, "kendalltau": 0.24850074954663542, "pearsonr": 0.3779125007919907, "spearmanr": 0.36511904582556987}, "total_time": 19.1214, "epochs": 30}