{"arquitecture": "A", "trainable_params": 91921, "non_trainable_params": 0, "train_metrics": {"mse": 1111.5967046659748, "mae": 29.287725182912634, "r2_score": 0.00017663403397150113, "kendalltau": 0.03610293176530887, "pearsonr": 0.019511471863920736, "spearmanr": 0.044025742724750384}, "test_metrics": {"mse": 1142.1306386672934, "mae": 30.107239518846786, "r2": 0.00026005536584561284, "kendalltau": 0.048060062241697066, "pearsonr": 0.05090363118985932, "spearmanr": 0.058491048412506935}, "total_time": 7.4109, "epochs": 30}