{"arquitecture": "D", "trainable_params": 18945, "non_trainable_params": 0, "train_metrics": {"mse": 943.6630354767722, "mae": 25.85972836988859, "r2_score": 0.15122422681918757, "kendalltau": 0.3015007252021149, "pearsonr": 0.44338355227121545, "spearmanr": 0.4386962509145322}, "test_metrics": {"mse": 1024.1136339992956, "mae": 26.951666149709904, "r2": 0.10356374910997479, "kendalltau": 0.24647024842052176, "pearsonr": 0.37284162992605224, "spearmanr": 0.36198574510632303}, "total_time": 20.1891, "epochs": 30}