{"arquitecture": "C", "trainable_params": 18945, "non_trainable_params": 0, "train_metrics": {"mse": 942.8649975096353, "mae": 25.71009047696783, "r2_score": 0.1519420204246582, "kendalltau": 0.3186477644958743, "pearsonr": 0.4727272705768202, "spearmanr": 0.46044764966006396}, "test_metrics": {"mse": 1051.12352022089, "mae": 27.145636288183077, "r2": 0.07992121537385155, "kendalltau": 0.24703678330262263, "pearsonr": 0.36396258561159495, "spearmanr": 0.3618028504294362}, "total_time": 18.0029, "epochs": 30}