{"arquitecture": "C", "trainable_params": 18625, "non_trainable_params": 0, "train_metrics": {"mse": 1304.8240097058897, "mae": 28.750277503247805, "r2_score": -0.17362126740871497, "kendalltau": 0.255444035285467, "pearsonr": 0.388446860303935, "spearmanr": 0.3754330341548776}, "test_metrics": {"mse": 1368.2141279409236, "mae": 29.09566220002515, "r2": -0.19763735443733998, "kendalltau": 0.21378168708160533, "pearsonr": 0.3317417294788041, "spearmanr": 0.3154320635539355}, "total_time": 12.1897, "epochs": 30}