{"arquitecture": "A", "trainable_params": 132881, "non_trainable_params": 0, "train_metrics": {"mse": 1111.8001876672645, "mae": 29.288450999828317, "r2_score": -6.388332334683611e-06, "kendalltau": -0.07439225873051984, "pearsonr": -0.10828047861986258, "spearmanr": -0.09715525627610425}, "test_metrics": {"mse": 1142.4279956747869, "mae": 30.107930396284377, "r2": -2.2981357572504635e-07, "kendalltau": -0.07138135834871802, "pearsonr": -0.10504260779015095, "spearmanr": -0.09453650650229178}, "total_time": 7.6655, "epochs": 30}