{"arquitecture": "D", "trainable_params": 18625, "non_trainable_params": 0, "train_metrics": {"mse": 1121.0188119761915, "mae": 29.10219164930958, "r2_score": -0.008298060975334698, "kendalltau": 0.03285264675418144, "pearsonr": 0.036086473030969596, "spearmanr": 0.04928607537491611}, "test_metrics": {"mse": 1151.0720841275488, "mae": 29.953679783003672, "r2": -0.007566650167433631, "kendalltau": 0.0252090184999739, "pearsonr": 0.024003264790969713, "spearmanr": 0.037105859126440356}, "total_time": 18.8474, "epochs": 30}