{"arquitecture": "C", "trainable_params": 25793, "non_trainable_params": 0, "train_metrics": {"mse": 1035.3550753316877, "mae": 27.563381952894765, "r2_score": 0.06875201047020096, "kendalltau": 0.19711169543518936, "pearsonr": 0.3045451029556919, "spearmanr": 0.29070437506424346}, "test_metrics": {"mse": 1070.5852286438364, "mae": 28.303557187318802, "r2": 0.06288581973474527, "kendalltau": 0.2149648926760814, "pearsonr": 0.29456413698598494, "spearmanr": 0.3179746290650448}, "total_time": 15.9853, "epochs": 30}