{"arquitecture": "C", "trainable_params": 18625, "non_trainable_params": 0, "train_metrics": {"mse": 1118.4463523437273, "mae": 29.11534645113436, "r2_score": -0.005984267458543746, "kendalltau": 0.08352789854755387, "pearsonr": 0.09388257690460079, "spearmanr": 0.12392743159708687}, "test_metrics": {"mse": 1148.5330988612648, "mae": 29.963357278278895, "r2": -0.005344203011560467, "kendalltau": 0.09438653798714898, "pearsonr": 0.11453125018423435, "spearmanr": 0.13901354733745433}, "total_time": 15.0056, "epochs": 30}