{"arquitecture": "A", "trainable_params": 67345, "non_trainable_params": 0, "train_metrics": {"mse": 1111.793297948067, "mae": 29.294409838174737, "r2_score": -1.9138859630452032e-07, "kendalltau": -0.004054808134617516, "pearsonr": -0.013101576473406075, "spearmanr": -0.004932448303374695}, "test_metrics": {"mse": 1142.4349406560693, "mae": 30.11243193064417, "r2": -6.30895633557671e-06, "kendalltau": 0.02115401650597747, "pearsonr": 0.022169999991684362, "spearmanr": 0.02576390964065896}, "total_time": 7.1191, "epochs": 30}