{"arquitecture": "B", "trainable_params": 132881, "non_trainable_params": 0, "train_metrics": {"mse": 1111.7816132679966, "mae": 29.289811163099262, "r2_score": 1.031837282094994e-05, "kendalltau": 0.10677095995085963, "pearsonr": 0.1362251156005658, "spearmanr": 0.15239995212491175}, "test_metrics": {"mse": 1142.410353653026, "mae": 30.108861093010223, "r2": 1.5212757756510875e-05, "kendalltau": 0.1244642269861636, "pearsonr": 0.15721855969837437, "spearmanr": 0.17805853417397688}, "total_time": 6.0691, "epochs": 30}