{"arquitecture": "D", "trainable_params": 19649, "non_trainable_params": 0, "train_metrics": {"mse": 903.9644080625069, "mae": 25.79895510201023, "r2_score": 0.18693107546218435, "kendalltau": 0.30637038851654164, "pearsonr": 0.43975867594127027, "spearmanr": 0.4453370601958719}, "test_metrics": {"mse": 928.7041259724743, "mae": 26.161138496228627, "r2": 0.18707844790450756, "kendalltau": 0.3132912830102577, "pearsonr": 0.4422124614239006, "spearmanr": 0.45543584073992677}, "total_time": 16.2255, "epochs": 30}