{"arquitecture": "A", "trainable_params": 91921, "non_trainable_params": 0, "train_metrics": {"mse": 1060.05760248052, "mae": 28.59422315302621, "r2_score": 0.04653337331686902, "kendalltau": 0.271811883759096, "pearsonr": 0.35615707746908704, "spearmanr": 0.3479712737617072}, "test_metrics": {"mse": 1093.3469103077043, "mae": 29.478928127459117, "r2": 0.042961862180320276, "kendalltau": 0.27338830447663365, "pearsonr": 0.3411672466825453, "spearmanr": 0.3484847951681103}, "total_time": 7.2587, "epochs": 30}