{"arquitecture": "A", "trainable_params": 526097, "non_trainable_params": 0, "train_metrics": {"mse": 1111.793405547093, "mae": 29.294122842922913, "r2_score": -2.881683185407269e-07, "kendalltau": 0.012140586309850203, "pearsonr": 0.02021430917362195, "spearmanr": 0.01479328005158303}, "test_metrics": {"mse": null, "mae": null, "r2_score": null, "kendalltau": null, "pearsonr": null, "spearmanr": null}, "total_time": 12.5187, "epochs": 30}