{"arquitecture": "A", "trainable_params": 91921, "non_trainable_params": 0, "train_metrics": {"mse": 1074.2815091568152, "mae": 28.624710965008184, "r2_score": 0.033739709760126524, "kendalltau": 0.235536539376344, "pearsonr": 0.34104081259304786, "spearmanr": 0.31243891032563587}, "test_metrics": {"mse": 1107.845318597267, "mae": 29.526490492480143, "r2": 0.030270986539680744, "kendalltau": 0.2288180891924599, "pearsonr": 0.31588054493356194, "spearmanr": 0.3030459556273739}, "total_time": 7.3389, "epochs": 30}