{"arquitecture": "A", "trainable_params": 91921, "non_trainable_params": 0, "train_metrics": {"mse": 1062.5944749252421, "mae": 28.612851647340037, "r2_score": 0.04425158862277834, "kendalltau": 0.27803288514871644, "pearsonr": 0.3551067236874423, "spearmanr": 0.34879568740921696}, "test_metrics": {"mse": 1092.7081614730012, "mae": 29.439954919474467, "r2": 0.04352097748904393, "kendalltau": 0.284811759968545, "pearsonr": 0.3606750725793676, "spearmanr": 0.35776273809643716}, "total_time": 7.3914, "epochs": 30}