{"arquitecture": "D", "trainable_params": 17793, "non_trainable_params": 0, "train_metrics": {"mse": 930.5832719602728, "mae": 25.829228019988268, "r2_score": 0.1629887931679478, "kendalltau": 0.2918218293958444, "pearsonr": 0.4298176017455539, "spearmanr": 0.42388851544824174}, "test_metrics": {"mse": 974.238075796607, "mae": 26.466299595577375, "r2": 0.14722126612951314, "kendalltau": 0.26830941608805553, "pearsonr": 0.4084738545841206, "spearmanr": 0.39336151253202867}, "total_time": 11.2179, "epochs": 30}