{"arquitecture": "A", "trainable_params": 67345, "non_trainable_params": 0, "train_metrics": {"mse": null, "mae": null, "r2_score": null, "kendalltau": null, "pearsonr": null, "spearmanr": null}, "test_metrics": {"mse": 1142.3800268652813, "mae": 30.104999946696417, "r2": 4.175867122258037e-05, "kendalltau": 0.0012566725458607014, "pearsonr": 0.011628406735957256, "spearmanr": 0.0015542253739937917}, "total_time": 7.1456, "epochs": 30}