{"arquitecture": "D", "trainable_params": 18625, "non_trainable_params": 0, "train_metrics": {"mse": 1244.2418053833585, "mae": 28.23805793407946, "r2_score": -0.11913072853868822, "kendalltau": 0.26244296575307613, "pearsonr": 0.3936922740260589, "spearmanr": 0.3864860330242524}, "test_metrics": {"mse": 1319.763563513183, "mae": 28.670763283967972, "r2": -0.1552271756376511, "kendalltau": 0.21447857512241963, "pearsonr": 0.33435849380471705, "spearmanr": 0.3170742283519862}, "total_time": 18.8739, "epochs": 30}