{"arquitecture": "D", "trainable_params": 18945, "non_trainable_params": 0, "train_metrics": {"mse": 957.13086733492, "mae": 25.997207990384318, "r2_score": 0.13911061320000717, "kendalltau": 0.28820591767487785, "pearsonr": 0.4346308176894497, "spearmanr": 0.42002302690618293}, "test_metrics": {"mse": 1044.5904477621536, "mae": 27.226672538689204, "r2": 0.08563980244004665, "kendalltau": 0.2384033933293689, "pearsonr": 0.3555187433198339, "spearmanr": 0.3503137863807838}, "total_time": 14.2159, "epochs": 30}