{"arquitecture": "B", "trainable_params": 67345, "non_trainable_params": 0, "train_metrics": {"mse": 1111.8225159940334, "mae": 29.28096622596693, "r2_score": -2.647149984769115e-05, "kendalltau": -0.0752778737148129, "pearsonr": -0.1094300105437366, "spearmanr": -0.09739299529123675}, "test_metrics": {"mse": 1142.4329469707209, "mae": 30.102276129382, "r2": -4.563825951597877e-06, "kendalltau": -0.06849517249727534, "pearsonr": -0.11214866830213735, "spearmanr": -0.0893394025054712}, "total_time": 5.6474, "epochs": 30}