{"arquitecture": "C", "trainable_params": 18945, "non_trainable_params": 0, "train_metrics": {"mse": 987.7404043451204, "mae": 25.793921589566054, "r2_score": 0.11157892819614001, "kendalltau": 0.3372048312065664, "pearsonr": 0.4980065391470908, "spearmanr": 0.48616966552356206}, "test_metrics": {"mse": 1104.2357809828568, "mae": 27.008675964815275, "r2": 0.03343051909455197, "kendalltau": 0.2667150966853292, "pearsonr": 0.38683819381736945, "spearmanr": 0.38928282359721694}, "total_time": 20.2941, "epochs": 30}