{"arquitecture": "A", "trainable_params": 67345, "non_trainable_params": 0, "train_metrics": {"mse": 1111.8056195880456, "mae": 29.28606518516705, "r2_score": -1.1274062290622666e-05, "kendalltau": -0.012140586309850203, "pearsonr": -0.02021430917362195, "spearmanr": -0.01479328005158303}, "test_metrics": {"mse": 1142.4264095007932, "mae": 30.106107345649175, "r2": 1.158610346108091e-06, "kendalltau": 0.03061483709317714, "pearsonr": 0.03547966692452988, "spearmanr": 0.037286436658931006}, "total_time": 7.2784, "epochs": 30}