{"arquitecture": "B", "trainable_params": 91921, "non_trainable_params": 0, "train_metrics": {"mse": 1111.7266390264385, "mae": 29.299796597931362, "r2_score": 5.9764841135678815e-05, "kendalltau": 0.008622597624800781, "pearsonr": 0.013766922880098169, "spearmanr": 0.010506617899689102}, "test_metrics": {"mse": null, "mae": null, "r2_score": null, "kendalltau": null, "pearsonr": null, "spearmanr": null}, "total_time": 5.9273, "epochs": 30}