{"arquitecture": "C", "trainable_params": 18625, "non_trainable_params": 0, "train_metrics": {"mse": 803.0222236483116, "mae": 24.043694505285224, "r2_score": 0.27772331527841443, "kendalltau": 0.40427697851176436, "pearsonr": 0.5555661784721309, "spearmanr": 0.5718224823137368}, "test_metrics": {"mse": 843.9701421753392, "mae": 24.43900959619454, "r2": 0.26124855192065244, "kendalltau": 0.39827151532538557, "pearsonr": 0.539158992117673, "spearmanr": 0.5722035520268337}, "total_time": 11.2294, "epochs": 30}