{"arquitecture": "C", "trainable_params": 18625, "non_trainable_params": 0, "train_metrics": {"mse": 1247.0895380686416, "mae": 28.229718713226244, "r2_score": -0.1216921158357358, "kendalltau": 0.23896278370823032, "pearsonr": 0.37456823578853554, "spearmanr": 0.3530634778863367}, "test_metrics": {"mse": 1307.3907164397865, "mae": 28.688685653465136, "r2": -0.14439686513783134, "kendalltau": 0.19829472910983953, "pearsonr": 0.32947524533887834, "spearmanr": 0.2943460716064529}, "total_time": 10.839, "epochs": 30}