{"arquitecture": "D", "trainable_params": 18625, "non_trainable_params": 0, "train_metrics": {"mse": 907.1841568088425, "mae": 25.472558972480595, "r2_score": 0.1840350790854287, "kendalltau": 0.33671823350974256, "pearsonr": 0.47145631593034126, "spearmanr": 0.4834173743691398}, "test_metrics": {"mse": 956.9984502939512, "mae": 26.13716851600579, "r2": 0.16231160839162917, "kendalltau": 0.31914213440328154, "pearsonr": 0.44308746451500214, "spearmanr": 0.4659884089664265}, "total_time": 9.1102, "epochs": 30}