{"arquitecture": "A", "trainable_params": 132881, "non_trainable_params": 0, "train_metrics": {"mse": 1111.7964284446514, "mae": 29.301187731650185, "r2_score": -3.007107299834999e-06, "kendalltau": 0.16426159741648455, "pearsonr": 0.2182329504268794, "spearmanr": 0.22266897246780396}, "test_metrics": {"mse": 1142.45262865033, "mae": 30.117485225200653, "r2": -2.1791768725298866e-05, "kendalltau": 0.21638695904567085, "pearsonr": 0.2783954830976805, "spearmanr": 0.290774280813538}, "total_time": 7.7044, "epochs": 30}