{"arquitecture": "D", "trainable_params": 18945, "non_trainable_params": 0, "train_metrics": {"mse": 902.6363522255357, "mae": 25.18109035857161, "r2_score": 0.18812559254876604, "kendalltau": 0.3283797184323517, "pearsonr": 0.4758012593945698, "spearmanr": 0.4721547376486137}, "test_metrics": {"mse": 986.5180207444421, "mae": 26.40124109174524, "r2": 0.13647227554417662, "kendalltau": 0.26664490652294504, "pearsonr": 0.40248694177975436, "spearmanr": 0.3910355009918194}, "total_time": 19.6649, "epochs": 30}