{"arquitecture": "C", "trainable_params": 17793, "non_trainable_params": 0, "train_metrics": {"mse": 1015.0981183241752, "mae": 26.387130051608747, "r2_score": 0.08697208871842343, "kendalltau": 0.2914683340513106, "pearsonr": 0.4246530408850828, "spearmanr": 0.42366705418378353}, "test_metrics": {"mse": 1049.4578015468044, "mae": 27.071099003510817, "r2": 0.08137926705255416, "kendalltau": 0.27465159861776856, "pearsonr": 0.4119764401573754, "spearmanr": 0.40102150029884465}, "total_time": 13.4089, "epochs": 30}