{"arquitecture": "A", "trainable_params": 132881, "non_trainable_params": 0, "train_metrics": {"mse": 1111.7930258984948, "mae": 29.29507300384653, "r2_score": 5.330583086049501e-08, "kendalltau": 0.11546052781281822, "pearsonr": 0.16328899056741006, "spearmanr": 0.1592309082809774}, "test_metrics": {"mse": 1142.436160773542, "mae": 30.11293170281819, "r2": -7.376960408977951e-06, "kendalltau": 0.17316772538726136, "pearsonr": 0.24003244891416434, "spearmanr": 0.23826226618236804}, "total_time": 7.6781, "epochs": 30}