{"arquitecture": "C", "trainable_params": 20161, "non_trainable_params": 0, "train_metrics": {"mse": 1080.6274839910043, "mae": 28.71764450840199, "r2_score": 0.028031835769117164, "kendalltau": 0.16414193671573107, "pearsonr": 0.21952102042954524, "spearmanr": 0.24150332929248966}, "test_metrics": {"mse": 1102.4921238098564, "mae": 29.36313429049083, "r2": 0.03495679259302886, "kendalltau": 0.19812702114562514, "pearsonr": 0.24414454124591287, "spearmanr": 0.2945260478703237}, "total_time": 14.087, "epochs": 30}