{"arquitecture": "B", "trainable_params": 165649, "non_trainable_params": 0, "train_metrics": {"mse": 1111.7959806484087, "mae": 29.29040111726183, "r2_score": -2.604337892009312e-06, "kendalltau": 0.08383486831775062, "pearsonr": 0.12991127261073915, "spearmanr": 0.11916640432854324}, "test_metrics": {"mse": 1142.42835264699, "mae": 30.109400779008865, "r2": -5.422816582445478e-07, "kendalltau": 0.07873807396400792, "pearsonr": 0.11331515922846848, "spearmanr": 0.11340750905746944}, "total_time": 6.2708, "epochs": 30}