{"arquitecture": "D", "trainable_params": 18625, "non_trainable_params": 0, "train_metrics": {"mse": 1126.458547871291, "mae": 29.00197555848775, "r2_score": -0.01319082021955964, "kendalltau": 0.1078902359997383, "pearsonr": 0.16384747738101116, "spearmanr": 0.16087292183190388}, "test_metrics": {"mse": 1157.4681644274785, "mae": 29.864663034677505, "r2": -0.01316532403926729, "kendalltau": 0.07733962822492062, "pearsonr": 0.12172017691274473, "spearmanr": 0.11495151965930009}, "total_time": 12.0492, "epochs": 30}