{"arquitecture": "C", "trainable_params": 18945, "non_trainable_params": 0, "train_metrics": {"mse": 1000.9768031446904, "mae": 26.10534466391491, "r2_score": 0.0996734765647127, "kendalltau": 0.2994557246542888, "pearsonr": 0.4396238054934676, "spearmanr": 0.43447367030736495}, "test_metrics": {"mse": 1060.069095846772, "mae": 26.736258837793553, "r2": 0.07209089458727724, "kendalltau": 0.26273431176154094, "pearsonr": 0.3927210822768878, "spearmanr": 0.3839126354758615}, "total_time": 15.711, "epochs": 30}