{"arquitecture": "C", "trainable_params": 18625, "non_trainable_params": 0, "train_metrics": {"mse": 1114.2954510282655, "mae": 29.174703518587645, "r2_score": -0.00225074782179302, "kendalltau": 0.008767249803957705, "pearsonr": -0.0025937269012896833, "spearmanr": 0.014102133386323521}, "test_metrics": {"mse": 1144.665118358465, "mae": 30.019956805876323, "r2": -0.0019584479299636914, "kendalltau": -0.0063674013110983215, "pearsonr": -0.02647728868540515, "spearmanr": -0.010133471279845981}, "total_time": 11.5496, "epochs": 30}