{"arquitecture": "B", "trainable_params": 91921, "non_trainable_params": 0, "train_metrics": {"mse": 1113.0755010204878, "mae": 29.19964800661634, "r2_score": -0.0011534663005663415, "kendalltau": 0.01423570193684329, "pearsonr": 0.013767003519506273, "spearmanr": 0.017346097732482232}, "test_metrics": {"mse": null, "mae": null, "r2_score": null, "kendalltau": null, "pearsonr": null, "spearmanr": null}, "total_time": 5.8506, "epochs": 30}