{"arquitecture": "C", "trainable_params": 18625, "non_trainable_params": 0, "train_metrics": {"mse": 1222.332718475964, "mae": 28.162719114823112, "r2_score": -0.09942464545563712, "kendalltau": 0.2593851415900807, "pearsonr": 0.3900006754296985, "spearmanr": 0.38050533304160417}, "test_metrics": {"mse": 1287.3032639023652, "mae": 28.71946234256029, "r2": -0.1268137375973284, "kendalltau": 0.2156667942999232, "pearsonr": 0.3316445570138984, "spearmanr": 0.3191038796100629}, "total_time": 17.1514, "epochs": 30}