{"arquitecture": "D", "trainable_params": 18625, "non_trainable_params": 0, "train_metrics": {"mse": 1311.679761411965, "mae": 28.76004916985906, "r2_score": -0.17978765915693007, "kendalltau": 0.2474920672008533, "pearsonr": 0.3767526959172494, "spearmanr": 0.3644423239314546}, "test_metrics": {"mse": 1368.6498855014677, "mae": 29.018046276909963, "r2": -0.19801878561929365, "kendalltau": 0.22278608219888965, "pearsonr": 0.33165247919809415, "spearmanr": 0.3302484510032355}, "total_time": 18.2255, "epochs": 30}