{"arquitecture": "A", "trainable_params": 67345, "non_trainable_params": 0, "train_metrics": {"mse": 1111.941181796809, "mae": 29.287578951633392, "r2_score": -0.00013320521168558308, "kendalltau": -0.0013767534901573755, "pearsonr": -0.03530231596567388, "spearmanr": -0.0016589028966095569}, "test_metrics": {"mse": 1142.4996984309616, "mae": 30.107954953398025, "r2": -6.299330757664201e-05, "kendalltau": -0.013742188573887138, "pearsonr": -0.016934656388958552, "spearmanr": -0.0167368927117212}, "total_time": 7.1794, "epochs": 30}