{"arquitecture": "C", "trainable_params": 18625, "non_trainable_params": 0, "train_metrics": {"mse": 1371.7531000746735, "mae": 29.3252786250135, "r2_score": -0.23382049985756415, "kendalltau": 0.22911470986682905, "pearsonr": 0.37594358239483144, "spearmanr": 0.33949814320337685}, "test_metrics": {"mse": 1401.1516654716122, "mae": 29.12928165388959, "r2": -0.22646853261651878, "kendalltau": 0.23255254193634506, "pearsonr": 0.3618571738020437, "spearmanr": 0.3444867411205887}, "total_time": 17.7833, "epochs": 30}