{"arquitecture": "A", "trainable_params": 132881, "non_trainable_params": 0, "train_metrics": {"mse": 1111.8095677039528, "mae": 29.284617124989364, "r2_score": -1.4825187009792629e-05, "kendalltau": 0.15084893187011691, "pearsonr": 0.20069000777274218, "spearmanr": 0.20888370309108956}, "test_metrics": {"mse": 1142.4284440935778, "mae": 30.105033040046692, "r2": -6.223274984229477e-07, "kendalltau": 0.1933521794476445, "pearsonr": 0.2620956987370731, "spearmanr": 0.2664677005946086}, "total_time": 8.3484, "epochs": 30}