{"arquitecture": "D", "trainable_params": 18625, "non_trainable_params": 0, "train_metrics": {"mse": 1120.9869833421637, "mae": 29.09620505990795, "r2_score": -0.008269432776029761, "kendalltau": 0.08304628867061967, "pearsonr": 0.1005487882886615, "spearmanr": 0.12313105031979273}, "test_metrics": {"mse": 1150.9654417632426, "mae": 29.944057834999903, "r2": -0.0074733030250160315, "kendalltau": 0.09786599498083226, "pearsonr": 0.12384775471174543, "spearmanr": 0.14291171496052038}, "total_time": 16.283, "epochs": 30}