{"arquitecture": "C", "trainable_params": 18625, "non_trainable_params": 0, "train_metrics": {"mse": 1205.1120632548668, "mae": 27.816819637913976, "r2_score": -0.08393556259399682, "kendalltau": 0.23678507469763407, "pearsonr": 0.3679069653715095, "spearmanr": 0.3499808036365807}, "test_metrics": {"mse": 1262.2737896163521, "mae": 28.16416823225362, "r2": -0.1049047156433085, "kendalltau": 0.21144034380779028, "pearsonr": 0.3326451909576612, "spearmanr": 0.31423018067360825}, "total_time": 19.0865, "epochs": 30}