{"arquitecture": "D", "trainable_params": 19649, "non_trainable_params": 0, "train_metrics": {"mse": 974.5755087686806, "mae": 26.926409330135215, "r2_score": 0.12342006640082959, "kendalltau": 0.27369092955939306, "pearsonr": 0.3730053645324796, "spearmanr": 0.4013081699005689}, "test_metrics": {"mse": 983.1502551942183, "mae": 27.18221290409565, "r2": 0.13942017802637452, "kendalltau": 0.30361506776729624, "pearsonr": 0.41093223792828293, "spearmanr": 0.4435693004302114}, "total_time": 18.1513, "epochs": 30}