{"arquitecture": "C", "trainable_params": 18625, "non_trainable_params": 0, "train_metrics": {"mse": 1123.0270944040503, "mae": 28.95887730782428, "r2_score": -0.010104406467727589, "kendalltau": 0.14507635379446152, "pearsonr": 0.21941897210122716, "spearmanr": 0.21471558165753532}, "test_metrics": {"mse": 1153.9474588500232, "mae": 29.820725977420807, "r2": -0.010083548732735537, "kendalltau": 0.11871913929829325, "pearsonr": 0.1885135584100117, "spearmanr": 0.17600118673826273}, "total_time": 13.7275, "epochs": 30}