{"arquitecture": "C", "trainable_params": 18945, "non_trainable_params": 0, "train_metrics": {"mse": 887.5092377132552, "mae": 24.96070336998793, "r2_score": 0.2017316445328502, "kendalltau": 0.34461162228492526, "pearsonr": 0.49733724144063707, "spearmanr": 0.49429377967040705}, "test_metrics": {"mse": 995.3496053237325, "mae": 26.50859989066209, "r2": 0.12874173441393055, "kendalltau": 0.2642333730867458, "pearsonr": 0.3956591208691699, "spearmanr": 0.38563152010713125}, "total_time": 15.9131, "epochs": 30}