{"arquitecture": "D", "trainable_params": 19649, "non_trainable_params": 0, "train_metrics": {"mse": 1030.1633285095184, "mae": 26.591953318674864, "r2_score": 0.07342171645367146, "kendalltau": 0.3112885064914161, "pearsonr": 0.4286958153246923, "spearmanr": 0.4512102278345529}, "test_metrics": {"mse": 1068.937114180983, "mae": 27.07334395178727, "r2": 0.06432846193876351, "kendalltau": 0.302441889338875, "pearsonr": 0.4195090079883486, "spearmanr": 0.4437454298809657}, "total_time": 19.9837, "epochs": 30}