{"arquitecture": "A", "trainable_params": 67345, "non_trainable_params": 0, "train_metrics": {"mse": 1100.8426562090074, "mae": 29.110060944290126, "r2_score": 0.009849340763736447, "kendalltau": 0.3145817687097709, "pearsonr": 0.4328093715311157, "spearmanr": 0.45365693347497643}, "test_metrics": {"mse": 1129.7222016038281, "mae": 29.90313645345824, "r2": 0.011121518812181597, "kendalltau": 0.33061321237006697, "pearsonr": 0.4571776310608461, "spearmanr": 0.4828801692575667}, "total_time": 7.6092, "epochs": 30}