{"arquitecture": "A", "trainable_params": 91921, "non_trainable_params": 0, "train_metrics": {"mse": 1081.297536676779, "mae": 28.871998042338998, "r2_score": 0.02742915826129999, "kendalltau": 0.2804290090343209, "pearsonr": 0.3402534294828155, "spearmanr": 0.34311570719239}, "test_metrics": {"mse": 1113.667624072376, "mae": 29.743588089942932, "r2": 0.025174554348595612, "kendalltau": 0.2768709811593192, "pearsonr": 0.33171915970266536, "spearmanr": 0.3379464868617495}, "total_time": 7.332, "epochs": 30}