{"arquitecture": "B", "trainable_params": 67345, "non_trainable_params": 0, "train_metrics": {"mse": 1111.7926821106685, "mae": 29.296089705580897, "r2_score": 3.6252508295309127e-07, "kendalltau": 0.09952924446833922, "pearsonr": 0.13476565445153346, "spearmanr": 0.14590385067174744}, "test_metrics": {"mse": 1142.4384344156404, "mae": 30.113702667610987, "r2": -9.367145024086199e-06, "kendalltau": 0.06080310442674104, "pearsonr": 0.07482911889781198, "spearmanr": 0.08916742668058585}, "total_time": 6.3021, "epochs": 30}