{"arquitecture": "B", "trainable_params": 165649, "non_trainable_params": 0, "train_metrics": {"mse": 1111.793166312798, "mae": 29.296842309377478, "r2_score": -7.29895246465162e-08, "kendalltau": 0.0448557580670781, "pearsonr": 0.067429142998766, "spearmanr": 0.06416492527627372}, "test_metrics": {"mse": 1142.4403655130416, "mae": 30.114267617464066, "r2": -1.1057490369559275e-05, "kendalltau": 0.08231708190050527, "pearsonr": 0.11969987851809029, "spearmanr": 0.12134868190864667}, "total_time": 6.9323, "epochs": 30}