{"arquitecture": "C", "trainable_params": 19649, "non_trainable_params": 0, "train_metrics": {"mse": 960.2049543969902, "mae": 26.34944262853817, "r2_score": 0.13634563192508042, "kendalltau": 0.2825851613246339, "pearsonr": 0.3960727028131768, "spearmanr": 0.4127872854376288}, "test_metrics": {"mse": 976.6603862063633, "mae": 26.672654071024485, "r2": 0.14510094784634164, "kendalltau": 0.31245902822770244, "pearsonr": 0.41931166812033643, "spearmanr": 0.45246631521754743}, "total_time": 20.0616, "epochs": 30}