{"arquitecture": "C", "trainable_params": 19649, "non_trainable_params": 0, "train_metrics": {"mse": 1101.8390794844706, "mae": 27.988229260369316, "r2_score": 0.008953109901393308, "kendalltau": 0.21212894821879727, "pearsonr": 0.3025077714103164, "spearmanr": 0.31216531302809314}, "test_metrics": {"mse": 1113.0222591096647, "mae": 28.13166637931551, "r2": 0.025739460945307324, "kendalltau": 0.26347130846657474, "pearsonr": 0.35311059287995117, "spearmanr": 0.38416993095654095}, "total_time": 14.56, "epochs": 30}