{"arquitecture": "D", "trainable_params": 18625, "non_trainable_params": 0, "train_metrics": {"mse": 1415.619401265249, "mae": 29.777460078179637, "r2_score": -0.27327595409266836, "kendalltau": 0.24321590562270412, "pearsonr": 0.3827650967725943, "spearmanr": 0.35733540042746575}, "test_metrics": {"mse": 1453.0894661921386, "mae": 29.78469745176179, "r2": -0.27193119009092737, "kendalltau": 0.22505222172729306, "pearsonr": 0.34891790095130043, "spearmanr": 0.3318585164299448}, "total_time": 14.9549, "epochs": 30}