{"arquitecture": "A", "trainable_params": 67345, "non_trainable_params": 0, "train_metrics": {"mse": 1111.7942530635432, "mae": 29.29269371744889, "r2_score": -1.0504652439013995e-06, "kendalltau": 0.066684890105563, "pearsonr": 0.08305394242569925, "spearmanr": 0.08829233231503864}, "test_metrics": {"mse": 1142.431910612636, "mae": 30.111135223082133, "r2": -3.656671779150855e-06, "kendalltau": 0.0616375628280178, "pearsonr": 0.09656967105822248, "spearmanr": 0.08126586780493296}, "total_time": 7.2737, "epochs": 30}