{"arquitecture": "B", "trainable_params": 18193, "non_trainable_params": 0, "train_metrics": {"mse": 1111.8027835845573, "mae": 29.2873804358103, "r2_score": -8.72322479583687e-06, "kendalltau": -0.0286492945226344, "pearsonr": -0.0059086688714887065, "spearmanr": -0.043513655580476526}, "test_metrics": {"mse": 1142.4286072417713, "mae": 30.10714360645839, "r2": -7.651358255866825e-07, "kendalltau": -0.012044028008698754, "pearsonr": -0.0246434997379325, "spearmanr": -0.017397463510908876}, "total_time": 5.5524, "epochs": 30}