{"arquitecture": "D", "trainable_params": 20161, "non_trainable_params": 0, "train_metrics": {"mse": 803.3615975109391, "mae": 23.795712495660485, "r2_score": 0.27741806615683207, "kendalltau": 0.3631526444882673, "pearsonr": 0.5329601918461822, "spearmanr": 0.5225805004302747}, "test_metrics": {"mse": 884.5408798331781, "mae": 25.013811273234232, "r2": 0.2257358131439896, "kendalltau": 0.3186608304326472, "pearsonr": 0.4782970152807581, "spearmanr": 0.465099761895317}, "total_time": 18.0656, "epochs": 30}