{"arquitecture": "A", "trainable_params": 67345, "non_trainable_params": 0, "train_metrics": {"mse": 1111.7932349951873, "mae": 29.294418738526325, "r2_score": -1.3476575833060167e-07, "kendalltau": 0.06505738794496958, "pearsonr": 0.09152225746989617, "spearmanr": 0.09099370404661587}, "test_metrics": {"mse": 1142.4349242739763, "mae": 30.112438989537104, "r2": -6.2946166161648165e-06, "kendalltau": 0.042412649150153185, "pearsonr": 0.05640367569527199, "spearmanr": 0.058590332546733195}, "total_time": 7.8045, "epochs": 30}