{"arquitecture": "A", "trainable_params": 91921, "non_trainable_params": 0, "train_metrics": {"mse": 1059.9547158226048, "mae": 28.598137581160103, "r2_score": 0.046625914509369815, "kendalltau": 0.26644477499443303, "pearsonr": 0.34170546941122526, "spearmanr": 0.32984617255617815}, "test_metrics": {"mse": 1092.8941075691166, "mae": 29.477077850273677, "r2": 0.04335821349905722, "kendalltau": 0.2748699464987906, "pearsonr": 0.3282865697525916, "spearmanr": 0.3386389204753573}, "total_time": 7.3974, "epochs": 30}