{"arquitecture": "A", "trainable_params": 132881, "non_trainable_params": 0, "train_metrics": {"mse": 1047.2679666811098, "mae": 28.18702059718854, "r2_score": 0.05803698488819731, "kendalltau": 0.17022564172344978, "pearsonr": 0.28200752780925464, "spearmanr": 0.24964671446368902}, "test_metrics": {"mse": 1073.497553593586, "mae": 28.848953538707324, "r2": 0.06033657756800259, "kendalltau": 0.18128181329003906, "pearsonr": 0.2925323054660715, "spearmanr": 0.26666051314295014}, "total_time": 7.5476, "epochs": 30}