{"arquitecture": "B", "trainable_params": 67345, "non_trainable_params": 0, "train_metrics": {"mse": 1111.7934697983524, "mae": 29.297360326640053, "r2_score": -3.459589814625019e-07, "kendalltau": 0.03762482672594214, "pearsonr": 0.01236351648139196, "spearmanr": 0.05231604287379183}, "test_metrics": {"mse": 1142.4419442919727, "mae": 30.11466020345688, "r2": -1.2439441179568078e-05, "kendalltau": 0.05896941092659807, "pearsonr": 0.03845946645381961, "spearmanr": 0.08180223190159018}, "total_time": 5.8492, "epochs": 30}