{"arquitecture": "C", "trainable_params": 19649, "non_trainable_params": 0, "train_metrics": {"mse": 1088.2366988332171, "mae": 28.95576056867995, "r2_score": 0.02118774315534322, "kendalltau": 0.10087598810383887, "pearsonr": 0.15722519389477824, "spearmanr": 0.1503293671364146}, "test_metrics": {"mse": 1132.8148364706087, "mae": 29.815667011908122, "r2": 0.00841444616583642, "kendalltau": 0.056345152853897615, "pearsonr": 0.10672369044974894, "spearmanr": 0.0833946088621102}, "total_time": 15.5008, "epochs": 30}