{"arquitecture": "C", "trainable_params": 18945, "non_trainable_params": 0, "train_metrics": {"mse": 930.8302474890953, "mae": 25.72439021205948, "r2_score": 0.1627666515373527, "kendalltau": 0.2964730777649847, "pearsonr": 0.4378679491427214, "spearmanr": 0.43196275286946284}, "test_metrics": {"mse": 1030.3594846582182, "mae": 27.13946827288185, "r2": 0.0980965755831088, "kendalltau": 0.23674891093031333, "pearsonr": 0.34843700799993416, "spearmanr": 0.3475568691425464}, "total_time": 14.6217, "epochs": 30}