{"arquitecture": "A", "trainable_params": 91921, "non_trainable_params": 0, "train_metrics": {"mse": 1061.8404072827414, "mae": 28.599997902555636, "r2_score": 0.044929833210340164, "kendalltau": 0.2585698207592231, "pearsonr": 0.3318034919124609, "spearmanr": 0.3218470116400411}, "test_metrics": {"mse": 1094.1599332274914, "mae": 29.48858038016728, "r2": 0.04225019973007493, "kendalltau": 0.26122500860734915, "pearsonr": 0.3196563152195144, "spearmanr": 0.32489626993168735}, "total_time": 7.5189, "epochs": 30}