{"arquitecture": "B", "trainable_params": 132881, "non_trainable_params": 0, "train_metrics": {"mse": 1111.7941380681905, "mae": 29.293043575770778, "r2_score": -9.470329105365494e-07, "kendalltau": -0.07845503042725743, "pearsonr": -0.10050472058639698, "spearmanr": -0.1115420559445121}, "test_metrics": {"mse": 1142.4326015256906, "mae": 30.11140004651887, "r2": -4.261447936748652e-06, "kendalltau": -0.06053718350094926, "pearsonr": -0.09071573840464539, "spearmanr": -0.08898623834076519}, "total_time": 6.3044, "epochs": 30}