{"arquitecture": "C", "trainable_params": 19649, "non_trainable_params": 0, "train_metrics": {"mse": 940.8943553843161, "mae": 26.585909408379422, "r2_score": 0.15371451042447626, "kendalltau": 0.29778173096177074, "pearsonr": 0.4254009669814741, "spearmanr": 0.4334004294132319}, "test_metrics": {"mse": 949.037861466345, "mae": 26.67545572561877, "r2": 0.1692797417770121, "kendalltau": 0.3209749992601869, "pearsonr": 0.4403213788499275, "spearmanr": 0.46225505714005155}, "total_time": 22.2256, "epochs": 30}