{"arquitecture": "B", "trainable_params": 132881, "non_trainable_params": 0, "train_metrics": {"mse": 1111.8052183701147, "mae": 29.286088442220365, "r2_score": -1.0913187649563838e-05, "kendalltau": 0.1547707346304369, "pearsonr": 0.23000331893877438, "spearmanr": 0.22184469296512704}, "test_metrics": {"mse": 1142.4274683366311, "mae": 30.106143053088868, "r2": 2.3178074703977813e-07, "kendalltau": 0.20149703687615714, "pearsonr": 0.27714950416417167, "spearmanr": 0.283972827288656}, "total_time": 6.328, "epochs": 30}