{"arquitecture": "C", "trainable_params": 18945, "non_trainable_params": 0, "train_metrics": {"mse": 1043.8907272542015, "mae": 26.426325705588976, "r2_score": 0.06107463593314122, "kendalltau": 0.320610743841016, "pearsonr": 0.4749880111599418, "spearmanr": 0.4647499175827287}, "test_metrics": {"mse": 1146.7638388322614, "mae": 27.539236073515244, "r2": -0.003795518593547431, "kendalltau": 0.24942606665304043, "pearsonr": 0.37274852797716884, "spearmanr": 0.36585342474373617}, "total_time": 18.1389, "epochs": 30}