{"arquitecture": "D", "trainable_params": 18625, "non_trainable_params": 0, "train_metrics": {"mse": 1436.6115325719145, "mae": 29.713843692598758, "r2_score": -0.29215728334970126, "kendalltau": 0.24027696612427357, "pearsonr": 0.3832289885842915, "spearmanr": 0.35425370032613124}, "test_metrics": {"mse": 1484.2287413800352, "mae": 29.737203791737556, "r2": -0.2991882972889459, "kendalltau": 0.22905807456621854, "pearsonr": 0.3665888567530466, "spearmanr": 0.3387041661692868}, "total_time": 13.3162, "epochs": 30}