{"arquitecture": "A", "trainable_params": 67345, "non_trainable_params": 0, "train_metrics": {"mse": null, "mae": null, "r2_score": null, "kendalltau": null, "pearsonr": null, "spearmanr": null}, "test_metrics": {"mse": 1142.4287566801045, "mae": 30.105176027332032, "r2": -8.959435158217843e-07, "kendalltau": -0.04552431581619754, "pearsonr": -0.06341528272356302, "spearmanr": -0.05544499593303779}, "total_time": 7.0935, "epochs": 30}