{"arquitecture": "B", "trainable_params": 91921, "non_trainable_params": 0, "train_metrics": {"mse": 1080.3753618271276, "mae": 28.791686303196713, "r2_score": 0.028258606530009, "kendalltau": 0.2515314309360598, "pearsonr": 0.3351384605711994, "spearmanr": 0.3225135034751962}, "test_metrics": {"mse": 1108.454900828902, "mae": 29.595327717917307, "r2": 0.029737401601257263, "kendalltau": 0.26785369599864495, "pearsonr": 0.3577878208468935, "spearmanr": 0.3446532391828663}, "total_time": 5.9249, "epochs": 30}