{"arquitecture": "B", "trainable_params": 132881, "non_trainable_params": 0, "train_metrics": {"mse": 1111.792871952759, "mae": 29.294756035190726, "r2_score": 1.9177200583087028e-07, "kendalltau": 0.1497672277777265, "pearsonr": 0.21777015312374862, "spearmanr": 0.21606777809554675}, "test_metrics": {"mse": 1142.4352261794654, "mae": 30.1126905637128, "r2": -6.558883212992583e-06, "kendalltau": 0.20223834837438434, "pearsonr": 0.27844186879843347, "spearmanr": 0.28868913267484897}, "total_time": 7.1203, "epochs": 30}