{"arquitecture": "D", "trainable_params": 19649, "non_trainable_params": 0, "train_metrics": {"mse": 864.8137703150969, "mae": 24.98866946689246, "r2_score": 0.22214503592826396, "kendalltau": 0.3419003146636074, "pearsonr": 0.4911764420787117, "spearmanr": 0.49493162309558514}, "test_metrics": {"mse": 878.0203066088244, "mae": 25.311696723103523, "r2": 0.23144345926922183, "kendalltau": 0.34992553419177036, "pearsonr": 0.5041546987835392, "spearmanr": 0.5127029210488198}, "total_time": 18.9948, "epochs": 30}