{"arquitecture": "D", "trainable_params": 18945, "non_trainable_params": 0, "train_metrics": {"mse": 939.9338177550813, "mae": 25.677977592994175, "r2_score": 0.15457846401624864, "kendalltau": 0.31288192999651687, "pearsonr": 0.463228279307056, "spearmanr": 0.4524203449525238}, "test_metrics": {"mse": 1038.3743928433103, "mae": 26.936226935258933, "r2": 0.09108089489481053, "kendalltau": 0.2544719269323179, "pearsonr": 0.3764746995668671, "spearmanr": 0.3731167693635657}, "total_time": 17.0217, "epochs": 30}