{"arquitecture": "A", "trainable_params": 218897, "non_trainable_params": 0, "train_metrics": {"accuracy": 0.5905337620578778, "recall": 0.5905337620578778, "precision": 0.5905337620578778, "f1_score": 0.5905337620578778, "mcc": 0.06931174421096174}, "test_metrics": {"accuracy": 0.5817177840465758, "recall": 0.5817177840465758, "precision": 0.5817177840465758, "f1_score": 0.5817177840465758, "mcc": 0.04697292308062189}, "total_time": 126.2822, "epochs": 30}