{"arquitecture": "A", "trainable_params": 526097, "non_trainable_params": 0, "train_metrics": {"accuracy": 0.8383794212218649, "recall": 0.8383794212218649, "precision": 0.8383794212218649, "f1_score": 0.8383794212218649, "mcc": 0.6668412819875137}, "test_metrics": {"accuracy": 0.6631054558549907, "recall": 0.6631054558549907, "precision": 0.6631054558549907, "f1_score": 0.6631054558549907, "mcc": 0.3064042993953657}, "total_time": 182.1069, "epochs": 30}