{"arquitecture": "D", "trainable_params": 20993, "non_trainable_params": 0, "train_metrics": {"accuracy": 0.652604501607717, "recall": 0.652604501607717, "precision": 0.652604501607717, "f1_score": 0.652604501607717, "mcc": 0.2585054396579622}, "test_metrics": {"accuracy": 0.6368765380229278, "recall": 0.6368765380229278, "precision": 0.6368765380229278, "f1_score": 0.6368765380229278, "mcc": 0.22728206819247215}, "total_time": 287.7645, "epochs": 30}