{"arquitecture": "A", "trainable_params": 132881, "non_trainable_params": 0, "train_metrics": {"accuracy": 0.7018906752411576, "recall": 0.7018906752411576, "precision": 0.7018906752411576, "f1_score": 0.7018906752411576, "mcc": 0.3795238406248128}, "test_metrics": {"accuracy": 0.6703079046875938, "recall": 0.6703079046875938, "precision": 0.6703079046875938, "f1_score": 0.6703079046875938, "mcc": 0.31510463014371604}, "total_time": 94.8592, "epochs": 30}