{"arquitecture": "B", "trainable_params": 132881, "non_trainable_params": 0, "train_metrics": {"accuracy": 0.7470868167202572, "recall": 0.7470868167202572, "precision": 0.7470868167202572, "f1_score": 0.7470868167202572, "mcc": 0.47278626217282993}, "test_metrics": {"accuracy": 0.7137626793109657, "recall": 0.7137626793109657, "precision": 0.7137626793109657, "f1_score": 0.7137626793109656, "mcc": 0.40501344662612915}, "total_time": 101.3901, "epochs": 30}