{"arquitecture": "B", "trainable_params": 218897, "non_trainable_params": 0, "train_metrics": {"accuracy": 0.5911511254019293, "recall": 0.5911511254019293, "precision": 0.5911511254019293, "f1_score": 0.5911511254019293, "mcc": 0.07107163251895907}, "test_metrics": {"accuracy": 0.5809375187563771, "recall": 0.5809375187563771, "precision": 0.5809375187563771, "f1_score": 0.5809375187563771, "mcc": 0.04205877446149371}, "total_time": 122.2514, "epochs": 30}