{"arquitecture": "A", "trainable_params": 132881, "non_trainable_params": 0, "train_metrics": {"accuracy": 0.7563215434083601, "recall": 0.7563215434083601, "precision": 0.7563215434083601, "f1_score": 0.7563215434083601, "mcc": 0.49611807335628333}, "test_metrics": {"accuracy": 0.7102214753016025, "recall": 0.7102214753016025, "precision": 0.7102214753016025, "f1_score": 0.7102214753016024, "mcc": 0.4016719692112778}, "total_time": 97.6248, "epochs": 30}