{"arquitecture": "C", "trainable_params": 19649, "non_trainable_params": 0, "train_metrics": {"accuracy": 0.6621479099678457, "recall": 0.6621479099678457, "precision": 0.6621479099678457, "f1_score": 0.6621479099678457, "mcc": 0.2821620572616708}, "test_metrics": {"accuracy": 0.6378368645339415, "recall": 0.6378368645339415, "precision": 0.6378368645339415, "f1_score": 0.6378368645339415, "mcc": 0.23209321948469566}, "total_time": 323.0262, "epochs": 30}