{"arquitecture": "C", "trainable_params": 20993, "non_trainable_params": 0, "train_metrics": {"accuracy": 0.6579549839228296, "recall": 0.6579549839228296, "precision": 0.6579549839228296, "f1_score": 0.6579549839228296, "mcc": 0.27165201818883183}, "test_metrics": {"accuracy": 0.6411379869155512, "recall": 0.6411379869155512, "precision": 0.6411379869155512, "f1_score": 0.6411379869155512, "mcc": 0.23778267867831215}, "total_time": 347.4419, "epochs": 30}