{"arquitecture": "B", "trainable_params": 218897, "non_trainable_params": 0, "train_metrics": {"accuracy": 0.5906109324758843, "recall": 0.5906109324758843, "precision": 0.5906109324758843, "f1_score": 0.5906109324758843, "mcc": 0.06895480013987061}, "test_metrics": {"accuracy": 0.5818378248604525, "recall": 0.5818378248604525, "precision": 0.5818378248604525, "f1_score": 0.5818378248604525, "mcc": 0.047835532489807694}, "total_time": 153.6379, "epochs": 30}