{"arquitecture": "C", "trainable_params": 19649, "non_trainable_params": 0, "train_metrics": {"accuracy": 0.5832540192926045, "recall": 0.5832540192926045, "precision": 0.5832540192926045, "f1_score": 0.5832540192926045, "mcc": 0.013416926383903635}, "test_metrics": {"accuracy": 0.5758357841666166, "recall": 0.5758357841666166, "precision": 0.5758357841666166, "f1_score": 0.5758357841666166, "mcc": 0.0017414740992946775}, "total_time": 336.0432, "epochs": 30}