{"arquitecture": "D", "trainable_params": 19649, "non_trainable_params": 0, "train_metrics": {"accuracy": 0.6805916398713826, "recall": 0.6805916398713826, "precision": 0.6805916398713826, "f1_score": 0.6805916398713826, "mcc": 0.3239346929620314}, "test_metrics": {"accuracy": 0.6526619050477163, "recall": 0.6526619050477163, "precision": 0.6526619050477163, "f1_score": 0.6526619050477163, "mcc": 0.2656955271070062}, "total_time": 357.3594, "epochs": 30}