{"arquitecture": "D", "trainable_params": 20993, "non_trainable_params": 0, "train_metrics": {"accuracy": 0.663459807073955, "recall": 0.663459807073955, "precision": 0.663459807073955, "f1_score": 0.663459807073955, "mcc": 0.28441409828118}, "test_metrics": {"accuracy": 0.6383770481963867, "recall": 0.6383770481963867, "precision": 0.6383770481963867, "f1_score": 0.6383770481963867, "mcc": 0.2332609022159808}, "total_time": 332.2546, "epochs": 30}