{"arquitecture": "C", "trainable_params": 20993, "non_trainable_params": 0, "train_metrics": {"accuracy": 0.6495691318327974, "recall": 0.6495691318327974, "precision": 0.6495691318327974, "f1_score": 0.6495691318327974, "mcc": 0.2510668297474061}, "test_metrics": {"accuracy": 0.6327951503511193, "recall": 0.6327951503511193, "precision": 0.6327951503511193, "f1_score": 0.6327951503511193, "mcc": 0.2171138914626117}, "total_time": 354.5744, "epochs": 30}