{"arquitecture": "A", "trainable_params": 67345, "non_trainable_params": 0, "train_metrics": {"accuracy": 0.6432926045016077, "recall": 0.6432926045016077, "precision": 0.6432926045016077, "f1_score": 0.6432926045016077, "mcc": 0.2838392050214525}, "test_metrics": {"accuracy": 0.636576435988236, "recall": 0.636576435988236, "precision": 0.636576435988236, "f1_score": 0.636576435988236, "mcc": 0.2687989606112617}, "total_time": 87.4306, "epochs": 30}