{"arquitecture": "D", "trainable_params": 20993, "non_trainable_params": 0, "train_metrics": {"accuracy": 0.6525787781350483, "recall": 0.6525787781350483, "precision": 0.6525787781350483, "f1_score": 0.6525787781350483, "mcc": 0.25856432875283525}, "test_metrics": {"accuracy": 0.635916211511914, "recall": 0.635916211511914, "precision": 0.635916211511914, "f1_score": 0.635916211511914, "mcc": 0.2267129672451202}, "total_time": 370.0307, "epochs": 30}