{"arquitecture": "C", "trainable_params": 17793, "non_trainable_params": 0, "train_metrics": {"accuracy": 0.646379421221865, "recall": 0.646379421221865, "precision": 0.646379421221865, "f1_score": 0.646379421221865, "mcc": 0.24267085072031253}, "test_metrics": {"accuracy": 0.6381969869755717, "recall": 0.6381969869755717, "precision": 0.6381969869755717, "f1_score": 0.6381969869755717, "mcc": 0.23052239599471838}, "total_time": 212.8259, "epochs": 30}