{"arquitecture": "D", "trainable_params": 20993, "non_trainable_params": 0, "train_metrics": {"accuracy": 0.6567974276527331, "recall": 0.6567974276527331, "precision": 0.6567974276527331, "f1_score": 0.6567974276527331, "mcc": 0.26823295203947994}, "test_metrics": {"accuracy": 0.6381369665686334, "recall": 0.6381369665686334, "precision": 0.6381369665686334, "f1_score": 0.6381369665686334, "mcc": 0.23160768984336924}, "total_time": 297.8171, "epochs": 30}