{"arquitecture": "C", "trainable_params": 20993, "non_trainable_params": 0, "train_metrics": {"accuracy": 0.6537877813504823, "recall": 0.6537877813504823, "precision": 0.6537877813504823, "f1_score": 0.6537877813504823, "mcc": 0.26088826370082346}, "test_metrics": {"accuracy": 0.6368765380229278, "recall": 0.6368765380229278, "precision": 0.6368765380229278, "f1_score": 0.6368765380229278, "mcc": 0.2273971572548731}, "total_time": 330.0011, "epochs": 30}