{"arquitecture": "A", "trainable_params": 132881, "non_trainable_params": 0, "train_metrics": {"accuracy": 0.7480900321543409, "recall": 0.7480900321543409, "precision": 0.7480900321543409, "f1_score": 0.7480900321543409, "mcc": 0.49653539320192724}, "test_metrics": {"accuracy": 0.6986975571694376, "recall": 0.6986975571694376, "precision": 0.6986975571694376, "f1_score": 0.6986975571694376, "mcc": 0.39464437597550256}, "total_time": 95.6844, "epochs": 30}