{"arquitecture": "D", "trainable_params": 19649, "non_trainable_params": 0, "train_metrics": {"accuracy": 0.5844630225080386, "recall": 0.5844630225080386, "precision": 0.5844630225080386, "f1_score": 0.5844630225080386, "mcc": 0.006014798284370856}, "test_metrics": {"accuracy": 0.5783566412580278, "recall": 0.5783566412580278, "precision": 0.5783566412580278, "f1_score": 0.5783566412580278, "mcc": 0.0}, "total_time": 314.4336, "epochs": 30}