{"arquitecture": "D", "trainable_params": 19649, "non_trainable_params": 0, "train_metrics": {"accuracy": 0.7148810289389067, "recall": 0.7148810289389067, "precision": 0.7148810289389067, "f1_score": 0.7148810289389067, "mcc": 0.4020010128911499}, "test_metrics": {"accuracy": 0.6989376387971911, "recall": 0.6989376387971911, "precision": 0.6989376387971911, "f1_score": 0.6989376387971911, "mcc": 0.37144464958979195}, "total_time": 217.4171, "epochs": 30}