{"arquitecture": "B", "trainable_params": 218897, "non_trainable_params": 0, "train_metrics": {"accuracy": 0.5898392282958199, "recall": 0.5898392282958199, "precision": 0.5898392282958199, "f1_score": 0.5898392282958199, "mcc": 0.06633400723804836}, "test_metrics": {"accuracy": 0.5823780085228978, "recall": 0.5823780085228978, "precision": 0.5823780085228978, "f1_score": 0.5823780085228978, "mcc": 0.05255199633803124}, "total_time": 135.2087, "epochs": 30}