{"arquitecture": "B", "trainable_params": 132881, "non_trainable_params": 0, "train_metrics": {"accuracy": 0.7432797427652733, "recall": 0.7432797427652733, "precision": 0.7432797427652733, "f1_score": 0.7432797427652733, "mcc": 0.4631982783137893}, "test_metrics": {"accuracy": 0.7154432507052397, "recall": 0.7154432507052397, "precision": 0.7154432507052397, "f1_score": 0.7154432507052397, "mcc": 0.4068844255222884}, "total_time": 98.8919, "epochs": 30}