{"arquitecture": "A", "trainable_params": 218897, "non_trainable_params": 0, "train_metrics": {"accuracy": 0.5906109324758843, "recall": 0.5906109324758843, "precision": 0.5906109324758843, "f1_score": 0.5906109324758843, "mcc": 0.0725030312178896}, "test_metrics": {"accuracy": 0.5826781105575896, "recall": 0.5826781105575896, "precision": 0.5826781105575896, "f1_score": 0.5826781105575896, "mcc": 0.05474087972729486}, "total_time": 110.9219, "epochs": 30}