{"arquitecture": "D", "trainable_params": 18625, "non_trainable_params": 0, "train_metrics": {"accuracy": 0.6274983922829582, "recall": 0.6274983922829582, "precision": 0.6274983922829582, "f1_score": 0.6274983922829582, "mcc": 0.194686671878509}, "test_metrics": {"accuracy": 0.6092671508312827, "recall": 0.6092671508312827, "precision": 0.6092671508312827, "f1_score": 0.6092671508312827, "mcc": 0.15693081380002707}, "total_time": 171.2047, "epochs": 30}