{"arquitecture": "C", "trainable_params": 19649, "non_trainable_params": 0, "train_metrics": {"accuracy": 0.5846945337620579, "recall": 0.5846945337620579, "precision": 0.5846945337620579, "f1_score": 0.5846945337620579, "mcc": 0.016343642302649165}, "test_metrics": {"accuracy": 0.5782966208510893, "recall": 0.5782966208510893, "precision": 0.5782966208510893, "f1_score": 0.5782966208510893, "mcc": 0.0010734284090522003}, "total_time": 343.1288, "epochs": 30}