{"arquitecture": "A", "trainable_params": 18193, "non_trainable_params": 0, "train_metrics": {"accuracy": 0.6738006430868168, "recall": 0.6738006430868168, "precision": 0.6738006430868168, "f1_score": 0.6738006430868168, "mcc": 0.3116323135479196}, "test_metrics": {"accuracy": 0.6437788848208391, "recall": 0.6437788848208391, "precision": 0.6437788848208391, "f1_score": 0.6437788848208391, "mcc": 0.25083959386032134}, "total_time": 83.7119, "epochs": 30}