{"arquitecture": "C", "trainable_params": 25793, "non_trainable_params": 0, "train_metrics": {"accuracy": 0.7016848874598071, "recall": 0.7016848874598071, "precision": 0.7016848874598071, "f1_score": 0.7016848874598071, "mcc": 0.3717121901829937}, "test_metrics": {"accuracy": 0.6749894964287858, "recall": 0.6749894964287858, "precision": 0.6749894964287858, "f1_score": 0.6749894964287858, "mcc": 0.3173475460707009}, "total_time": 270.5651, "epochs": 30}