{"arquitecture": "B", "trainable_params": 218897, "non_trainable_params": 0, "train_metrics": {"accuracy": 0.5896848874598071, "recall": 0.5896848874598071, "precision": 0.5896848874598071, "f1_score": 0.5896848874598071, "mcc": 0.06644356853816052}, "test_metrics": {"accuracy": 0.5824980493367745, "recall": 0.5824980493367745, "precision": 0.5824980493367745, "f1_score": 0.5824980493367745, "mcc": 0.05383530244821996}, "total_time": 124.3804, "epochs": 30}