{"arquitecture": "C", "trainable_params": 20993, "non_trainable_params": 0, "train_metrics": {"accuracy": 0.6576977491961414, "recall": 0.6576977491961414, "precision": 0.6576977491961414, "f1_score": 0.6576977491961414, "mcc": 0.2704054798039256}, "test_metrics": {"accuracy": 0.6401176399975992, "recall": 0.6401176399975992, "precision": 0.6401176399975992, "f1_score": 0.6401176399975992, "mcc": 0.23532847469100293}, "total_time": 267.8715, "epochs": 30}