{"arquitecture": "B", "trainable_params": 218897, "non_trainable_params": 0, "train_metrics": {"accuracy": 0.6345980707395499, "recall": 0.6345980707395499, "precision": 0.6345980707395499, "f1_score": 0.6345980707395499, "mcc": 0.2220973942513126}, "test_metrics": {"accuracy": 0.6251125382630094, "recall": 0.6251125382630094, "precision": 0.6251125382630094, "f1_score": 0.6251125382630094, "mcc": 0.20828472207235757}, "total_time": 117.7222, "epochs": 30}