{"arquitecture": "A", "trainable_params": 218897, "non_trainable_params": 0, "train_metrics": {"accuracy": 0.5906623794212219, "recall": 0.5906623794212219, "precision": 0.5906623794212219, "f1_score": 0.5906623794212219, "mcc": 0.07063204234493739}, "test_metrics": {"accuracy": 0.5819578656743293, "recall": 0.5819578656743293, "precision": 0.5819578656743293, "f1_score": 0.5819578656743293, "mcc": 0.04885998439937765}, "total_time": 133.4874, "epochs": 30}