{"arquitecture": "A", "trainable_params": 218897, "non_trainable_params": 0, "train_metrics": {"accuracy": 0.9485787781350482, "recall": 0.9485787781350482, "precision": 0.9485787781350482, "f1_score": 0.9485787781350482, "mcc": 0.8943477812151187}, "test_metrics": {"accuracy": 0.6104675589700498, "recall": 0.6104675589700498, "precision": 0.6104675589700498, "f1_score": 0.6104675589700498, "mcc": 0.2020004163374538}, "total_time": 118.1661, "epochs": 30}