{"arquitecture": "B", "trainable_params": 132881, "non_trainable_params": 0, "train_metrics": {"accuracy": 0.6713054662379421, "recall": 0.6713054662379421, "precision": 0.6713054662379421, "f1_score": 0.6713054662379421, "mcc": 0.3046308182655694}, "test_metrics": {"accuracy": 0.6533221295240381, "recall": 0.6533221295240381, "precision": 0.6533221295240381, "f1_score": 0.6533221295240381, "mcc": 0.26869027874248064}, "total_time": 101.7755, "epochs": 30}