{"arquitecture": "D", "trainable_params": 20993, "non_trainable_params": 0, "train_metrics": {"accuracy": 0.6519871382636656, "recall": 0.6519871382636656, "precision": 0.6519871382636656, "f1_score": 0.6519871382636656, "mcc": 0.2567278462868846}, "test_metrics": {"accuracy": 0.6378968849408799, "recall": 0.6378968849408799, "precision": 0.6378968849408799, "f1_score": 0.6378968849408799, "mcc": 0.22978830053154475}, "total_time": 322.887, "epochs": 30}