{"arquitecture": "C", "trainable_params": 19649, "non_trainable_params": 0, "train_metrics": {"accuracy": 0.7203858520900321, "recall": 0.7203858520900321, "precision": 0.7203858520900321, "f1_score": 0.7203858520900321, "mcc": 0.4137553526307429}, "test_metrics": {"accuracy": 0.6988175979833143, "recall": 0.6988175979833143, "precision": 0.6988175979833143, "f1_score": 0.6988175979833143, "mcc": 0.3705529964144271}, "total_time": 280.2628, "epochs": 30}