{"arquitecture": "D", "trainable_params": 19649, "non_trainable_params": 0, "train_metrics": {"accuracy": 0.7214147909967845, "recall": 0.7214147909967845, "precision": 0.7214147909967845, "f1_score": 0.7214147909967845, "mcc": 0.4153361475716236}, "test_metrics": {"accuracy": 0.6965968429265951, "recall": 0.6965968429265951, "precision": 0.6965968429265951, "f1_score": 0.6965968429265951, "mcc": 0.3651777164099295}, "total_time": 321.8562, "epochs": 30}