{"arquitecture": "C", "trainable_params": 19649, "non_trainable_params": 0, "train_metrics": {"accuracy": 0.7149581993569132, "recall": 0.7149581993569132, "precision": 0.7149581993569132, "f1_score": 0.7149581993569132, "mcc": 0.4019886455605729}, "test_metrics": {"accuracy": 0.6887941900246084, "recall": 0.6887941900246084, "precision": 0.6887941900246084, "f1_score": 0.6887941900246084, "mcc": 0.3484678414860104}, "total_time": 303.2186, "epochs": 30}