{"arquitecture": "A", "trainable_params": 132881, "non_trainable_params": 0, "train_metrics": {"accuracy": 0.7110225080385852, "recall": 0.7110225080385852, "precision": 0.7110225080385852, "f1_score": 0.7110225080385854, "mcc": 0.39734361211603314}, "test_metrics": {"accuracy": 0.6582438028929836, "recall": 0.6582438028929836, "precision": 0.6582438028929836, "f1_score": 0.6582438028929836, "mcc": 0.2878304686319682}, "total_time": 97.292, "epochs": 30}