{"arquitecture": "B", "trainable_params": 526097, "non_trainable_params": 0, "train_metrics": {"accuracy": 0.735331189710611, "recall": 0.735331189710611, "precision": 0.735331189710611, "f1_score": 0.7353311897106111, "mcc": 0.4517832370537042}, "test_metrics": {"accuracy": 0.6805713942740532, "recall": 0.6805713942740532, "precision": 0.6805713942740532, "f1_score": 0.6805713942740532, "mcc": 0.3310275856870775}, "total_time": 187.1924, "epochs": 30}