{"arquitecture": "A", "trainable_params": 218897, "non_trainable_params": 0, "train_metrics": {"accuracy": 0.9029967845659164, "recall": 0.9029967845659164, "precision": 0.9029967845659164, "f1_score": 0.9029967845659164, "mcc": 0.7998146180253352}, "test_metrics": {"accuracy": 0.6049456815317208, "recall": 0.6049456815317208, "precision": 0.6049456815317208, "f1_score": 0.6049456815317208, "mcc": 0.18826307140879975}, "total_time": 107.1136, "epochs": 30}