{"arquitecture": "D", "trainable_params": 20993, "non_trainable_params": 0, "train_metrics": {"accuracy": 0.6490546623794212, "recall": 0.6490546623794212, "precision": 0.6490546623794212, "f1_score": 0.6490546623794212, "mcc": 0.2492520200412998}, "test_metrics": {"accuracy": 0.6259528239601464, "recall": 0.6259528239601464, "precision": 0.6259528239601464, "f1_score": 0.6259528239601464, "mcc": 0.2008065258746704}, "total_time": 341.3866, "epochs": 30}