{"arquitecture": "C", "trainable_params": 19649, "non_trainable_params": 0, "train_metrics": {"accuracy": 0.5852090032154341, "recall": 0.5852090032154341, "precision": 0.5852090032154341, "f1_score": 0.5852090032154341, "mcc": 0.02870545377694894}, "test_metrics": {"accuracy": 0.5794970289898566, "recall": 0.5794970289898566, "precision": 0.5794970289898566, "f1_score": 0.5794970289898566, "mcc": 0.0299698907773694}, "total_time": 360.3329, "epochs": 30}