{"arquitecture": "B", "trainable_params": 218897, "non_trainable_params": 0, "train_metrics": {"accuracy": 0.5896848874598071, "recall": 0.5896848874598071, "precision": 0.5896848874598071, "f1_score": 0.5896848874598071, "mcc": 0.06149997595545969}, "test_metrics": {"accuracy": 0.5809375187563771, "recall": 0.5809375187563771, "precision": 0.5809375187563771, "f1_score": 0.5809375187563771, "mcc": 0.043724114480229004}, "total_time": 121.5226, "epochs": 30}