{"arquitecture": "D", "trainable_params": 17793, "non_trainable_params": 0, "train_metrics": {"accuracy": 0.6421607717041801, "recall": 0.6421607717041801, "precision": 0.6421607717041801, "f1_score": 0.6421607717041801, "mcc": 0.23464324725858596}, "test_metrics": {"accuracy": 0.6343556809315167, "recall": 0.6343556809315167, "precision": 0.6343556809315167, "f1_score": 0.6343556809315167, "mcc": 0.22374450837992269}, "total_time": 248.4428, "epochs": 30}