{"arquitecture": "A", "trainable_params": 132881, "non_trainable_params": 0, "train_metrics": {"accuracy": 0.7695691318327974, "recall": 0.7695691318327974, "precision": 0.7695691318327974, "f1_score": 0.7695691318327973, "mcc": 0.521521403171689}, "test_metrics": {"accuracy": 0.6931756797311086, "recall": 0.6931756797311086, "precision": 0.6931756797311086, "f1_score": 0.6931756797311086, "mcc": 0.35758173803025806}, "total_time": 100.0651, "epochs": 30}