{"arquitecture": "B", "trainable_params": 218897, "non_trainable_params": 0, "train_metrics": {"accuracy": 0.5903022508038586, "recall": 0.5903022508038586, "precision": 0.5903022508038586, "f1_score": 0.5903022508038586, "mcc": 0.06667169777503205}, "test_metrics": {"accuracy": 0.5817177840465758, "recall": 0.5817177840465758, "precision": 0.5817177840465758, "f1_score": 0.5817177840465758, "mcc": 0.047012890595521696}, "total_time": 126.8929, "epochs": 30}