{"arquitecture": "A", "trainable_params": 218897, "non_trainable_params": 0, "train_metrics": {"accuracy": 0.5899935691318328, "recall": 0.5899935691318328, "precision": 0.5899935691318328, "f1_score": 0.5899935691318328, "mcc": 0.07131750834459483}, "test_metrics": {"accuracy": 0.5831582738130965, "recall": 0.5831582738130965, "precision": 0.5831582738130965, "f1_score": 0.5831582738130965, "mcc": 0.061507107981466885}, "total_time": 107.3069, "epochs": 30}