{"arquitecture": "D", "trainable_params": 20993, "non_trainable_params": 0, "train_metrics": {"accuracy": 0.6633569131832797, "recall": 0.6633569131832797, "precision": 0.6633569131832797, "f1_score": 0.6633569131832797, "mcc": 0.28600296596002006}, "test_metrics": {"accuracy": 0.6423383950543184, "recall": 0.6423383950543184, "precision": 0.6423383950543184, "f1_score": 0.6423383950543184, "mcc": 0.24105433405524623}, "total_time": 334.0905, "epochs": 30}