{"arquitecture": "C", "trainable_params": 19649, "non_trainable_params": 0, "train_metrics": {"accuracy": 0.678636655948553, "recall": 0.678636655948553, "precision": 0.678636655948553, "f1_score": 0.678636655948553, "mcc": 0.3202341939635889}, "test_metrics": {"accuracy": 0.6554228437668808, "recall": 0.6554228437668808, "precision": 0.6554228437668808, "f1_score": 0.6554228437668808, "mcc": 0.27287951599247373}, "total_time": 321.0965, "epochs": 30}