{"arquitecture": "C", "trainable_params": 20993, "non_trainable_params": 0, "train_metrics": {"accuracy": 0.6619935691318328, "recall": 0.6619935691318328, "precision": 0.6619935691318328, "f1_score": 0.6619935691318328, "mcc": 0.2821147199014792}, "test_metrics": {"accuracy": 0.6416781705779965, "recall": 0.6416781705779965, "precision": 0.6416781705779965, "f1_score": 0.6416781705779965, "mcc": 0.2392346242202101}, "total_time": 335.7778, "epochs": 30}