{"arquitecture": "B", "trainable_params": 18193, "non_trainable_params": 0, "train_metrics": {"accuracy": 0.6388938906752412, "recall": 0.6388938906752412, "precision": 0.6388938906752412, "f1_score": 0.6388938906752412, "mcc": 0.2305724053203996}, "test_metrics": {"accuracy": 0.6305743952944001, "recall": 0.6305743952944001, "precision": 0.6305743952944001, "f1_score": 0.6305743952944001, "mcc": 0.2180356664153186}, "total_time": 87.5127, "epochs": 30}