{"arquitecture": "B", "trainable_params": 132881, "non_trainable_params": 0, "train_metrics": {"accuracy": 0.6857877813504824, "recall": 0.6857877813504824, "precision": 0.6857877813504824, "f1_score": 0.6857877813504824, "mcc": 0.33582700779126506}, "test_metrics": {"accuracy": 0.6537422723726067, "recall": 0.6537422723726067, "precision": 0.6537422723726067, "f1_score": 0.6537422723726067, "mcc": 0.2681663189972455}, "total_time": 100.2621, "epochs": 30}