{"arquitecture": "D", "trainable_params": 19649, "non_trainable_params": 0, "train_metrics": {"accuracy": 0.5840257234726688, "recall": 0.5840257234726688, "precision": 0.5840257234726688, "f1_score": 0.5840257234726688, "mcc": 0.005026610877220486}, "test_metrics": {"accuracy": 0.5782966208510893, "recall": 0.5782966208510893, "precision": 0.5782966208510893, "f1_score": 0.5782966208510893, "mcc": 0.009762200700966717}, "total_time": 366.84, "epochs": 30}