{"arquitecture": "C", "trainable_params": 20993, "non_trainable_params": 0, "train_metrics": {"accuracy": 0.6578263665594856, "recall": 0.6578263665594856, "precision": 0.6578263665594856, "f1_score": 0.6578263665594856, "mcc": 0.27068851240648123}, "test_metrics": {"accuracy": 0.638917231858832, "recall": 0.638917231858832, "precision": 0.638917231858832, "f1_score": 0.638917231858832, "mcc": 0.23244321984867222}, "total_time": 347.1856, "epochs": 30}