{"arquitecture": "C", "trainable_params": 19649, "non_trainable_params": 0, "train_metrics": {"accuracy": 0.7026109324758842, "recall": 0.7026109324758842, "precision": 0.7026109324758842, "f1_score": 0.7026109324758842, "mcc": 0.3744982675222213}, "test_metrics": {"accuracy": 0.6755897004981694, "recall": 0.6755897004981694, "precision": 0.6755897004981694, "f1_score": 0.6755897004981694, "mcc": 0.31950758736933893}, "total_time": 271.5702, "epochs": 30}