{"arquitecture": "C", "trainable_params": 20993, "non_trainable_params": 0, "train_metrics": {"accuracy": 0.6545852090032155, "recall": 0.6545852090032155, "precision": 0.6545852090032155, "f1_score": 0.6545852090032155, "mcc": 0.26619483115197495}, "test_metrics": {"accuracy": 0.6406578236600444, "recall": 0.6406578236600444, "precision": 0.6406578236600444, "f1_score": 0.6406578236600444, "mcc": 0.23816285112014354}, "total_time": 288.4008, "epochs": 30}