{"arquitecture": "A", "trainable_params": 218897, "non_trainable_params": 0, "train_metrics": {"accuracy": 0.5858263665594855, "recall": 0.5858263665594855, "precision": 0.5858263665594855, "f1_score": 0.5858263665594855, "mcc": 0.05693742034690765}, "test_metrics": {"accuracy": 0.5733749474821439, "recall": 0.5733749474821439, "precision": 0.5733749474821439, "f1_score": 0.5733749474821439, "mcc": 0.028404076988958585}, "total_time": 113.4703, "epochs": 30}