{"arquitecture": "C", "trainable_params": 19649, "non_trainable_params": 0, "train_metrics": {"accuracy": 0.5843858520900321, "recall": 0.5843858520900321, "precision": 0.5843858520900321, "f1_score": 0.5843858520900321, "mcc": 0.02050417806137421}, "test_metrics": {"accuracy": 0.5778764780025208, "recall": 0.5778764780025208, "precision": 0.5778764780025208, "f1_score": 0.5778764780025208, "mcc": 0.015004420238384419}, "total_time": 362.3565, "epochs": 30}