{"arquitecture": "D", "trainable_params": 19649, "non_trainable_params": 0, "train_metrics": {"accuracy": 0.6512668810289389, "recall": 0.6512668810289389, "precision": 0.6512668810289389, "f1_score": 0.6512668810289389, "mcc": 0.2549140866625885}, "test_metrics": {"accuracy": 0.6356161094772222, "recall": 0.6356161094772222, "precision": 0.6356161094772222, "f1_score": 0.6356161094772222, "mcc": 0.22421734298786417}, "total_time": 340.1689, "epochs": 30}