{"arquitecture": "C", "trainable_params": 20993, "non_trainable_params": 0, "train_metrics": {"accuracy": 0.6594726688102894, "recall": 0.6594726688102894, "precision": 0.6594726688102894, "f1_score": 0.6594726688102894, "mcc": 0.27543107391322624}, "test_metrics": {"accuracy": 0.6392773543004622, "recall": 0.6392773543004622, "precision": 0.6392773543004622, "f1_score": 0.6392773543004622, "mcc": 0.2332016433928825}, "total_time": 322.5267, "epochs": 30}