{"arquitecture": "D", "trainable_params": 19649, "non_trainable_params": 0, "train_metrics": {"accuracy": 0.7170418006430869, "recall": 0.7170418006430869, "precision": 0.7170418006430869, "f1_score": 0.7170418006430868, "mcc": 0.40691543705068844}, "test_metrics": {"accuracy": 0.6901746593841906, "recall": 0.6901746593841906, "precision": 0.6901746593841906, "f1_score": 0.6901746593841906, "mcc": 0.3525624266680376}, "total_time": 312.9937, "epochs": 30}