{"arquitecture": "B", "trainable_params": 132881, "non_trainable_params": 0, "train_metrics": {"accuracy": 0.736540192926045, "recall": 0.736540192926045, "precision": 0.736540192926045, "f1_score": 0.736540192926045, "mcc": 0.45032797149060594}, "test_metrics": {"accuracy": 0.6943760878698758, "recall": 0.6943760878698758, "precision": 0.6943760878698758, "f1_score": 0.6943760878698758, "mcc": 0.3608235804947499}, "total_time": 97.8892, "epochs": 30}