{"arquitecture": "C", "trainable_params": 18625, "non_trainable_params": 0, "train_metrics": {"accuracy": 0.6354469453376206, "recall": 0.6354469453376206, "precision": 0.6354469453376206, "f1_score": 0.6354469453376206, "mcc": 0.21940071455477608}, "test_metrics": {"accuracy": 0.6100474161214813, "recall": 0.6100474161214813, "precision": 0.6100474161214813, "f1_score": 0.6100474161214813, "mcc": 0.16559723368558044}, "total_time": 167.7921, "epochs": 30}