{"arquitecture": "B", "trainable_params": 67345, "non_trainable_params": 0, "train_metrics": {"accuracy": 0.6237942122186495, "recall": 0.6237942122186495, "precision": 0.6237942122186495, "f1_score": 0.6237942122186495, "mcc": 0.18414668146143653}, "test_metrics": {"accuracy": 0.6042254366484605, "recall": 0.6042254366484605, "precision": 0.6042254366484605, "f1_score": 0.6042254366484605, "mcc": 0.1415432189609518}, "total_time": 89.0264, "epochs": 30}