{"arquitecture": "C", "trainable_params": 19649, "non_trainable_params": 0, "train_metrics": {"accuracy": 0.5859807073954983, "recall": 0.5859807073954983, "precision": 0.5859807073954983, "f1_score": 0.5859807073954983, "mcc": 0.04196977594766843}, "test_metrics": {"accuracy": 0.5784166616649661, "recall": 0.5784166616649661, "precision": 0.5784166616649661, "f1_score": 0.5784166616649661, "mcc": 0.03117810513840809}, "total_time": 359.5811, "epochs": 30}