{"arquitecture": "A", "trainable_params": 218897, "non_trainable_params": 0, "train_metrics": {"accuracy": 0.5905337620578778, "recall": 0.5905337620578778, "precision": 0.5905337620578778, "f1_score": 0.5905337620578778, "mcc": 0.06999222886477409}, "test_metrics": {"accuracy": 0.5830382329992198, "recall": 0.5830382329992198, "precision": 0.5830382329992198, "f1_score": 0.5830382329992198, "mcc": 0.056741117623650264}, "total_time": 115.4418, "epochs": 30}