{"arquitecture": "D", "trainable_params": 20993, "non_trainable_params": 0, "train_metrics": {"accuracy": 0.6561543408360129, "recall": 0.6561543408360129, "precision": 0.6561543408360129, "f1_score": 0.6561543408360129, "mcc": 0.26658741097053756}, "test_metrics": {"accuracy": 0.6330952523858112, "recall": 0.6330952523858112, "precision": 0.6330952523858112, "f1_score": 0.6330952523858112, "mcc": 0.21926261957389515}, "total_time": 309.6606, "epochs": 30}