{"arquitecture": "C", "trainable_params": 19649, "non_trainable_params": 0, "train_metrics": {"accuracy": 0.5891446945337621, "recall": 0.5891446945337621, "precision": 0.5891446945337621, "f1_score": 0.5891446945337621, "mcc": 0.0629599304633037}, "test_metrics": {"accuracy": 0.5815377228257608, "recall": 0.5815377228257608, "precision": 0.5815377228257608, "f1_score": 0.5815377228257608, "mcc": 0.052863600265224374}, "total_time": 341.2876, "epochs": 30}