{"arquitecture": "A", "trainable_params": 67345, "non_trainable_params": 0, "train_metrics": {"accuracy": 0.6727717041800643, "recall": 0.6727717041800643, "precision": 0.6727717041800643, "f1_score": 0.6727717041800643, "mcc": 0.3194368815895994}, "test_metrics": {"accuracy": 0.6168897425124542, "recall": 0.6168897425124542, "precision": 0.6168897425124542, "f1_score": 0.6168897425124542, "mcc": 0.20386865802078824}, "total_time": 86.6331, "epochs": 30}