{"arquitecture": "B", "trainable_params": 218897, "non_trainable_params": 0, "train_metrics": {"accuracy": 0.5890932475884244, "recall": 0.5890932475884244, "precision": 0.5890932475884244, "f1_score": 0.5890932475884244, "mcc": 0.0617779895555377}, "test_metrics": {"accuracy": 0.5779364984094593, "recall": 0.5779364984094593, "precision": 0.5779364984094593, "f1_score": 0.5779364984094593, "mcc": 0.035071508096766124}, "total_time": 141.4345, "epochs": 30}